Comparison_group,Pair_ID,Pair_short,Pair_label,Population_1,Population_2,Country_1,Country_2,Location_1,Location_2,N_population_1,N_population_2,Contig,Region,Genomic_start_POS,Genomic_end_POS,Distance_from_CEN_start,Distance_from_CEN_end,Distance_from_CEN_midpoint_Mb,Window_size_bp,FST0,FST4,Total_sites_available,N_sites_FST4,N_sites_FST0,Pair_order,FST4_above_0p05,FST0_above_0p05,Either_FST_above_0p05,FST4_class_specific,FST0_class_specific,FST4_joint_window,FST0_joint_window
With Nigeria,Nigeria_Gombe_vs_BurkinaFaso_BanaVillage,NG_Gombe_vs_BF_BanaVil,NG_Gombe vs BF_BanaVil,Nigeria_Gombe,BurkinaFaso_BanaVillage,Nigeria,Burkina Faso,Gombe,Bana Village,57,120,3R,3R:52200685-53200684,52200685,53200684,0,1000000,0.5,1000000,0.0162669320847164,0.026708787577616,,2594,11296,1,False,False,False,0.026708787577616,0.0162669320847164,0.026708787577616,0.0162669320847164
With Nigeria,Nigeria_Gombe_vs_BurkinaFaso_BanaVillage,NG_Gombe_vs_BF_BanaVil,NG_Gombe vs BF_BanaVil,Nigeria_Gombe,BurkinaFaso_BanaVillage,Nigeria,Burkina Faso,Gombe,Bana Village,57,120,3R,3R:51200685-52200684,51200685,52200684,1000000,2000000,1.5,1000000,0.0018147389178339,0.0010524714891148,,13121,53535,1,False,False,False,0.0010524714891148,0.0018147389178339,0.0010524714891148,0.0018147389178339
With Nigeria,Nigeria_Gombe_vs_BurkinaFaso_BanaVillage,NG_Gombe_vs_BF_BanaVil,NG_Gombe vs BF_BanaVil,Nigeria_Gombe,BurkinaFaso_BanaVillage,Nigeria,Burkina Faso,Gombe,Bana Village,57,120,3R,3R:50200685-51200684,50200685,51200684,2000000,3000000,2.5,1000000,0.0018943765387554,0.0007398304964677,,8386,34569,1,False,False,False,0.0007398304964677,0.0018943765387554,0.0007398304964677,0.0018943765387554
With Nigeria,Nigeria_Gombe_vs_BurkinaFaso_BanaVillage,NG_Gombe_vs_BF_BanaVil,NG_Gombe vs BF_BanaVil,Nigeria_Gombe,BurkinaFaso_BanaVillage,Nigeria,Burkina Faso,Gombe,Bana Village,57,120,3R,3R:49200685-50200684,49200685,50200684,3000000,4000000,3.5,1000000,0.0019220587439655,0.0029491125520184,,10742,43712,1,False,False,False,0.0029491125520184,0.0019220587439655,0.0029491125520184,0.0019220587439655
With Nigeria,Nigeria_Gombe_vs_BurkinaFaso_BanaVillage,NG_Gombe_vs_BF_BanaVil,NG_Gombe vs BF_BanaVil,Nigeria_Gombe,BurkinaFaso_BanaVillage,Nigeria,Burkina Faso,Gombe,Bana Village,57,120,3R,3R:48200685-49200684,48200685,49200684,4000000,5000000,4.5,1000000,0.0009665825289368,0.0003006832884342,,11478,46164,1,False,False,False,0.0003006832884342,0.0009665825289368,0.0003006832884342,0.0009665825289368
With Nigeria,Nigeria_Gombe_vs_BurkinaFaso_BanaVillage,NG_Gombe_vs_BF_BanaVil,NG_Gombe vs BF_BanaVil,Nigeria_Gombe,BurkinaFaso_BanaVillage,Nigeria,Burkina Faso,Gombe,Bana Village,57,120,3R,3R:47200685-48200684,47200685,48200684,5000000,6000000,5.5,1000000,0.0002825506282004,0.0013247456481725,,15586,61531,1,False,False,False,0.0013247456481725,0.0002825506282004,0.0013247456481725,0.0002825506282004
With Nigeria,Nigeria_Gombe_vs_BurkinaFaso_BanaVillage,NG_Gombe_vs_BF_BanaVil,NG_Gombe vs BF_BanaVil,Nigeria_Gombe,BurkinaFaso_BanaVillage,Nigeria,Burkina Faso,Gombe,Bana Village,57,120,3R,3R:46200685-47200684,46200685,47200684,6000000,7000000,6.5,1000000,0.0,0.0001735497272657,,6874,27275,1,False,False,False,0.0001735497272657,0.0,0.0001735497272657,0.0
With Nigeria,Nigeria_Gombe_vs_BurkinaFaso_BanaVillage,NG_Gombe_vs_BF_BanaVil,NG_Gombe vs BF_BanaVil,Nigeria_Gombe,BurkinaFaso_BanaVillage,Nigeria,Burkina Faso,Gombe,Bana Village,57,120,3R,3R:45200685-46200684,45200685,46200684,7000000,8000000,7.5,1000000,0.002360215798098,0.0030113001833196,,8172,32093,1,False,False,False,0.0030113001833196,0.002360215798098,0.0030113001833196,0.002360215798098
With Nigeria,Nigeria_Gombe_vs_BurkinaFaso_BanaVillage,NG_Gombe_vs_BF_BanaVil,NG_Gombe vs BF_BanaVil,Nigeria_Gombe,BurkinaFaso_BanaVillage,Nigeria,Burkina Faso,Gombe,Bana Village,57,120,3R,3R:44200685-45200684,44200685,45200684,8000000,9000000,8.5,1000000,0.0,0.0,,7524,29111,1,False,False,False,0.0,0.0,0.0,0.0
With Nigeria,Nigeria_Gombe_vs_BurkinaFaso_BanaVillage,NG_Gombe_vs_BF_BanaVil,NG_Gombe vs BF_BanaVil,Nigeria_Gombe,BurkinaFaso_BanaVillage,Nigeria,Burkina Faso,Gombe,Bana Village,57,120,3R,3R:43200685-44200684,43200685,44200684,9000000,10000000,9.5,1000000,0.0018960519075747,0.0019713982947096,,15577,58548,1,False,False,False,0.0019713982947096,0.0018960519075747,0.0019713982947096,0.0018960519075747
With Nigeria,Nigeria_Gombe_vs_BurkinaFaso_BanaVillage,NG_Gombe_vs_BF_BanaVil,NG_Gombe vs BF_BanaVil,Nigeria_Gombe,BurkinaFaso_BanaVillage,Nigeria,Burkina Faso,Gombe,Bana Village,57,120,3R,3R:42200685-43200684,42200685,43200684,10000000,11000000,10.5,1000000,2.223076450890996e-05,0.0010281259485409,,4926,20567,1,False,False,False,0.0010281259485409,2.223076450890996e-05,0.0010281259485409,2.223076450890996e-05
With Nigeria,Nigeria_Gombe_vs_BurkinaFaso_BanaVillage,NG_Gombe_vs_BF_BanaVil,NG_Gombe vs BF_BanaVil,Nigeria_Gombe,BurkinaFaso_BanaVillage,Nigeria,Burkina Faso,Gombe,Bana Village,57,120,3R,3R:41200685-42200684,41200685,42200684,11000000,12000000,11.5,1000000,0.0,0.0001479203678039,,6292,25544,1,False,False,False,0.0001479203678039,0.0,0.0001479203678039,0.0
With Nigeria,Nigeria_Gombe_vs_BurkinaFaso_BanaVillage,NG_Gombe_vs_BF_BanaVil,NG_Gombe vs BF_BanaVil,Nigeria_Gombe,BurkinaFaso_BanaVillage,Nigeria,Burkina Faso,Gombe,Bana Village,57,120,3R,3R:40200685-41200684,40200685,41200684,12000000,13000000,12.5,1000000,0.0071479525770195,0.0,,154,943,1,False,False,False,0.0,0.0071479525770195,0.0,0.0071479525770195
With Nigeria,Nigeria_Gombe_vs_BurkinaFaso_BanaVillage,NG_Gombe_vs_BF_BanaVil,NG_Gombe vs BF_BanaVil,Nigeria_Gombe,BurkinaFaso_BanaVillage,Nigeria,Burkina Faso,Gombe,Bana Village,57,120,3R,3R:39200685-40200684,39200685,40200684,13000000,14000000,13.5,1000000,1.743822251704557e-06,0.0,,929,4046,1,False,False,False,0.0,1.743822251704557e-06,0.0,1.743822251704557e-06
With Nigeria,Nigeria_Gombe_vs_BurkinaFaso_BanaVillage,NG_Gombe_vs_BF_BanaVil,NG_Gombe vs BF_BanaVil,Nigeria_Gombe,BurkinaFaso_BanaVillage,Nigeria,Burkina Faso,Gombe,Bana Village,57,120,3R,3R:38200685-39200684,38200685,39200684,14000000,15000000,14.5,1000000,0.0006504234247517,0.0005409007171119,,3935,15162,1,False,False,False,0.0005409007171119,0.0006504234247517,0.0005409007171119,0.0006504234247517
With Nigeria,Nigeria_Gombe_vs_BurkinaFaso_BanaVillage,NG_Gombe_vs_BF_BanaVil,NG_Gombe vs BF_BanaVil,Nigeria_Gombe,BurkinaFaso_BanaVillage,Nigeria,Burkina Faso,Gombe,Bana Village,57,120,3R,3R:37200685-38200684,37200685,38200684,15000000,16000000,15.5,1000000,0.0,0.0006553237305582,,10427,40318,1,False,False,False,0.0006553237305582,0.0,0.0006553237305582,0.0
With Nigeria,Nigeria_Gombe_vs_BurkinaFaso_BanaVillage,NG_Gombe_vs_BF_BanaVil,NG_Gombe vs BF_BanaVil,Nigeria_Gombe,BurkinaFaso_BanaVillage,Nigeria,Burkina Faso,Gombe,Bana Village,57,120,3R,3R:36200685-37200684,36200685,37200684,16000000,17000000,16.5,1000000,0.0006269715339049,0.0008747325188383,,12882,50124,1,False,False,False,0.0008747325188383,0.0006269715339049,0.0008747325188383,0.0006269715339049
With Nigeria,Nigeria_Gombe_vs_BurkinaFaso_BanaVillage,NG_Gombe_vs_BF_BanaVil,NG_Gombe vs BF_BanaVil,Nigeria_Gombe,BurkinaFaso_BanaVillage,Nigeria,Burkina Faso,Gombe,Bana Village,57,120,3R,3R:35200685-36200684,35200685,36200684,17000000,18000000,17.5,1000000,0.0,0.0009568951245651,,13893,55922,1,False,False,False,0.0009568951245651,0.0,0.0009568951245651,0.0
With Nigeria,Nigeria_Gombe_vs_BurkinaFaso_BanaVillage,NG_Gombe_vs_BF_BanaVil,NG_Gombe vs BF_BanaVil,Nigeria_Gombe,BurkinaFaso_BanaVillage,Nigeria,Burkina Faso,Gombe,Bana Village,57,120,3R,3R:34200685-35200684,34200685,35200684,18000000,19000000,18.5,1000000,0.000128636113838,0.0004996827352987,,8453,31170,1,False,False,False,0.0004996827352987,0.000128636113838,0.0004996827352987,0.000128636113838
With Nigeria,Nigeria_Gombe_vs_BurkinaFaso_BanaVillage,NG_Gombe_vs_BF_BanaVil,NG_Gombe vs BF_BanaVil,Nigeria_Gombe,BurkinaFaso_BanaVillage,Nigeria,Burkina Faso,Gombe,Bana Village,57,120,3R,3R:33200685-34200684,33200685,34200684,19000000,20000000,19.5,1000000,0.002137144195506,5.609204982610479e-05,,7436,28262,1,False,False,False,5.609204982610479e-05,0.002137144195506,5.609204982610479e-05,0.002137144195506
With Nigeria,Nigeria_Gombe_vs_BurkinaFaso_BanaVillage,NG_Gombe_vs_BF_BanaVil,NG_Gombe vs BF_BanaVil,Nigeria_Gombe,BurkinaFaso_BanaVillage,Nigeria,Burkina Faso,Gombe,Bana Village,57,120,3R,3R:32200685-33200684,32200685,33200684,20000000,21000000,20.5,1000000,0.0001591683757181,0.0002435771572002,,2090,8177,1,False,False,False,0.0002435771572002,0.0001591683757181,0.0002435771572002,0.0001591683757181
With Nigeria,Nigeria_Gombe_vs_BurkinaFaso_BanaVillage,NG_Gombe_vs_BF_BanaVil,NG_Gombe vs BF_BanaVil,Nigeria_Gombe,BurkinaFaso_BanaVillage,Nigeria,Burkina Faso,Gombe,Bana Village,57,120,3R,3R:31200685-32200684,31200685,32200684,21000000,22000000,21.5,1000000,0.001212251809564,0.0008569277497336,,8476,31667,1,False,False,False,0.0008569277497336,0.001212251809564,0.0008569277497336,0.001212251809564
With Nigeria,Nigeria_Gombe_vs_BurkinaFaso_BanaVillage,NG_Gombe_vs_BF_BanaVil,NG_Gombe vs BF_BanaVil,Nigeria_Gombe,BurkinaFaso_BanaVillage,Nigeria,Burkina Faso,Gombe,Bana Village,57,120,3R,3R:30200685-31200684,30200685,31200684,22000000,23000000,22.5,1000000,0.0002066551791601,0.0001519153914942,,10926,41533,1,False,False,False,0.0001519153914942,0.0002066551791601,0.0001519153914942,0.0002066551791601
With Nigeria,Nigeria_Gombe_vs_BurkinaFaso_BanaVillage,NG_Gombe_vs_BF_BanaVil,NG_Gombe vs BF_BanaVil,Nigeria_Gombe,BurkinaFaso_BanaVillage,Nigeria,Burkina Faso,Gombe,Bana Village,57,120,3R,3R:29200685-30200684,29200685,30200684,23000000,24000000,23.5,1000000,0.0010330731341933,0.0030552897337222,,4146,15604,1,False,False,False,0.0030552897337222,0.0010330731341933,0.0030552897337222,0.0010330731341933
With Nigeria,Nigeria_Gombe_vs_BurkinaFaso_BanaVillage,NG_Gombe_vs_BF_BanaVil,NG_Gombe vs BF_BanaVil,Nigeria_Gombe,BurkinaFaso_BanaVillage,Nigeria,Burkina Faso,Gombe,Bana Village,57,120,3R,3R:28200685-29200684,28200685,29200684,24000000,25000000,24.5,1000000,0.0493537621317644,0.0704638363028301,,10912,40164,1,True,False,True,,0.0493537621317644,,
With Nigeria,Nigeria_Gombe_vs_BurkinaFaso_BanaVillage,NG_Gombe_vs_BF_BanaVil,NG_Gombe vs BF_BanaVil,Nigeria_Gombe,BurkinaFaso_BanaVillage,Nigeria,Burkina Faso,Gombe,Bana Village,57,120,X,X:23393109-24393108,23393109,24393108,0,1000000,0.5,1000000,0.0025753995167423,0.0,,1995,7769,1,False,False,False,0.0,0.0025753995167423,0.0,0.0025753995167423
With Nigeria,Nigeria_Gombe_vs_BurkinaFaso_BanaVillage,NG_Gombe_vs_BF_BanaVil,NG_Gombe vs BF_BanaVil,Nigeria_Gombe,BurkinaFaso_BanaVillage,Nigeria,Burkina Faso,Gombe,Bana Village,57,120,X,X:22393109-23393108,22393109,23393108,1000000,2000000,1.5,1000000,0.0003578898565065,0.0002915536614179,,913,3779,1,False,False,False,0.0002915536614179,0.0003578898565065,0.0002915536614179,0.0003578898565065
With Nigeria,Nigeria_Gombe_vs_BurkinaFaso_BanaVillage,NG_Gombe_vs_BF_BanaVil,NG_Gombe vs BF_BanaVil,Nigeria_Gombe,BurkinaFaso_BanaVillage,Nigeria,Burkina Faso,Gombe,Bana Village,57,120,X,X:21393109-22393108,21393109,22393108,2000000,3000000,2.5,1000000,0.0047385723602226,0.0027330307663706,,1008,4241,1,False,False,False,0.0027330307663706,0.0047385723602226,0.0027330307663706,0.0047385723602226
With Nigeria,Nigeria_Gombe_vs_BurkinaFaso_BanaVillage,NG_Gombe_vs_BF_BanaVil,NG_Gombe vs BF_BanaVil,Nigeria_Gombe,BurkinaFaso_BanaVillage,Nigeria,Burkina Faso,Gombe,Bana Village,57,120,X,X:20393109-21393108,20393109,21393108,3000000,4000000,3.5,1000000,0.0,0.0050334829298915,,1004,4346,1,False,False,False,0.0050334829298915,0.0,0.0050334829298915,0.0
With Nigeria,Nigeria_Gombe_vs_BurkinaFaso_BanaVillage,NG_Gombe_vs_BF_BanaVil,NG_Gombe vs BF_BanaVil,Nigeria_Gombe,BurkinaFaso_BanaVillage,Nigeria,Burkina Faso,Gombe,Bana Village,57,120,X,X:19393109-20393108,19393109,20393108,4000000,5000000,4.5,1000000,0.0037370785774155,0.0016652480930722,,7559,26297,1,False,False,False,0.0016652480930722,0.0037370785774155,0.0016652480930722,0.0037370785774155
With Nigeria,Nigeria_Gombe_vs_BurkinaFaso_BanaVillage,NG_Gombe_vs_BF_BanaVil,NG_Gombe vs BF_BanaVil,Nigeria_Gombe,BurkinaFaso_BanaVillage,Nigeria,Burkina Faso,Gombe,Bana Village,57,120,X,X:18393109-19393108,18393109,19393108,5000000,6000000,5.5,1000000,0.0028432302434457,0.0048461181316303,,8599,30246,1,False,False,False,0.0048461181316303,0.0028432302434457,0.0048461181316303,0.0028432302434457
With Nigeria,Nigeria_Gombe_vs_BurkinaFaso_BanaVillage,NG_Gombe_vs_BF_BanaVil,NG_Gombe vs BF_BanaVil,Nigeria_Gombe,BurkinaFaso_BanaVillage,Nigeria,Burkina Faso,Gombe,Bana Village,57,120,X,X:17393109-18393108,17393109,18393108,6000000,7000000,6.5,1000000,0.0062726746226581,0.004089755795752,,7663,26828,1,False,False,False,0.004089755795752,0.0062726746226581,0.004089755795752,0.0062726746226581
With Nigeria,Nigeria_Gombe_vs_BurkinaFaso_BanaVillage,NG_Gombe_vs_BF_BanaVil,NG_Gombe vs BF_BanaVil,Nigeria_Gombe,BurkinaFaso_BanaVillage,Nigeria,Burkina Faso,Gombe,Bana Village,57,120,X,X:16393109-17393108,16393109,17393108,7000000,8000000,7.5,1000000,0.014330212327249,0.0157440066571329,,9644,33912,1,False,False,False,0.0157440066571329,0.014330212327249,0.0157440066571329,0.014330212327249
With Nigeria,Nigeria_Gombe_vs_BurkinaFaso_BanaVillage,NG_Gombe_vs_BF_BanaVil,NG_Gombe vs BF_BanaVil,Nigeria_Gombe,BurkinaFaso_BanaVillage,Nigeria,Burkina Faso,Gombe,Bana Village,57,120,X,X:15393109-16393108,15393109,16393108,8000000,9000000,8.5,1000000,0.1822146310940506,0.1174970648084609,,8592,29830,1,True,True,True,,,,
With Nigeria,Nigeria_Gombe_vs_BurkinaFaso_BanaVillage,NG_Gombe_vs_BF_BanaVil,NG_Gombe vs BF_BanaVil,Nigeria_Gombe,BurkinaFaso_BanaVillage,Nigeria,Burkina Faso,Gombe,Bana Village,57,120,X,X:14393109-15393108,14393109,15393108,9000000,10000000,9.5,1000000,0.2008783952759735,0.1593170788148027,,7287,24942,1,True,True,True,,,,
With Nigeria,Nigeria_Gombe_vs_BurkinaFaso_BanaVillage,NG_Gombe_vs_BF_BanaVil,NG_Gombe vs BF_BanaVil,Nigeria_Gombe,BurkinaFaso_BanaVillage,Nigeria,Burkina Faso,Gombe,Bana Village,57,120,X,X:13393109-14393108,13393109,14393108,10000000,11000000,10.5,1000000,0.0096221923274575,0.0160695454617446,,9597,34062,1,False,False,False,0.0160695454617446,0.0096221923274575,0.0160695454617446,0.0096221923274575
With Nigeria,Nigeria_Gombe_vs_BurkinaFaso_BanaVillage,NG_Gombe_vs_BF_BanaVil,NG_Gombe vs BF_BanaVil,Nigeria_Gombe,BurkinaFaso_BanaVillage,Nigeria,Burkina Faso,Gombe,Bana Village,57,120,X,X:12393109-13393108,12393109,13393108,11000000,12000000,11.5,1000000,0.0016150383092021,0.001996017412457,,7262,24701,1,False,False,False,0.001996017412457,0.0016150383092021,0.001996017412457,0.0016150383092021
With Nigeria,Nigeria_Gombe_vs_BurkinaFaso_BanaVillage,NG_Gombe_vs_BF_BanaVil,NG_Gombe vs BF_BanaVil,Nigeria_Gombe,BurkinaFaso_BanaVillage,Nigeria,Burkina Faso,Gombe,Bana Village,57,120,X,X:11393109-12393108,11393109,12393108,12000000,13000000,12.5,1000000,0.001661462197884,0.0008822653410062,,9421,33914,1,False,False,False,0.0008822653410062,0.001661462197884,0.0008822653410062,0.001661462197884
With Nigeria,Nigeria_Gombe_vs_BurkinaFaso_BanaVillage,NG_Gombe_vs_BF_BanaVil,NG_Gombe vs BF_BanaVil,Nigeria_Gombe,BurkinaFaso_BanaVillage,Nigeria,Burkina Faso,Gombe,Bana Village,57,120,X,X:10393109-11393108,10393109,11393108,13000000,14000000,13.5,1000000,0.0006497266694211,0.0007879528391585,,7101,23410,1,False,False,False,0.0007879528391585,0.0006497266694211,0.0007879528391585,0.0006497266694211
With Nigeria,Nigeria_Gombe_vs_BurkinaFaso_BanaVillage,NG_Gombe_vs_BF_BanaVil,NG_Gombe vs BF_BanaVil,Nigeria_Gombe,BurkinaFaso_BanaVillage,Nigeria,Burkina Faso,Gombe,Bana Village,57,120,X,X:9393109-10393108,9393109,10393108,14000000,15000000,14.5,1000000,0.0081949340833393,0.0038347424563843,,13600,44499,1,False,False,False,0.0038347424563843,0.0081949340833393,0.0038347424563843,0.0081949340833393
With Nigeria,Nigeria_Gombe_vs_BurkinaFaso_BanaVillage,NG_Gombe_vs_BF_BanaVil,NG_Gombe vs BF_BanaVil,Nigeria_Gombe,BurkinaFaso_BanaVillage,Nigeria,Burkina Faso,Gombe,Bana Village,57,120,X,X:8393109-9393108,8393109,9393108,15000000,16000000,15.5,1000000,0.0119869063917879,0.0108774936500629,,7345,23518,1,False,False,False,0.0108774936500629,0.0119869063917879,0.0108774936500629,0.0119869063917879
With Nigeria,Nigeria_Gombe_vs_BurkinaFaso_BanaVillage,NG_Gombe_vs_BF_BanaVil,NG_Gombe vs BF_BanaVil,Nigeria_Gombe,BurkinaFaso_BanaVillage,Nigeria,Burkina Faso,Gombe,Bana Village,57,120,X,X:7393109-8393108,7393109,8393108,16000000,17000000,16.5,1000000,0.0035621842112206,0.0029304474510122,,14991,49696,1,False,False,False,0.0029304474510122,0.0035621842112206,0.0029304474510122,0.0035621842112206
With Nigeria,Nigeria_Gombe_vs_BurkinaFaso_BanaVillage,NG_Gombe_vs_BF_BanaVil,NG_Gombe vs BF_BanaVil,Nigeria_Gombe,BurkinaFaso_BanaVillage,Nigeria,Burkina Faso,Gombe,Bana Village,57,120,X,X:6393109-7393108,6393109,7393108,17000000,18000000,17.5,1000000,0.0005069431299401,0.0012977183315556,,11501,37169,1,False,False,False,0.0012977183315556,0.0005069431299401,0.0012977183315556,0.0005069431299401
With Nigeria,Nigeria_Gombe_vs_BurkinaFaso_BanaVillage,NG_Gombe_vs_BF_BanaVil,NG_Gombe vs BF_BanaVil,Nigeria_Gombe,BurkinaFaso_BanaVillage,Nigeria,Burkina Faso,Gombe,Bana Village,57,120,X,X:5393109-6393108,5393109,6393108,18000000,19000000,18.5,1000000,1.0263447831029762e-05,0.0004102643539356,,11395,37847,1,False,False,False,0.0004102643539356,1.0263447831029762e-05,0.0004102643539356,1.0263447831029762e-05
With Nigeria,Nigeria_Gombe_vs_BurkinaFaso_BanaVillage,NG_Gombe_vs_BF_BanaVil,NG_Gombe vs BF_BanaVil,Nigeria_Gombe,BurkinaFaso_BanaVillage,Nigeria,Burkina Faso,Gombe,Bana Village,57,120,X,X:4393109-5393108,4393109,5393108,19000000,20000000,19.5,1000000,8.536354170373772e-05,0.0012640043580025,,11599,37899,1,False,False,False,0.0012640043580025,8.536354170373772e-05,0.0012640043580025,8.536354170373772e-05
With Nigeria,Nigeria_Gombe_vs_BurkinaFaso_BanaVillage,NG_Gombe_vs_BF_BanaVil,NG_Gombe vs BF_BanaVil,Nigeria_Gombe,BurkinaFaso_BanaVillage,Nigeria,Burkina Faso,Gombe,Bana Village,57,120,X,X:3393109-4393108,3393109,4393108,20000000,21000000,20.5,1000000,0.0035852030141228,0.0008977440141916,,6424,21945,1,False,False,False,0.0008977440141916,0.0035852030141228,0.0008977440141916,0.0035852030141228
With Nigeria,Nigeria_Gombe_vs_BurkinaFaso_BanaVillage,NG_Gombe_vs_BF_BanaVil,NG_Gombe vs BF_BanaVil,Nigeria_Gombe,BurkinaFaso_BanaVillage,Nigeria,Burkina Faso,Gombe,Bana Village,57,120,X,X:2393109-3393108,2393109,3393108,21000000,22000000,21.5,1000000,0.00229374041204,0.0012707120068711,,12147,40663,1,False,False,False,0.0012707120068711,0.00229374041204,0.0012707120068711,0.00229374041204
With Nigeria,Nigeria_Gombe_vs_BurkinaFaso_BanaVillage,NG_Gombe_vs_BF_BanaVil,NG_Gombe vs BF_BanaVil,Nigeria_Gombe,BurkinaFaso_BanaVillage,Nigeria,Burkina Faso,Gombe,Bana Village,57,120,X,X:1393109-2393108,1393109,2393108,22000000,23000000,22.5,1000000,0.0014538238741795,0.001178598065658,,13791,46192,1,False,False,False,0.001178598065658,0.0014538238741795,0.001178598065658,0.0014538238741795
With Nigeria,Nigeria_Gombe_vs_BurkinaFaso_BanaVillage,NG_Gombe_vs_BF_BanaVil,NG_Gombe vs BF_BanaVil,Nigeria_Gombe,BurkinaFaso_BanaVillage,Nigeria,Burkina Faso,Gombe,Bana Village,57,120,X,X:393109-1393108,393109,1393108,23000000,24000000,23.5,1000000,0.0006737533611488,0.0004057209561488,,15310,54171,1,False,False,False,0.0004057209561488,0.0006737533611488,0.0004057209561488,0.0006737533611488
With Nigeria,Nigeria_Gombe_vs_Guinea_Siguiri_Dankakoro,NG_Gombe_vs_GN_Siguiri,NG_Gombe vs GN_Siguiri,Nigeria_Gombe,Guinea_Siguiri_Dankakoro,Nigeria,Guinea,Gombe,Siguiri_Dankakoro,57,81,3R,3R:52200685-53200684,52200685,53200684,0,1000000,0.5,1000000,0.0022683379355821,0.0018025393357352,,2594,11296,2,False,False,False,0.0018025393357352,0.0022683379355821,0.0018025393357352,0.0022683379355821
With Nigeria,Nigeria_Gombe_vs_Guinea_Siguiri_Dankakoro,NG_Gombe_vs_GN_Siguiri,NG_Gombe vs GN_Siguiri,Nigeria_Gombe,Guinea_Siguiri_Dankakoro,Nigeria,Guinea,Gombe,Siguiri_Dankakoro,57,81,3R,3R:51200685-52200684,51200685,52200684,1000000,2000000,1.5,1000000,0.0033020507847952,0.001593769665739,,13121,53535,2,False,False,False,0.001593769665739,0.0033020507847952,0.001593769665739,0.0033020507847952
With Nigeria,Nigeria_Gombe_vs_Guinea_Siguiri_Dankakoro,NG_Gombe_vs_GN_Siguiri,NG_Gombe vs GN_Siguiri,Nigeria_Gombe,Guinea_Siguiri_Dankakoro,Nigeria,Guinea,Gombe,Siguiri_Dankakoro,57,81,3R,3R:50200685-51200684,50200685,51200684,2000000,3000000,2.5,1000000,0.0026341351858235,0.001834176421272,,8386,34569,2,False,False,False,0.001834176421272,0.0026341351858235,0.001834176421272,0.0026341351858235
With Nigeria,Nigeria_Gombe_vs_Guinea_Siguiri_Dankakoro,NG_Gombe_vs_GN_Siguiri,NG_Gombe vs GN_Siguiri,Nigeria_Gombe,Guinea_Siguiri_Dankakoro,Nigeria,Guinea,Gombe,Siguiri_Dankakoro,57,81,3R,3R:49200685-50200684,49200685,50200684,3000000,4000000,3.5,1000000,0.0010472615212333,0.002935868079236,,10742,43712,2,False,False,False,0.002935868079236,0.0010472615212333,0.002935868079236,0.0010472615212333
With Nigeria,Nigeria_Gombe_vs_Guinea_Siguiri_Dankakoro,NG_Gombe_vs_GN_Siguiri,NG_Gombe vs GN_Siguiri,Nigeria_Gombe,Guinea_Siguiri_Dankakoro,Nigeria,Guinea,Gombe,Siguiri_Dankakoro,57,81,3R,3R:48200685-49200684,48200685,49200684,4000000,5000000,4.5,1000000,0.0001743198459924,0.0,,11478,46164,2,False,False,False,0.0,0.0001743198459924,0.0,0.0001743198459924
With Nigeria,Nigeria_Gombe_vs_Guinea_Siguiri_Dankakoro,NG_Gombe_vs_GN_Siguiri,NG_Gombe vs GN_Siguiri,Nigeria_Gombe,Guinea_Siguiri_Dankakoro,Nigeria,Guinea,Gombe,Siguiri_Dankakoro,57,81,3R,3R:47200685-48200684,47200685,48200684,5000000,6000000,5.5,1000000,0.0,0.0004138154226418,,15586,61531,2,False,False,False,0.0004138154226418,0.0,0.0004138154226418,0.0
With Nigeria,Nigeria_Gombe_vs_Guinea_Siguiri_Dankakoro,NG_Gombe_vs_GN_Siguiri,NG_Gombe vs GN_Siguiri,Nigeria_Gombe,Guinea_Siguiri_Dankakoro,Nigeria,Guinea,Gombe,Siguiri_Dankakoro,57,81,3R,3R:46200685-47200684,46200685,47200684,6000000,7000000,6.5,1000000,0.0,0.0,,6874,27275,2,False,False,False,0.0,0.0,0.0,0.0
With Nigeria,Nigeria_Gombe_vs_Guinea_Siguiri_Dankakoro,NG_Gombe_vs_GN_Siguiri,NG_Gombe vs GN_Siguiri,Nigeria_Gombe,Guinea_Siguiri_Dankakoro,Nigeria,Guinea,Gombe,Siguiri_Dankakoro,57,81,3R,3R:45200685-46200684,45200685,46200684,7000000,8000000,7.5,1000000,0.0030823482053123,0.003293447872753,,8172,32093,2,False,False,False,0.003293447872753,0.0030823482053123,0.003293447872753,0.0030823482053123
With Nigeria,Nigeria_Gombe_vs_Guinea_Siguiri_Dankakoro,NG_Gombe_vs_GN_Siguiri,NG_Gombe vs GN_Siguiri,Nigeria_Gombe,Guinea_Siguiri_Dankakoro,Nigeria,Guinea,Gombe,Siguiri_Dankakoro,57,81,3R,3R:44200685-45200684,44200685,45200684,8000000,9000000,8.5,1000000,0.0001442683130259,2.6532536184175943e-05,,7524,29111,2,False,False,False,2.6532536184175943e-05,0.0001442683130259,2.6532536184175943e-05,0.0001442683130259
With Nigeria,Nigeria_Gombe_vs_Guinea_Siguiri_Dankakoro,NG_Gombe_vs_GN_Siguiri,NG_Gombe vs GN_Siguiri,Nigeria_Gombe,Guinea_Siguiri_Dankakoro,Nigeria,Guinea,Gombe,Siguiri_Dankakoro,57,81,3R,3R:43200685-44200684,43200685,44200684,9000000,10000000,9.5,1000000,0.0009516723104882,0.0005712065043022,,15577,58548,2,False,False,False,0.0005712065043022,0.0009516723104882,0.0005712065043022,0.0009516723104882
With Nigeria,Nigeria_Gombe_vs_Guinea_Siguiri_Dankakoro,NG_Gombe_vs_GN_Siguiri,NG_Gombe vs GN_Siguiri,Nigeria_Gombe,Guinea_Siguiri_Dankakoro,Nigeria,Guinea,Gombe,Siguiri_Dankakoro,57,81,3R,3R:42200685-43200684,42200685,43200684,10000000,11000000,10.5,1000000,0.0,0.0020155254192768,,4926,20567,2,False,False,False,0.0020155254192768,0.0,0.0020155254192768,0.0
With Nigeria,Nigeria_Gombe_vs_Guinea_Siguiri_Dankakoro,NG_Gombe_vs_GN_Siguiri,NG_Gombe vs GN_Siguiri,Nigeria_Gombe,Guinea_Siguiri_Dankakoro,Nigeria,Guinea,Gombe,Siguiri_Dankakoro,57,81,3R,3R:41200685-42200684,41200685,42200684,11000000,12000000,11.5,1000000,0.0006766552287759,0.0010414260189764,,6292,25544,2,False,False,False,0.0010414260189764,0.0006766552287759,0.0010414260189764,0.0006766552287759
With Nigeria,Nigeria_Gombe_vs_Guinea_Siguiri_Dankakoro,NG_Gombe_vs_GN_Siguiri,NG_Gombe vs GN_Siguiri,Nigeria_Gombe,Guinea_Siguiri_Dankakoro,Nigeria,Guinea,Gombe,Siguiri_Dankakoro,57,81,3R,3R:40200685-41200684,40200685,41200684,12000000,13000000,12.5,1000000,0.0035373167666409,0.0,,154,943,2,False,False,False,0.0,0.0035373167666409,0.0,0.0035373167666409
With Nigeria,Nigeria_Gombe_vs_Guinea_Siguiri_Dankakoro,NG_Gombe_vs_GN_Siguiri,NG_Gombe vs GN_Siguiri,Nigeria_Gombe,Guinea_Siguiri_Dankakoro,Nigeria,Guinea,Gombe,Siguiri_Dankakoro,57,81,3R,3R:39200685-40200684,39200685,40200684,13000000,14000000,13.5,1000000,0.0046811779282024,0.0073881803259811,,929,4046,2,False,False,False,0.0073881803259811,0.0046811779282024,0.0073881803259811,0.0046811779282024
With Nigeria,Nigeria_Gombe_vs_Guinea_Siguiri_Dankakoro,NG_Gombe_vs_GN_Siguiri,NG_Gombe vs GN_Siguiri,Nigeria_Gombe,Guinea_Siguiri_Dankakoro,Nigeria,Guinea,Gombe,Siguiri_Dankakoro,57,81,3R,3R:38200685-39200684,38200685,39200684,14000000,15000000,14.5,1000000,0.0011772185479538,0.0010526466715786,,3935,15162,2,False,False,False,0.0010526466715786,0.0011772185479538,0.0010526466715786,0.0011772185479538
With Nigeria,Nigeria_Gombe_vs_Guinea_Siguiri_Dankakoro,NG_Gombe_vs_GN_Siguiri,NG_Gombe vs GN_Siguiri,Nigeria_Gombe,Guinea_Siguiri_Dankakoro,Nigeria,Guinea,Gombe,Siguiri_Dankakoro,57,81,3R,3R:37200685-38200684,37200685,38200684,15000000,16000000,15.5,1000000,0.0,0.0,,10427,40318,2,False,False,False,0.0,0.0,0.0,0.0
With Nigeria,Nigeria_Gombe_vs_Guinea_Siguiri_Dankakoro,NG_Gombe_vs_GN_Siguiri,NG_Gombe vs GN_Siguiri,Nigeria_Gombe,Guinea_Siguiri_Dankakoro,Nigeria,Guinea,Gombe,Siguiri_Dankakoro,57,81,3R,3R:36200685-37200684,36200685,37200684,16000000,17000000,16.5,1000000,0.0,0.0006032819179807,,12882,50124,2,False,False,False,0.0006032819179807,0.0,0.0006032819179807,0.0
With Nigeria,Nigeria_Gombe_vs_Guinea_Siguiri_Dankakoro,NG_Gombe_vs_GN_Siguiri,NG_Gombe vs GN_Siguiri,Nigeria_Gombe,Guinea_Siguiri_Dankakoro,Nigeria,Guinea,Gombe,Siguiri_Dankakoro,57,81,3R,3R:35200685-36200684,35200685,36200684,17000000,18000000,17.5,1000000,0.0,0.0001072752444004,,13893,55922,2,False,False,False,0.0001072752444004,0.0,0.0001072752444004,0.0
With Nigeria,Nigeria_Gombe_vs_Guinea_Siguiri_Dankakoro,NG_Gombe_vs_GN_Siguiri,NG_Gombe vs GN_Siguiri,Nigeria_Gombe,Guinea_Siguiri_Dankakoro,Nigeria,Guinea,Gombe,Siguiri_Dankakoro,57,81,3R,3R:34200685-35200684,34200685,35200684,18000000,19000000,18.5,1000000,0.001221293005948,0.000756231608323,,8453,31170,2,False,False,False,0.000756231608323,0.001221293005948,0.000756231608323,0.001221293005948
With Nigeria,Nigeria_Gombe_vs_Guinea_Siguiri_Dankakoro,NG_Gombe_vs_GN_Siguiri,NG_Gombe vs GN_Siguiri,Nigeria_Gombe,Guinea_Siguiri_Dankakoro,Nigeria,Guinea,Gombe,Siguiri_Dankakoro,57,81,3R,3R:33200685-34200684,33200685,34200684,19000000,20000000,19.5,1000000,0.0007503697810767,0.0,,7436,28262,2,False,False,False,0.0,0.0007503697810767,0.0,0.0007503697810767
With Nigeria,Nigeria_Gombe_vs_Guinea_Siguiri_Dankakoro,NG_Gombe_vs_GN_Siguiri,NG_Gombe vs GN_Siguiri,Nigeria_Gombe,Guinea_Siguiri_Dankakoro,Nigeria,Guinea,Gombe,Siguiri_Dankakoro,57,81,3R,3R:32200685-33200684,32200685,33200684,20000000,21000000,20.5,1000000,0.0002757860104016,0.0005481796964409,,2090,8177,2,False,False,False,0.0005481796964409,0.0002757860104016,0.0005481796964409,0.0002757860104016
With Nigeria,Nigeria_Gombe_vs_Guinea_Siguiri_Dankakoro,NG_Gombe_vs_GN_Siguiri,NG_Gombe vs GN_Siguiri,Nigeria_Gombe,Guinea_Siguiri_Dankakoro,Nigeria,Guinea,Gombe,Siguiri_Dankakoro,57,81,3R,3R:31200685-32200684,31200685,32200684,21000000,22000000,21.5,1000000,0.0004298264561646,8.966213655381036e-05,,8476,31667,2,False,False,False,8.966213655381036e-05,0.0004298264561646,8.966213655381036e-05,0.0004298264561646
With Nigeria,Nigeria_Gombe_vs_Guinea_Siguiri_Dankakoro,NG_Gombe_vs_GN_Siguiri,NG_Gombe vs GN_Siguiri,Nigeria_Gombe,Guinea_Siguiri_Dankakoro,Nigeria,Guinea,Gombe,Siguiri_Dankakoro,57,81,3R,3R:30200685-31200684,30200685,31200684,22000000,23000000,22.5,1000000,0.0006824013739829,0.0006603540665308,,10926,41533,2,False,False,False,0.0006603540665308,0.0006824013739829,0.0006603540665308,0.0006824013739829
With Nigeria,Nigeria_Gombe_vs_Guinea_Siguiri_Dankakoro,NG_Gombe_vs_GN_Siguiri,NG_Gombe vs GN_Siguiri,Nigeria_Gombe,Guinea_Siguiri_Dankakoro,Nigeria,Guinea,Gombe,Siguiri_Dankakoro,57,81,3R,3R:29200685-30200684,29200685,30200684,23000000,24000000,23.5,1000000,0.0004893264067775,0.0014048473107749,,4146,15604,2,False,False,False,0.0014048473107749,0.0004893264067775,0.0014048473107749,0.0004893264067775
With Nigeria,Nigeria_Gombe_vs_Guinea_Siguiri_Dankakoro,NG_Gombe_vs_GN_Siguiri,NG_Gombe vs GN_Siguiri,Nigeria_Gombe,Guinea_Siguiri_Dankakoro,Nigeria,Guinea,Gombe,Siguiri_Dankakoro,57,81,3R,3R:28200685-29200684,28200685,29200684,24000000,25000000,24.5,1000000,0.062223381077445,0.0816405990494552,,10912,40164,2,True,True,True,,,,
With Nigeria,Nigeria_Gombe_vs_Guinea_Siguiri_Dankakoro,NG_Gombe_vs_GN_Siguiri,NG_Gombe vs GN_Siguiri,Nigeria_Gombe,Guinea_Siguiri_Dankakoro,Nigeria,Guinea,Gombe,Siguiri_Dankakoro,57,81,X,X:23393109-24393108,23393109,24393108,0,1000000,0.5,1000000,0.0006884877531599,0.0,,1995,7769,2,False,False,False,0.0,0.0006884877531599,0.0,0.0006884877531599
With Nigeria,Nigeria_Gombe_vs_Guinea_Siguiri_Dankakoro,NG_Gombe_vs_GN_Siguiri,NG_Gombe vs GN_Siguiri,Nigeria_Gombe,Guinea_Siguiri_Dankakoro,Nigeria,Guinea,Gombe,Siguiri_Dankakoro,57,81,X,X:22393109-23393108,22393109,23393108,1000000,2000000,1.5,1000000,0.0,0.0,,913,3779,2,False,False,False,0.0,0.0,0.0,0.0
With Nigeria,Nigeria_Gombe_vs_Guinea_Siguiri_Dankakoro,NG_Gombe_vs_GN_Siguiri,NG_Gombe vs GN_Siguiri,Nigeria_Gombe,Guinea_Siguiri_Dankakoro,Nigeria,Guinea,Gombe,Siguiri_Dankakoro,57,81,X,X:21393109-22393108,21393109,22393108,2000000,3000000,2.5,1000000,0.0136534974796575,0.0003610963503106,,1008,4241,2,False,False,False,0.0003610963503106,0.0136534974796575,0.0003610963503106,0.0136534974796575
With Nigeria,Nigeria_Gombe_vs_Guinea_Siguiri_Dankakoro,NG_Gombe_vs_GN_Siguiri,NG_Gombe vs GN_Siguiri,Nigeria_Gombe,Guinea_Siguiri_Dankakoro,Nigeria,Guinea,Gombe,Siguiri_Dankakoro,57,81,X,X:20393109-21393108,20393109,21393108,3000000,4000000,3.5,1000000,0.0014718250601461,0.008371684124615,,1004,4346,2,False,False,False,0.008371684124615,0.0014718250601461,0.008371684124615,0.0014718250601461
With Nigeria,Nigeria_Gombe_vs_Guinea_Siguiri_Dankakoro,NG_Gombe_vs_GN_Siguiri,NG_Gombe vs GN_Siguiri,Nigeria_Gombe,Guinea_Siguiri_Dankakoro,Nigeria,Guinea,Gombe,Siguiri_Dankakoro,57,81,X,X:19393109-20393108,19393109,20393108,4000000,5000000,4.5,1000000,0.0037479153257173,0.0016520736085489,,7559,26297,2,False,False,False,0.0016520736085489,0.0037479153257173,0.0016520736085489,0.0037479153257173
With Nigeria,Nigeria_Gombe_vs_Guinea_Siguiri_Dankakoro,NG_Gombe_vs_GN_Siguiri,NG_Gombe vs GN_Siguiri,Nigeria_Gombe,Guinea_Siguiri_Dankakoro,Nigeria,Guinea,Gombe,Siguiri_Dankakoro,57,81,X,X:18393109-19393108,18393109,19393108,5000000,6000000,5.5,1000000,0.0029992414865876,0.0042636779712191,,8599,30246,2,False,False,False,0.0042636779712191,0.0029992414865876,0.0042636779712191,0.0029992414865876
With Nigeria,Nigeria_Gombe_vs_Guinea_Siguiri_Dankakoro,NG_Gombe_vs_GN_Siguiri,NG_Gombe vs GN_Siguiri,Nigeria_Gombe,Guinea_Siguiri_Dankakoro,Nigeria,Guinea,Gombe,Siguiri_Dankakoro,57,81,X,X:17393109-18393108,17393109,18393108,6000000,7000000,6.5,1000000,0.0015964416587088,0.0026653677248587,,7663,26828,2,False,False,False,0.0026653677248587,0.0015964416587088,0.0026653677248587,0.0015964416587088
With Nigeria,Nigeria_Gombe_vs_Guinea_Siguiri_Dankakoro,NG_Gombe_vs_GN_Siguiri,NG_Gombe vs GN_Siguiri,Nigeria_Gombe,Guinea_Siguiri_Dankakoro,Nigeria,Guinea,Gombe,Siguiri_Dankakoro,57,81,X,X:16393109-17393108,16393109,17393108,7000000,8000000,7.5,1000000,0.0149637525534236,0.0116938656394083,,9644,33912,2,False,False,False,0.0116938656394083,0.0149637525534236,0.0116938656394083,0.0149637525534236
With Nigeria,Nigeria_Gombe_vs_Guinea_Siguiri_Dankakoro,NG_Gombe_vs_GN_Siguiri,NG_Gombe vs GN_Siguiri,Nigeria_Gombe,Guinea_Siguiri_Dankakoro,Nigeria,Guinea,Gombe,Siguiri_Dankakoro,57,81,X,X:15393109-16393108,15393109,16393108,8000000,9000000,8.5,1000000,0.1811290509963604,0.1051240854882393,,8592,29830,2,True,True,True,,,,
With Nigeria,Nigeria_Gombe_vs_Guinea_Siguiri_Dankakoro,NG_Gombe_vs_GN_Siguiri,NG_Gombe vs GN_Siguiri,Nigeria_Gombe,Guinea_Siguiri_Dankakoro,Nigeria,Guinea,Gombe,Siguiri_Dankakoro,57,81,X,X:14393109-15393108,14393109,15393108,9000000,10000000,9.5,1000000,0.2009412562247824,0.1534064939612437,,7287,24942,2,True,True,True,,,,
With Nigeria,Nigeria_Gombe_vs_Guinea_Siguiri_Dankakoro,NG_Gombe_vs_GN_Siguiri,NG_Gombe vs GN_Siguiri,Nigeria_Gombe,Guinea_Siguiri_Dankakoro,Nigeria,Guinea,Gombe,Siguiri_Dankakoro,57,81,X,X:13393109-14393108,13393109,14393108,10000000,11000000,10.5,1000000,0.0080799314209103,0.0127418867296682,,9597,34062,2,False,False,False,0.0127418867296682,0.0080799314209103,0.0127418867296682,0.0080799314209103
With Nigeria,Nigeria_Gombe_vs_Guinea_Siguiri_Dankakoro,NG_Gombe_vs_GN_Siguiri,NG_Gombe vs GN_Siguiri,Nigeria_Gombe,Guinea_Siguiri_Dankakoro,Nigeria,Guinea,Gombe,Siguiri_Dankakoro,57,81,X,X:12393109-13393108,12393109,13393108,11000000,12000000,11.5,1000000,0.0006557581010799,0.0023582780526204,,7262,24701,2,False,False,False,0.0023582780526204,0.0006557581010799,0.0023582780526204,0.0006557581010799
With Nigeria,Nigeria_Gombe_vs_Guinea_Siguiri_Dankakoro,NG_Gombe_vs_GN_Siguiri,NG_Gombe vs GN_Siguiri,Nigeria_Gombe,Guinea_Siguiri_Dankakoro,Nigeria,Guinea,Gombe,Siguiri_Dankakoro,57,81,X,X:11393109-12393108,11393109,12393108,12000000,13000000,12.5,1000000,0.0027787173519532,0.0023374062840766,,9421,33914,2,False,False,False,0.0023374062840766,0.0027787173519532,0.0023374062840766,0.0027787173519532
With Nigeria,Nigeria_Gombe_vs_Guinea_Siguiri_Dankakoro,NG_Gombe_vs_GN_Siguiri,NG_Gombe vs GN_Siguiri,Nigeria_Gombe,Guinea_Siguiri_Dankakoro,Nigeria,Guinea,Gombe,Siguiri_Dankakoro,57,81,X,X:10393109-11393108,10393109,11393108,13000000,14000000,13.5,1000000,0.0,0.0001948731175871,,7101,23410,2,False,False,False,0.0001948731175871,0.0,0.0001948731175871,0.0
With Nigeria,Nigeria_Gombe_vs_Guinea_Siguiri_Dankakoro,NG_Gombe_vs_GN_Siguiri,NG_Gombe vs GN_Siguiri,Nigeria_Gombe,Guinea_Siguiri_Dankakoro,Nigeria,Guinea,Gombe,Siguiri_Dankakoro,57,81,X,X:9393109-10393108,9393109,10393108,14000000,15000000,14.5,1000000,0.0030158480931456,0.0019038818017429,,13600,44499,2,False,False,False,0.0019038818017429,0.0030158480931456,0.0019038818017429,0.0030158480931456
With Nigeria,Nigeria_Gombe_vs_Guinea_Siguiri_Dankakoro,NG_Gombe_vs_GN_Siguiri,NG_Gombe vs GN_Siguiri,Nigeria_Gombe,Guinea_Siguiri_Dankakoro,Nigeria,Guinea,Gombe,Siguiri_Dankakoro,57,81,X,X:8393109-9393108,8393109,9393108,15000000,16000000,15.5,1000000,0.0108143854744488,0.0084666101276929,,7345,23518,2,False,False,False,0.0084666101276929,0.0108143854744488,0.0084666101276929,0.0108143854744488
With Nigeria,Nigeria_Gombe_vs_Guinea_Siguiri_Dankakoro,NG_Gombe_vs_GN_Siguiri,NG_Gombe vs GN_Siguiri,Nigeria_Gombe,Guinea_Siguiri_Dankakoro,Nigeria,Guinea,Gombe,Siguiri_Dankakoro,57,81,X,X:7393109-8393108,7393109,8393108,16000000,17000000,16.5,1000000,0.0024584413660302,0.0021288011032227,,14991,49696,2,False,False,False,0.0021288011032227,0.0024584413660302,0.0021288011032227,0.0024584413660302
With Nigeria,Nigeria_Gombe_vs_Guinea_Siguiri_Dankakoro,NG_Gombe_vs_GN_Siguiri,NG_Gombe vs GN_Siguiri,Nigeria_Gombe,Guinea_Siguiri_Dankakoro,Nigeria,Guinea,Gombe,Siguiri_Dankakoro,57,81,X,X:6393109-7393108,6393109,7393108,17000000,18000000,17.5,1000000,0.0,0.0011242891751747,,11501,37169,2,False,False,False,0.0011242891751747,0.0,0.0011242891751747,0.0
With Nigeria,Nigeria_Gombe_vs_Guinea_Siguiri_Dankakoro,NG_Gombe_vs_GN_Siguiri,NG_Gombe vs GN_Siguiri,Nigeria_Gombe,Guinea_Siguiri_Dankakoro,Nigeria,Guinea,Gombe,Siguiri_Dankakoro,57,81,X,X:5393109-6393108,5393109,6393108,18000000,19000000,18.5,1000000,0.0008616593486011,0.0007521247994746,,11395,37847,2,False,False,False,0.0007521247994746,0.0008616593486011,0.0007521247994746,0.0008616593486011
With Nigeria,Nigeria_Gombe_vs_Guinea_Siguiri_Dankakoro,NG_Gombe_vs_GN_Siguiri,NG_Gombe vs GN_Siguiri,Nigeria_Gombe,Guinea_Siguiri_Dankakoro,Nigeria,Guinea,Gombe,Siguiri_Dankakoro,57,81,X,X:4393109-5393108,4393109,5393108,19000000,20000000,19.5,1000000,0.0003848025060088,0.0008554814787556,,11599,37899,2,False,False,False,0.0008554814787556,0.0003848025060088,0.0008554814787556,0.0003848025060088
With Nigeria,Nigeria_Gombe_vs_Guinea_Siguiri_Dankakoro,NG_Gombe_vs_GN_Siguiri,NG_Gombe vs GN_Siguiri,Nigeria_Gombe,Guinea_Siguiri_Dankakoro,Nigeria,Guinea,Gombe,Siguiri_Dankakoro,57,81,X,X:3393109-4393108,3393109,4393108,20000000,21000000,20.5,1000000,0.0019930539897071,0.0003628494200205,,6424,21945,2,False,False,False,0.0003628494200205,0.0019930539897071,0.0003628494200205,0.0019930539897071
With Nigeria,Nigeria_Gombe_vs_Guinea_Siguiri_Dankakoro,NG_Gombe_vs_GN_Siguiri,NG_Gombe vs GN_Siguiri,Nigeria_Gombe,Guinea_Siguiri_Dankakoro,Nigeria,Guinea,Gombe,Siguiri_Dankakoro,57,81,X,X:2393109-3393108,2393109,3393108,21000000,22000000,21.5,1000000,0.0018924502784583,0.0010153274213394,,12147,40663,2,False,False,False,0.0010153274213394,0.0018924502784583,0.0010153274213394,0.0018924502784583
With Nigeria,Nigeria_Gombe_vs_Guinea_Siguiri_Dankakoro,NG_Gombe_vs_GN_Siguiri,NG_Gombe vs GN_Siguiri,Nigeria_Gombe,Guinea_Siguiri_Dankakoro,Nigeria,Guinea,Gombe,Siguiri_Dankakoro,57,81,X,X:1393109-2393108,1393109,2393108,22000000,23000000,22.5,1000000,0.0023577453683579,0.0010905512659538,,13791,46192,2,False,False,False,0.0010905512659538,0.0023577453683579,0.0010905512659538,0.0023577453683579
With Nigeria,Nigeria_Gombe_vs_Guinea_Siguiri_Dankakoro,NG_Gombe_vs_GN_Siguiri,NG_Gombe vs GN_Siguiri,Nigeria_Gombe,Guinea_Siguiri_Dankakoro,Nigeria,Guinea,Gombe,Siguiri_Dankakoro,57,81,X,X:393109-1393108,393109,1393108,23000000,24000000,23.5,1000000,0.0012527161536638,0.0006275295343189,,15310,54171,2,False,False,False,0.0006275295343189,0.0012527161536638,0.0006275295343189,0.0012527161536638
With Nigeria,Nigeria_Gombe_vs_Mali_Faladje,NG_Gombe_vs_ML_Faladje,NG_Gombe vs ML_Faladje,Nigeria_Gombe,Mali_Faladje,Nigeria,Mali,Gombe,Faladje,57,75,3R,3R:52200685-53200684,52200685,53200684,0,1000000,0.5,1000000,0.0110953533588894,0.0216423674484011,,2594,11296,3,False,False,False,0.0216423674484011,0.0110953533588894,0.0216423674484011,0.0110953533588894
With Nigeria,Nigeria_Gombe_vs_Mali_Faladje,NG_Gombe_vs_ML_Faladje,NG_Gombe vs ML_Faladje,Nigeria_Gombe,Mali_Faladje,Nigeria,Mali,Gombe,Faladje,57,75,3R,3R:51200685-52200684,51200685,52200684,1000000,2000000,1.5,1000000,0.0012677196613402,0.0010893530100851,,13121,53535,3,False,False,False,0.0010893530100851,0.0012677196613402,0.0010893530100851,0.0012677196613402
With Nigeria,Nigeria_Gombe_vs_Mali_Faladje,NG_Gombe_vs_ML_Faladje,NG_Gombe vs ML_Faladje,Nigeria_Gombe,Mali_Faladje,Nigeria,Mali,Gombe,Faladje,57,75,3R,3R:50200685-51200684,50200685,51200684,2000000,3000000,2.5,1000000,0.0020450350200757,0.0021138389609143,,8386,34569,3,False,False,False,0.0021138389609143,0.0020450350200757,0.0021138389609143,0.0020450350200757
With Nigeria,Nigeria_Gombe_vs_Mali_Faladje,NG_Gombe_vs_ML_Faladje,NG_Gombe vs ML_Faladje,Nigeria_Gombe,Mali_Faladje,Nigeria,Mali,Gombe,Faladje,57,75,3R,3R:49200685-50200684,49200685,50200684,3000000,4000000,3.5,1000000,0.0060175006996987,0.0043657069188622,,10742,43712,3,False,False,False,0.0043657069188622,0.0060175006996987,0.0043657069188622,0.0060175006996987
With Nigeria,Nigeria_Gombe_vs_Mali_Faladje,NG_Gombe_vs_ML_Faladje,NG_Gombe vs ML_Faladje,Nigeria_Gombe,Mali_Faladje,Nigeria,Mali,Gombe,Faladje,57,75,3R,3R:48200685-49200684,48200685,49200684,4000000,5000000,4.5,1000000,0.0005688244415355,0.0009423970350531,,11478,46164,3,False,False,False,0.0009423970350531,0.0005688244415355,0.0009423970350531,0.0005688244415355
With Nigeria,Nigeria_Gombe_vs_Mali_Faladje,NG_Gombe_vs_ML_Faladje,NG_Gombe vs ML_Faladje,Nigeria_Gombe,Mali_Faladje,Nigeria,Mali,Gombe,Faladje,57,75,3R,3R:47200685-48200684,47200685,48200684,5000000,6000000,5.5,1000000,0.0,0.0003678940291614,,15586,61531,3,False,False,False,0.0003678940291614,0.0,0.0003678940291614,0.0
With Nigeria,Nigeria_Gombe_vs_Mali_Faladje,NG_Gombe_vs_ML_Faladje,NG_Gombe vs ML_Faladje,Nigeria_Gombe,Mali_Faladje,Nigeria,Mali,Gombe,Faladje,57,75,3R,3R:46200685-47200684,46200685,47200684,6000000,7000000,6.5,1000000,0.0010474773020397,0.0020916720260889,,6874,27275,3,False,False,False,0.0020916720260889,0.0010474773020397,0.0020916720260889,0.0010474773020397
With Nigeria,Nigeria_Gombe_vs_Mali_Faladje,NG_Gombe_vs_ML_Faladje,NG_Gombe vs ML_Faladje,Nigeria_Gombe,Mali_Faladje,Nigeria,Mali,Gombe,Faladje,57,75,3R,3R:45200685-46200684,45200685,46200684,7000000,8000000,7.5,1000000,0.0029564328142735,0.0033870375925186,,8172,32093,3,False,False,False,0.0033870375925186,0.0029564328142735,0.0033870375925186,0.0029564328142735
With Nigeria,Nigeria_Gombe_vs_Mali_Faladje,NG_Gombe_vs_ML_Faladje,NG_Gombe vs ML_Faladje,Nigeria_Gombe,Mali_Faladje,Nigeria,Mali,Gombe,Faladje,57,75,3R,3R:44200685-45200684,44200685,45200684,8000000,9000000,8.5,1000000,0.0,0.0,,7524,29111,3,False,False,False,0.0,0.0,0.0,0.0
With Nigeria,Nigeria_Gombe_vs_Mali_Faladje,NG_Gombe_vs_ML_Faladje,NG_Gombe vs ML_Faladje,Nigeria_Gombe,Mali_Faladje,Nigeria,Mali,Gombe,Faladje,57,75,3R,3R:43200685-44200684,43200685,44200684,9000000,10000000,9.5,1000000,0.001937968230765,0.0013318912754473,,15577,58548,3,False,False,False,0.0013318912754473,0.001937968230765,0.0013318912754473,0.001937968230765
With Nigeria,Nigeria_Gombe_vs_Mali_Faladje,NG_Gombe_vs_ML_Faladje,NG_Gombe vs ML_Faladje,Nigeria_Gombe,Mali_Faladje,Nigeria,Mali,Gombe,Faladje,57,75,3R,3R:42200685-43200684,42200685,43200684,10000000,11000000,10.5,1000000,0.0,0.0005638271240814,,4926,20567,3,False,False,False,0.0005638271240814,0.0,0.0005638271240814,0.0
With Nigeria,Nigeria_Gombe_vs_Mali_Faladje,NG_Gombe_vs_ML_Faladje,NG_Gombe vs ML_Faladje,Nigeria_Gombe,Mali_Faladje,Nigeria,Mali,Gombe,Faladje,57,75,3R,3R:41200685-42200684,41200685,42200684,11000000,12000000,11.5,1000000,0.0,0.001667894185127,,6292,25544,3,False,False,False,0.001667894185127,0.0,0.001667894185127,0.0
With Nigeria,Nigeria_Gombe_vs_Mali_Faladje,NG_Gombe_vs_ML_Faladje,NG_Gombe vs ML_Faladje,Nigeria_Gombe,Mali_Faladje,Nigeria,Mali,Gombe,Faladje,57,75,3R,3R:40200685-41200684,40200685,41200684,12000000,13000000,12.5,1000000,0.0006355540463984,0.0,,154,943,3,False,False,False,0.0,0.0006355540463984,0.0,0.0006355540463984
With Nigeria,Nigeria_Gombe_vs_Mali_Faladje,NG_Gombe_vs_ML_Faladje,NG_Gombe vs ML_Faladje,Nigeria_Gombe,Mali_Faladje,Nigeria,Mali,Gombe,Faladje,57,75,3R,3R:39200685-40200684,39200685,40200684,13000000,14000000,13.5,1000000,0.0002760634751374,0.0013425317948229,,929,4046,3,False,False,False,0.0013425317948229,0.0002760634751374,0.0013425317948229,0.0002760634751374
With Nigeria,Nigeria_Gombe_vs_Mali_Faladje,NG_Gombe_vs_ML_Faladje,NG_Gombe vs ML_Faladje,Nigeria_Gombe,Mali_Faladje,Nigeria,Mali,Gombe,Faladje,57,75,3R,3R:38200685-39200684,38200685,39200684,14000000,15000000,14.5,1000000,0.0002627194081535,0.0,,3935,15162,3,False,False,False,0.0,0.0002627194081535,0.0,0.0002627194081535
With Nigeria,Nigeria_Gombe_vs_Mali_Faladje,NG_Gombe_vs_ML_Faladje,NG_Gombe vs ML_Faladje,Nigeria_Gombe,Mali_Faladje,Nigeria,Mali,Gombe,Faladje,57,75,3R,3R:37200685-38200684,37200685,38200684,15000000,16000000,15.5,1000000,1.7412182850089137e-05,0.0004791231663491,,10427,40318,3,False,False,False,0.0004791231663491,1.7412182850089137e-05,0.0004791231663491,1.7412182850089137e-05
With Nigeria,Nigeria_Gombe_vs_Mali_Faladje,NG_Gombe_vs_ML_Faladje,NG_Gombe vs ML_Faladje,Nigeria_Gombe,Mali_Faladje,Nigeria,Mali,Gombe,Faladje,57,75,3R,3R:36200685-37200684,36200685,37200684,16000000,17000000,16.5,1000000,0.0,0.0004721345227483,,12882,50124,3,False,False,False,0.0004721345227483,0.0,0.0004721345227483,0.0
With Nigeria,Nigeria_Gombe_vs_Mali_Faladje,NG_Gombe_vs_ML_Faladje,NG_Gombe vs ML_Faladje,Nigeria_Gombe,Mali_Faladje,Nigeria,Mali,Gombe,Faladje,57,75,3R,3R:35200685-36200684,35200685,36200684,17000000,18000000,17.5,1000000,0.0,0.0,,13893,55922,3,False,False,False,0.0,0.0,0.0,0.0
With Nigeria,Nigeria_Gombe_vs_Mali_Faladje,NG_Gombe_vs_ML_Faladje,NG_Gombe vs ML_Faladje,Nigeria_Gombe,Mali_Faladje,Nigeria,Mali,Gombe,Faladje,57,75,3R,3R:34200685-35200684,34200685,35200684,18000000,19000000,18.5,1000000,0.0006383192096461,0.0003988531445137,,8453,31170,3,False,False,False,0.0003988531445137,0.0006383192096461,0.0003988531445137,0.0006383192096461
With Nigeria,Nigeria_Gombe_vs_Mali_Faladje,NG_Gombe_vs_ML_Faladje,NG_Gombe vs ML_Faladje,Nigeria_Gombe,Mali_Faladje,Nigeria,Mali,Gombe,Faladje,57,75,3R,3R:33200685-34200684,33200685,34200684,19000000,20000000,19.5,1000000,0.0013122523994533,0.000625689089707,,7436,28262,3,False,False,False,0.000625689089707,0.0013122523994533,0.000625689089707,0.0013122523994533
With Nigeria,Nigeria_Gombe_vs_Mali_Faladje,NG_Gombe_vs_ML_Faladje,NG_Gombe vs ML_Faladje,Nigeria_Gombe,Mali_Faladje,Nigeria,Mali,Gombe,Faladje,57,75,3R,3R:32200685-33200684,32200685,33200684,20000000,21000000,20.5,1000000,0.0014240373039646,0.000807102158696,,2090,8177,3,False,False,False,0.000807102158696,0.0014240373039646,0.000807102158696,0.0014240373039646
With Nigeria,Nigeria_Gombe_vs_Mali_Faladje,NG_Gombe_vs_ML_Faladje,NG_Gombe vs ML_Faladje,Nigeria_Gombe,Mali_Faladje,Nigeria,Mali,Gombe,Faladje,57,75,3R,3R:31200685-32200684,31200685,32200684,21000000,22000000,21.5,1000000,0.0016839211581014,0.0009734257917395,,8476,31667,3,False,False,False,0.0009734257917395,0.0016839211581014,0.0009734257917395,0.0016839211581014
With Nigeria,Nigeria_Gombe_vs_Mali_Faladje,NG_Gombe_vs_ML_Faladje,NG_Gombe vs ML_Faladje,Nigeria_Gombe,Mali_Faladje,Nigeria,Mali,Gombe,Faladje,57,75,3R,3R:30200685-31200684,30200685,31200684,22000000,23000000,22.5,1000000,0.0006210025578147,0.0010004084118849,,10926,41533,3,False,False,False,0.0010004084118849,0.0006210025578147,0.0010004084118849,0.0006210025578147
With Nigeria,Nigeria_Gombe_vs_Mali_Faladje,NG_Gombe_vs_ML_Faladje,NG_Gombe vs ML_Faladje,Nigeria_Gombe,Mali_Faladje,Nigeria,Mali,Gombe,Faladje,57,75,3R,3R:29200685-30200684,29200685,30200684,23000000,24000000,23.5,1000000,0.0004301761881597,0.0015699177368132,,4146,15604,3,False,False,False,0.0015699177368132,0.0004301761881597,0.0015699177368132,0.0004301761881597
With Nigeria,Nigeria_Gombe_vs_Mali_Faladje,NG_Gombe_vs_ML_Faladje,NG_Gombe vs ML_Faladje,Nigeria_Gombe,Mali_Faladje,Nigeria,Mali,Gombe,Faladje,57,75,3R,3R:28200685-29200684,28200685,29200684,24000000,25000000,24.5,1000000,0.0551989504301694,0.077276995970456,,10912,40164,3,True,True,True,,,,
With Nigeria,Nigeria_Gombe_vs_Mali_Faladje,NG_Gombe_vs_ML_Faladje,NG_Gombe vs ML_Faladje,Nigeria_Gombe,Mali_Faladje,Nigeria,Mali,Gombe,Faladje,57,75,X,X:23393109-24393108,23393109,24393108,0,1000000,0.5,1000000,0.0027305892274709,0.0,,1995,7769,3,False,False,False,0.0,0.0027305892274709,0.0,0.0027305892274709
With Nigeria,Nigeria_Gombe_vs_Mali_Faladje,NG_Gombe_vs_ML_Faladje,NG_Gombe vs ML_Faladje,Nigeria_Gombe,Mali_Faladje,Nigeria,Mali,Gombe,Faladje,57,75,X,X:22393109-23393108,22393109,23393108,1000000,2000000,1.5,1000000,0.0001826401679703,0.0,,913,3779,3,False,False,False,0.0,0.0001826401679703,0.0,0.0001826401679703
With Nigeria,Nigeria_Gombe_vs_Mali_Faladje,NG_Gombe_vs_ML_Faladje,NG_Gombe vs ML_Faladje,Nigeria_Gombe,Mali_Faladje,Nigeria,Mali,Gombe,Faladje,57,75,X,X:21393109-22393108,21393109,22393108,2000000,3000000,2.5,1000000,0.0162863251439931,0.0010653212507699,,1008,4241,3,False,False,False,0.0010653212507699,0.0162863251439931,0.0010653212507699,0.0162863251439931
With Nigeria,Nigeria_Gombe_vs_Mali_Faladje,NG_Gombe_vs_ML_Faladje,NG_Gombe vs ML_Faladje,Nigeria_Gombe,Mali_Faladje,Nigeria,Mali,Gombe,Faladje,57,75,X,X:20393109-21393108,20393109,21393108,3000000,4000000,3.5,1000000,0.0,0.0069001442617087,,1004,4346,3,False,False,False,0.0069001442617087,0.0,0.0069001442617087,0.0
With Nigeria,Nigeria_Gombe_vs_Mali_Faladje,NG_Gombe_vs_ML_Faladje,NG_Gombe vs ML_Faladje,Nigeria_Gombe,Mali_Faladje,Nigeria,Mali,Gombe,Faladje,57,75,X,X:19393109-20393108,19393109,20393108,4000000,5000000,4.5,1000000,0.0001905503820552,0.0012303449275351,,7559,26297,3,False,False,False,0.0012303449275351,0.0001905503820552,0.0012303449275351,0.0001905503820552
With Nigeria,Nigeria_Gombe_vs_Mali_Faladje,NG_Gombe_vs_ML_Faladje,NG_Gombe vs ML_Faladje,Nigeria_Gombe,Mali_Faladje,Nigeria,Mali,Gombe,Faladje,57,75,X,X:18393109-19393108,18393109,19393108,5000000,6000000,5.5,1000000,0.0016483335215357,0.0051275026356875,,8599,30246,3,False,False,False,0.0051275026356875,0.0016483335215357,0.0051275026356875,0.0016483335215357
With Nigeria,Nigeria_Gombe_vs_Mali_Faladje,NG_Gombe_vs_ML_Faladje,NG_Gombe vs ML_Faladje,Nigeria_Gombe,Mali_Faladje,Nigeria,Mali,Gombe,Faladje,57,75,X,X:17393109-18393108,17393109,18393108,6000000,7000000,6.5,1000000,0.0021383150103508,0.003174841286485,,7663,26828,3,False,False,False,0.003174841286485,0.0021383150103508,0.003174841286485,0.0021383150103508
With Nigeria,Nigeria_Gombe_vs_Mali_Faladje,NG_Gombe_vs_ML_Faladje,NG_Gombe vs ML_Faladje,Nigeria_Gombe,Mali_Faladje,Nigeria,Mali,Gombe,Faladje,57,75,X,X:16393109-17393108,16393109,17393108,7000000,8000000,7.5,1000000,0.0126969011876938,0.0129205370278661,,9644,33912,3,False,False,False,0.0129205370278661,0.0126969011876938,0.0129205370278661,0.0126969011876938
With Nigeria,Nigeria_Gombe_vs_Mali_Faladje,NG_Gombe_vs_ML_Faladje,NG_Gombe vs ML_Faladje,Nigeria_Gombe,Mali_Faladje,Nigeria,Mali,Gombe,Faladje,57,75,X,X:15393109-16393108,15393109,16393108,8000000,9000000,8.5,1000000,0.1578545627399638,0.1029730376299967,,8592,29830,3,True,True,True,,,,
With Nigeria,Nigeria_Gombe_vs_Mali_Faladje,NG_Gombe_vs_ML_Faladje,NG_Gombe vs ML_Faladje,Nigeria_Gombe,Mali_Faladje,Nigeria,Mali,Gombe,Faladje,57,75,X,X:14393109-15393108,14393109,15393108,9000000,10000000,9.5,1000000,0.173173257262577,0.1491242519971759,,7287,24942,3,True,True,True,,,,
With Nigeria,Nigeria_Gombe_vs_Mali_Faladje,NG_Gombe_vs_ML_Faladje,NG_Gombe vs ML_Faladje,Nigeria_Gombe,Mali_Faladje,Nigeria,Mali,Gombe,Faladje,57,75,X,X:13393109-14393108,13393109,14393108,10000000,11000000,10.5,1000000,0.0080550024012445,0.0164884209956215,,9597,34062,3,False,False,False,0.0164884209956215,0.0080550024012445,0.0164884209956215,0.0080550024012445
With Nigeria,Nigeria_Gombe_vs_Mali_Faladje,NG_Gombe_vs_ML_Faladje,NG_Gombe vs ML_Faladje,Nigeria_Gombe,Mali_Faladje,Nigeria,Mali,Gombe,Faladje,57,75,X,X:12393109-13393108,12393109,13393108,11000000,12000000,11.5,1000000,0.0037177528095327,0.0032536009845227,,7262,24701,3,False,False,False,0.0032536009845227,0.0037177528095327,0.0032536009845227,0.0037177528095327
With Nigeria,Nigeria_Gombe_vs_Mali_Faladje,NG_Gombe_vs_ML_Faladje,NG_Gombe vs ML_Faladje,Nigeria_Gombe,Mali_Faladje,Nigeria,Mali,Gombe,Faladje,57,75,X,X:11393109-12393108,11393109,12393108,12000000,13000000,12.5,1000000,0.0032477784435242,0.0019676350007847,,9421,33914,3,False,False,False,0.0019676350007847,0.0032477784435242,0.0019676350007847,0.0032477784435242
With Nigeria,Nigeria_Gombe_vs_Mali_Faladje,NG_Gombe_vs_ML_Faladje,NG_Gombe vs ML_Faladje,Nigeria_Gombe,Mali_Faladje,Nigeria,Mali,Gombe,Faladje,57,75,X,X:10393109-11393108,10393109,11393108,13000000,14000000,13.5,1000000,0.0,0.0004308842082271,,7101,23410,3,False,False,False,0.0004308842082271,0.0,0.0004308842082271,0.0
With Nigeria,Nigeria_Gombe_vs_Mali_Faladje,NG_Gombe_vs_ML_Faladje,NG_Gombe vs ML_Faladje,Nigeria_Gombe,Mali_Faladje,Nigeria,Mali,Gombe,Faladje,57,75,X,X:9393109-10393108,9393109,10393108,14000000,15000000,14.5,1000000,0.0049456551140876,0.0020312121027106,,13600,44499,3,False,False,False,0.0020312121027106,0.0049456551140876,0.0020312121027106,0.0049456551140876
With Nigeria,Nigeria_Gombe_vs_Mali_Faladje,NG_Gombe_vs_ML_Faladje,NG_Gombe vs ML_Faladje,Nigeria_Gombe,Mali_Faladje,Nigeria,Mali,Gombe,Faladje,57,75,X,X:8393109-9393108,8393109,9393108,15000000,16000000,15.5,1000000,0.0097447576246227,0.0079443460286777,,7345,23518,3,False,False,False,0.0079443460286777,0.0097447576246227,0.0079443460286777,0.0097447576246227
With Nigeria,Nigeria_Gombe_vs_Mali_Faladje,NG_Gombe_vs_ML_Faladje,NG_Gombe vs ML_Faladje,Nigeria_Gombe,Mali_Faladje,Nigeria,Mali,Gombe,Faladje,57,75,X,X:7393109-8393108,7393109,8393108,16000000,17000000,16.5,1000000,0.0024526235717715,0.0019385431545775,,14991,49696,3,False,False,False,0.0019385431545775,0.0024526235717715,0.0019385431545775,0.0024526235717715
With Nigeria,Nigeria_Gombe_vs_Mali_Faladje,NG_Gombe_vs_ML_Faladje,NG_Gombe vs ML_Faladje,Nigeria_Gombe,Mali_Faladje,Nigeria,Mali,Gombe,Faladje,57,75,X,X:6393109-7393108,6393109,7393108,17000000,18000000,17.5,1000000,0.0012747945345603,0.0010666101880496,,11501,37169,3,False,False,False,0.0010666101880496,0.0012747945345603,0.0010666101880496,0.0012747945345603
With Nigeria,Nigeria_Gombe_vs_Mali_Faladje,NG_Gombe_vs_ML_Faladje,NG_Gombe vs ML_Faladje,Nigeria_Gombe,Mali_Faladje,Nigeria,Mali,Gombe,Faladje,57,75,X,X:5393109-6393108,5393109,6393108,18000000,19000000,18.5,1000000,0.0,0.000448918730221,,11395,37847,3,False,False,False,0.000448918730221,0.0,0.000448918730221,0.0
With Nigeria,Nigeria_Gombe_vs_Mali_Faladje,NG_Gombe_vs_ML_Faladje,NG_Gombe vs ML_Faladje,Nigeria_Gombe,Mali_Faladje,Nigeria,Mali,Gombe,Faladje,57,75,X,X:4393109-5393108,4393109,5393108,19000000,20000000,19.5,1000000,0.0004983410458693,0.0010332794781061,,11599,37899,3,False,False,False,0.0010332794781061,0.0004983410458693,0.0010332794781061,0.0004983410458693
With Nigeria,Nigeria_Gombe_vs_Mali_Faladje,NG_Gombe_vs_ML_Faladje,NG_Gombe vs ML_Faladje,Nigeria_Gombe,Mali_Faladje,Nigeria,Mali,Gombe,Faladje,57,75,X,X:3393109-4393108,3393109,4393108,20000000,21000000,20.5,1000000,0.0009712418877747,0.0007225425405929,,6424,21945,3,False,False,False,0.0007225425405929,0.0009712418877747,0.0007225425405929,0.0009712418877747
With Nigeria,Nigeria_Gombe_vs_Mali_Faladje,NG_Gombe_vs_ML_Faladje,NG_Gombe vs ML_Faladje,Nigeria_Gombe,Mali_Faladje,Nigeria,Mali,Gombe,Faladje,57,75,X,X:2393109-3393108,2393109,3393108,21000000,22000000,21.5,1000000,0.0016824063251245,0.0017864011792154,,12147,40663,3,False,False,False,0.0017864011792154,0.0016824063251245,0.0017864011792154,0.0016824063251245
With Nigeria,Nigeria_Gombe_vs_Mali_Faladje,NG_Gombe_vs_ML_Faladje,NG_Gombe vs ML_Faladje,Nigeria_Gombe,Mali_Faladje,Nigeria,Mali,Gombe,Faladje,57,75,X,X:1393109-2393108,1393109,2393108,22000000,23000000,22.5,1000000,0.0017343045680174,0.0006058832750822,,13791,46192,3,False,False,False,0.0006058832750822,0.0017343045680174,0.0006058832750822,0.0017343045680174
With Nigeria,Nigeria_Gombe_vs_Mali_Faladje,NG_Gombe_vs_ML_Faladje,NG_Gombe vs ML_Faladje,Nigeria_Gombe,Mali_Faladje,Nigeria,Mali,Gombe,Faladje,57,75,X,X:393109-1393108,393109,1393108,23000000,24000000,23.5,1000000,0.0007833865460258,0.0011305840199048,,15310,54171,3,False,False,False,0.0011305840199048,0.0007833865460258,0.0011305840199048,0.0007833865460258
Without Nigeria,BurkinaFaso_BanaVillage_vs_Guinea_Siguiri_Dankakoro,BF_BanaVil_vs_GN_Siguiri,BF_BanaVil vs GN_Siguiri,BurkinaFaso_BanaVillage,Guinea_Siguiri_Dankakoro,Burkina Faso,Guinea,Bana Village,Siguiri_Dankakoro,120,81,3R,3R:52200685-53200684,52200685,53200684,0,1000000,0.5,1000000,0.0035548556123291,0.0099333044524616,,2594,11296,4,False,False,False,0.0099333044524616,0.0035548556123291,0.0099333044524616,0.0035548556123291
Without Nigeria,BurkinaFaso_BanaVillage_vs_Guinea_Siguiri_Dankakoro,BF_BanaVil_vs_GN_Siguiri,BF_BanaVil vs GN_Siguiri,BurkinaFaso_BanaVillage,Guinea_Siguiri_Dankakoro,Burkina Faso,Guinea,Bana Village,Siguiri_Dankakoro,120,81,3R,3R:51200685-52200684,51200685,52200684,1000000,2000000,1.5,1000000,0.0,0.0002315560136876,,13121,53535,4,False,False,False,0.0002315560136876,0.0,0.0002315560136876,0.0
Without Nigeria,BurkinaFaso_BanaVillage_vs_Guinea_Siguiri_Dankakoro,BF_BanaVil_vs_GN_Siguiri,BF_BanaVil vs GN_Siguiri,BurkinaFaso_BanaVillage,Guinea_Siguiri_Dankakoro,Burkina Faso,Guinea,Bana Village,Siguiri_Dankakoro,120,81,3R,3R:50200685-51200684,50200685,51200684,2000000,3000000,2.5,1000000,0.0,0.0,,8386,34569,4,False,False,False,0.0,0.0,0.0,0.0
Without Nigeria,BurkinaFaso_BanaVillage_vs_Guinea_Siguiri_Dankakoro,BF_BanaVil_vs_GN_Siguiri,BF_BanaVil vs GN_Siguiri,BurkinaFaso_BanaVillage,Guinea_Siguiri_Dankakoro,Burkina Faso,Guinea,Bana Village,Siguiri_Dankakoro,120,81,3R,3R:49200685-50200684,49200685,50200684,3000000,4000000,3.5,1000000,0.0,0.0004055002200681,,10742,43712,4,False,False,False,0.0004055002200681,0.0,0.0004055002200681,0.0
Without Nigeria,BurkinaFaso_BanaVillage_vs_Guinea_Siguiri_Dankakoro,BF_BanaVil_vs_GN_Siguiri,BF_BanaVil vs GN_Siguiri,BurkinaFaso_BanaVillage,Guinea_Siguiri_Dankakoro,Burkina Faso,Guinea,Bana Village,Siguiri_Dankakoro,120,81,3R,3R:48200685-49200684,48200685,49200684,4000000,5000000,4.5,1000000,0.0004332348338812,0.0,,11478,46164,4,False,False,False,0.0,0.0004332348338812,0.0,0.0004332348338812
Without Nigeria,BurkinaFaso_BanaVillage_vs_Guinea_Siguiri_Dankakoro,BF_BanaVil_vs_GN_Siguiri,BF_BanaVil vs GN_Siguiri,BurkinaFaso_BanaVillage,Guinea_Siguiri_Dankakoro,Burkina Faso,Guinea,Bana Village,Siguiri_Dankakoro,120,81,3R,3R:47200685-48200684,47200685,48200684,5000000,6000000,5.5,1000000,0.0,0.0001172557938965,,15586,61531,4,False,False,False,0.0001172557938965,0.0,0.0001172557938965,0.0
Without Nigeria,BurkinaFaso_BanaVillage_vs_Guinea_Siguiri_Dankakoro,BF_BanaVil_vs_GN_Siguiri,BF_BanaVil vs GN_Siguiri,BurkinaFaso_BanaVillage,Guinea_Siguiri_Dankakoro,Burkina Faso,Guinea,Bana Village,Siguiri_Dankakoro,120,81,3R,3R:46200685-47200684,46200685,47200684,6000000,7000000,6.5,1000000,0.0,0.0,,6874,27275,4,False,False,False,0.0,0.0,0.0,0.0
Without Nigeria,BurkinaFaso_BanaVillage_vs_Guinea_Siguiri_Dankakoro,BF_BanaVil_vs_GN_Siguiri,BF_BanaVil vs GN_Siguiri,BurkinaFaso_BanaVillage,Guinea_Siguiri_Dankakoro,Burkina Faso,Guinea,Bana Village,Siguiri_Dankakoro,120,81,3R,3R:45200685-46200684,45200685,46200684,7000000,8000000,7.5,1000000,0.0012981841206191,0.0008167882470794,,8172,32093,4,False,False,False,0.0008167882470794,0.0012981841206191,0.0008167882470794,0.0012981841206191
Without Nigeria,BurkinaFaso_BanaVillage_vs_Guinea_Siguiri_Dankakoro,BF_BanaVil_vs_GN_Siguiri,BF_BanaVil vs GN_Siguiri,BurkinaFaso_BanaVillage,Guinea_Siguiri_Dankakoro,Burkina Faso,Guinea,Bana Village,Siguiri_Dankakoro,120,81,3R,3R:44200685-45200684,44200685,45200684,8000000,9000000,8.5,1000000,0.0005010231092312,0.0004650246636588,,7524,29111,4,False,False,False,0.0004650246636588,0.0005010231092312,0.0004650246636588,0.0005010231092312
Without Nigeria,BurkinaFaso_BanaVillage_vs_Guinea_Siguiri_Dankakoro,BF_BanaVil_vs_GN_Siguiri,BF_BanaVil vs GN_Siguiri,BurkinaFaso_BanaVillage,Guinea_Siguiri_Dankakoro,Burkina Faso,Guinea,Bana Village,Siguiri_Dankakoro,120,81,3R,3R:43200685-44200684,43200685,44200684,9000000,10000000,9.5,1000000,0.0004354868235955,0.0002100401559859,,15577,58548,4,False,False,False,0.0002100401559859,0.0004354868235955,0.0002100401559859,0.0004354868235955
Without Nigeria,BurkinaFaso_BanaVillage_vs_Guinea_Siguiri_Dankakoro,BF_BanaVil_vs_GN_Siguiri,BF_BanaVil vs GN_Siguiri,BurkinaFaso_BanaVillage,Guinea_Siguiri_Dankakoro,Burkina Faso,Guinea,Bana Village,Siguiri_Dankakoro,120,81,3R,3R:42200685-43200684,42200685,43200684,10000000,11000000,10.5,1000000,0.0,0.0006381544123626,,4926,20567,4,False,False,False,0.0006381544123626,0.0,0.0006381544123626,0.0
Without Nigeria,BurkinaFaso_BanaVillage_vs_Guinea_Siguiri_Dankakoro,BF_BanaVil_vs_GN_Siguiri,BF_BanaVil vs GN_Siguiri,BurkinaFaso_BanaVillage,Guinea_Siguiri_Dankakoro,Burkina Faso,Guinea,Bana Village,Siguiri_Dankakoro,120,81,3R,3R:41200685-42200684,41200685,42200684,11000000,12000000,11.5,1000000,0.0010578482183179,0.0005286045655293,,6292,25544,4,False,False,False,0.0005286045655293,0.0010578482183179,0.0005286045655293,0.0010578482183179
Without Nigeria,BurkinaFaso_BanaVillage_vs_Guinea_Siguiri_Dankakoro,BF_BanaVil_vs_GN_Siguiri,BF_BanaVil vs GN_Siguiri,BurkinaFaso_BanaVillage,Guinea_Siguiri_Dankakoro,Burkina Faso,Guinea,Bana Village,Siguiri_Dankakoro,120,81,3R,3R:40200685-41200684,40200685,41200684,12000000,13000000,12.5,1000000,0.0,0.0,,154,943,4,False,False,False,0.0,0.0,0.0,0.0
Without Nigeria,BurkinaFaso_BanaVillage_vs_Guinea_Siguiri_Dankakoro,BF_BanaVil_vs_GN_Siguiri,BF_BanaVil vs GN_Siguiri,BurkinaFaso_BanaVillage,Guinea_Siguiri_Dankakoro,Burkina Faso,Guinea,Bana Village,Siguiri_Dankakoro,120,81,3R,3R:39200685-40200684,39200685,40200684,13000000,14000000,13.5,1000000,0.0054313245501015,0.0036285125475884,,929,4046,4,False,False,False,0.0036285125475884,0.0054313245501015,0.0036285125475884,0.0054313245501015
Without Nigeria,BurkinaFaso_BanaVillage_vs_Guinea_Siguiri_Dankakoro,BF_BanaVil_vs_GN_Siguiri,BF_BanaVil vs GN_Siguiri,BurkinaFaso_BanaVillage,Guinea_Siguiri_Dankakoro,Burkina Faso,Guinea,Bana Village,Siguiri_Dankakoro,120,81,3R,3R:38200685-39200684,38200685,39200684,14000000,15000000,14.5,1000000,0.0,0.0,,3935,15162,4,False,False,False,0.0,0.0,0.0,0.0
Without Nigeria,BurkinaFaso_BanaVillage_vs_Guinea_Siguiri_Dankakoro,BF_BanaVil_vs_GN_Siguiri,BF_BanaVil vs GN_Siguiri,BurkinaFaso_BanaVillage,Guinea_Siguiri_Dankakoro,Burkina Faso,Guinea,Bana Village,Siguiri_Dankakoro,120,81,3R,3R:37200685-38200684,37200685,38200684,15000000,16000000,15.5,1000000,0.0,0.0003367438615767,,10427,40318,4,False,False,False,0.0003367438615767,0.0,0.0003367438615767,0.0
Without Nigeria,BurkinaFaso_BanaVillage_vs_Guinea_Siguiri_Dankakoro,BF_BanaVil_vs_GN_Siguiri,BF_BanaVil vs GN_Siguiri,BurkinaFaso_BanaVillage,Guinea_Siguiri_Dankakoro,Burkina Faso,Guinea,Bana Village,Siguiri_Dankakoro,120,81,3R,3R:36200685-37200684,36200685,37200684,16000000,17000000,16.5,1000000,0.0006543595995997,9.205242572406476e-05,,12882,50124,4,False,False,False,9.205242572406476e-05,0.0006543595995997,9.205242572406476e-05,0.0006543595995997
Without Nigeria,BurkinaFaso_BanaVillage_vs_Guinea_Siguiri_Dankakoro,BF_BanaVil_vs_GN_Siguiri,BF_BanaVil vs GN_Siguiri,BurkinaFaso_BanaVillage,Guinea_Siguiri_Dankakoro,Burkina Faso,Guinea,Bana Village,Siguiri_Dankakoro,120,81,3R,3R:35200685-36200684,35200685,36200684,17000000,18000000,17.5,1000000,0.0008135474534167,0.0004253757712632,,13893,55922,4,False,False,False,0.0004253757712632,0.0008135474534167,0.0004253757712632,0.0008135474534167
Without Nigeria,BurkinaFaso_BanaVillage_vs_Guinea_Siguiri_Dankakoro,BF_BanaVil_vs_GN_Siguiri,BF_BanaVil vs GN_Siguiri,BurkinaFaso_BanaVillage,Guinea_Siguiri_Dankakoro,Burkina Faso,Guinea,Bana Village,Siguiri_Dankakoro,120,81,3R,3R:34200685-35200684,34200685,35200684,18000000,19000000,18.5,1000000,0.0002515890568711,0.0,,8453,31170,4,False,False,False,0.0,0.0002515890568711,0.0,0.0002515890568711
Without Nigeria,BurkinaFaso_BanaVillage_vs_Guinea_Siguiri_Dankakoro,BF_BanaVil_vs_GN_Siguiri,BF_BanaVil vs GN_Siguiri,BurkinaFaso_BanaVillage,Guinea_Siguiri_Dankakoro,Burkina Faso,Guinea,Bana Village,Siguiri_Dankakoro,120,81,3R,3R:33200685-34200684,33200685,34200684,19000000,20000000,19.5,1000000,0.0,0.0,,7436,28262,4,False,False,False,0.0,0.0,0.0,0.0
Without Nigeria,BurkinaFaso_BanaVillage_vs_Guinea_Siguiri_Dankakoro,BF_BanaVil_vs_GN_Siguiri,BF_BanaVil vs GN_Siguiri,BurkinaFaso_BanaVillage,Guinea_Siguiri_Dankakoro,Burkina Faso,Guinea,Bana Village,Siguiri_Dankakoro,120,81,3R,3R:32200685-33200684,32200685,33200684,20000000,21000000,20.5,1000000,0.0006531708798531,0.0011060632110469,,2090,8177,4,False,False,False,0.0011060632110469,0.0006531708798531,0.0011060632110469,0.0006531708798531
Without Nigeria,BurkinaFaso_BanaVillage_vs_Guinea_Siguiri_Dankakoro,BF_BanaVil_vs_GN_Siguiri,BF_BanaVil vs GN_Siguiri,BurkinaFaso_BanaVillage,Guinea_Siguiri_Dankakoro,Burkina Faso,Guinea,Bana Village,Siguiri_Dankakoro,120,81,3R,3R:31200685-32200684,31200685,32200684,21000000,22000000,21.5,1000000,0.0,0.0,,8476,31667,4,False,False,False,0.0,0.0,0.0,0.0
Without Nigeria,BurkinaFaso_BanaVillage_vs_Guinea_Siguiri_Dankakoro,BF_BanaVil_vs_GN_Siguiri,BF_BanaVil vs GN_Siguiri,BurkinaFaso_BanaVillage,Guinea_Siguiri_Dankakoro,Burkina Faso,Guinea,Bana Village,Siguiri_Dankakoro,120,81,3R,3R:30200685-31200684,30200685,31200684,22000000,23000000,22.5,1000000,0.000497089443349,0.0,,10926,41533,4,False,False,False,0.0,0.000497089443349,0.0,0.000497089443349
Without Nigeria,BurkinaFaso_BanaVillage_vs_Guinea_Siguiri_Dankakoro,BF_BanaVil_vs_GN_Siguiri,BF_BanaVil vs GN_Siguiri,BurkinaFaso_BanaVillage,Guinea_Siguiri_Dankakoro,Burkina Faso,Guinea,Bana Village,Siguiri_Dankakoro,120,81,3R,3R:29200685-30200684,29200685,30200684,23000000,24000000,23.5,1000000,0.0002383507462243,0.0,,4146,15604,4,False,False,False,0.0,0.0002383507462243,0.0,0.0002383507462243
Without Nigeria,BurkinaFaso_BanaVillage_vs_Guinea_Siguiri_Dankakoro,BF_BanaVil_vs_GN_Siguiri,BF_BanaVil vs GN_Siguiri,BurkinaFaso_BanaVillage,Guinea_Siguiri_Dankakoro,Burkina Faso,Guinea,Bana Village,Siguiri_Dankakoro,120,81,3R,3R:28200685-29200684,28200685,29200684,24000000,25000000,24.5,1000000,0.0016748395130472,0.0016848738085999,,10912,40164,4,False,False,False,0.0016848738085999,0.0016748395130472,0.0016848738085999,0.0016748395130472
Without Nigeria,BurkinaFaso_BanaVillage_vs_Guinea_Siguiri_Dankakoro,BF_BanaVil_vs_GN_Siguiri,BF_BanaVil vs GN_Siguiri,BurkinaFaso_BanaVillage,Guinea_Siguiri_Dankakoro,Burkina Faso,Guinea,Bana Village,Siguiri_Dankakoro,120,81,X,X:23393109-24393108,23393109,24393108,0,1000000,0.5,1000000,0.0014017447343615,0.0,,1995,7769,4,False,False,False,0.0,0.0014017447343615,0.0,0.0014017447343615
Without Nigeria,BurkinaFaso_BanaVillage_vs_Guinea_Siguiri_Dankakoro,BF_BanaVil_vs_GN_Siguiri,BF_BanaVil vs GN_Siguiri,BurkinaFaso_BanaVillage,Guinea_Siguiri_Dankakoro,Burkina Faso,Guinea,Bana Village,Siguiri_Dankakoro,120,81,X,X:22393109-23393108,22393109,23393108,1000000,2000000,1.5,1000000,0.0008962256632227,0.0,,913,3779,4,False,False,False,0.0,0.0008962256632227,0.0,0.0008962256632227
Without Nigeria,BurkinaFaso_BanaVillage_vs_Guinea_Siguiri_Dankakoro,BF_BanaVil_vs_GN_Siguiri,BF_BanaVil vs GN_Siguiri,BurkinaFaso_BanaVillage,Guinea_Siguiri_Dankakoro,Burkina Faso,Guinea,Bana Village,Siguiri_Dankakoro,120,81,X,X:21393109-22393108,21393109,22393108,2000000,3000000,2.5,1000000,0.0018841882038346,0.0020682717563895,,1008,4241,4,False,False,False,0.0020682717563895,0.0018841882038346,0.0020682717563895,0.0018841882038346
Without Nigeria,BurkinaFaso_BanaVillage_vs_Guinea_Siguiri_Dankakoro,BF_BanaVil_vs_GN_Siguiri,BF_BanaVil vs GN_Siguiri,BurkinaFaso_BanaVillage,Guinea_Siguiri_Dankakoro,Burkina Faso,Guinea,Bana Village,Siguiri_Dankakoro,120,81,X,X:20393109-21393108,20393109,21393108,3000000,4000000,3.5,1000000,0.0013657617760542,0.0,,1004,4346,4,False,False,False,0.0,0.0013657617760542,0.0,0.0013657617760542
Without Nigeria,BurkinaFaso_BanaVillage_vs_Guinea_Siguiri_Dankakoro,BF_BanaVil_vs_GN_Siguiri,BF_BanaVil vs GN_Siguiri,BurkinaFaso_BanaVillage,Guinea_Siguiri_Dankakoro,Burkina Faso,Guinea,Bana Village,Siguiri_Dankakoro,120,81,X,X:19393109-20393108,19393109,20393108,4000000,5000000,4.5,1000000,0.0026735037672811,0.0003494846526758,,7559,26297,4,False,False,False,0.0003494846526758,0.0026735037672811,0.0003494846526758,0.0026735037672811
Without Nigeria,BurkinaFaso_BanaVillage_vs_Guinea_Siguiri_Dankakoro,BF_BanaVil_vs_GN_Siguiri,BF_BanaVil vs GN_Siguiri,BurkinaFaso_BanaVillage,Guinea_Siguiri_Dankakoro,Burkina Faso,Guinea,Bana Village,Siguiri_Dankakoro,120,81,X,X:18393109-19393108,18393109,19393108,5000000,6000000,5.5,1000000,0.0,0.0,,8599,30246,4,False,False,False,0.0,0.0,0.0,0.0
Without Nigeria,BurkinaFaso_BanaVillage_vs_Guinea_Siguiri_Dankakoro,BF_BanaVil_vs_GN_Siguiri,BF_BanaVil vs GN_Siguiri,BurkinaFaso_BanaVillage,Guinea_Siguiri_Dankakoro,Burkina Faso,Guinea,Bana Village,Siguiri_Dankakoro,120,81,X,X:17393109-18393108,17393109,18393108,6000000,7000000,6.5,1000000,0.0021908933545374,0.0,,7663,26828,4,False,False,False,0.0,0.0021908933545374,0.0,0.0021908933545374
Without Nigeria,BurkinaFaso_BanaVillage_vs_Guinea_Siguiri_Dankakoro,BF_BanaVil_vs_GN_Siguiri,BF_BanaVil vs GN_Siguiri,BurkinaFaso_BanaVillage,Guinea_Siguiri_Dankakoro,Burkina Faso,Guinea,Bana Village,Siguiri_Dankakoro,120,81,X,X:16393109-17393108,16393109,17393108,7000000,8000000,7.5,1000000,0.0,0.0011638199960371,,9644,33912,4,False,False,False,0.0011638199960371,0.0,0.0011638199960371,0.0
Without Nigeria,BurkinaFaso_BanaVillage_vs_Guinea_Siguiri_Dankakoro,BF_BanaVil_vs_GN_Siguiri,BF_BanaVil vs GN_Siguiri,BurkinaFaso_BanaVillage,Guinea_Siguiri_Dankakoro,Burkina Faso,Guinea,Bana Village,Siguiri_Dankakoro,120,81,X,X:15393109-16393108,15393109,16393108,8000000,9000000,8.5,1000000,0.0018391363788068,0.0028584079238474,,8592,29830,4,False,False,False,0.0028584079238474,0.0018391363788068,0.0028584079238474,0.0018391363788068
Without Nigeria,BurkinaFaso_BanaVillage_vs_Guinea_Siguiri_Dankakoro,BF_BanaVil_vs_GN_Siguiri,BF_BanaVil vs GN_Siguiri,BurkinaFaso_BanaVillage,Guinea_Siguiri_Dankakoro,Burkina Faso,Guinea,Bana Village,Siguiri_Dankakoro,120,81,X,X:14393109-15393108,14393109,15393108,9000000,10000000,9.5,1000000,0.0,0.0,,7287,24942,4,False,False,False,0.0,0.0,0.0,0.0
Without Nigeria,BurkinaFaso_BanaVillage_vs_Guinea_Siguiri_Dankakoro,BF_BanaVil_vs_GN_Siguiri,BF_BanaVil vs GN_Siguiri,BurkinaFaso_BanaVillage,Guinea_Siguiri_Dankakoro,Burkina Faso,Guinea,Bana Village,Siguiri_Dankakoro,120,81,X,X:13393109-14393108,13393109,14393108,10000000,11000000,10.5,1000000,0.0004764744014315,0.000635243546126,,9597,34062,4,False,False,False,0.000635243546126,0.0004764744014315,0.000635243546126,0.0004764744014315
Without Nigeria,BurkinaFaso_BanaVillage_vs_Guinea_Siguiri_Dankakoro,BF_BanaVil_vs_GN_Siguiri,BF_BanaVil vs GN_Siguiri,BurkinaFaso_BanaVillage,Guinea_Siguiri_Dankakoro,Burkina Faso,Guinea,Bana Village,Siguiri_Dankakoro,120,81,X,X:12393109-13393108,12393109,13393108,11000000,12000000,11.5,1000000,0.0007575427310545,0.000351754640296,,7262,24701,4,False,False,False,0.000351754640296,0.0007575427310545,0.000351754640296,0.0007575427310545
Without Nigeria,BurkinaFaso_BanaVillage_vs_Guinea_Siguiri_Dankakoro,BF_BanaVil_vs_GN_Siguiri,BF_BanaVil vs GN_Siguiri,BurkinaFaso_BanaVillage,Guinea_Siguiri_Dankakoro,Burkina Faso,Guinea,Bana Village,Siguiri_Dankakoro,120,81,X,X:11393109-12393108,11393109,12393108,12000000,13000000,12.5,1000000,0.0003233578101039,0.0004475525770572,,9421,33914,4,False,False,False,0.0004475525770572,0.0003233578101039,0.0004475525770572,0.0003233578101039
Without Nigeria,BurkinaFaso_BanaVillage_vs_Guinea_Siguiri_Dankakoro,BF_BanaVil_vs_GN_Siguiri,BF_BanaVil vs GN_Siguiri,BurkinaFaso_BanaVillage,Guinea_Siguiri_Dankakoro,Burkina Faso,Guinea,Bana Village,Siguiri_Dankakoro,120,81,X,X:10393109-11393108,10393109,11393108,13000000,14000000,13.5,1000000,0.0006608036344542,0.0001773002038402,,7101,23410,4,False,False,False,0.0001773002038402,0.0006608036344542,0.0001773002038402,0.0006608036344542
Without Nigeria,BurkinaFaso_BanaVillage_vs_Guinea_Siguiri_Dankakoro,BF_BanaVil_vs_GN_Siguiri,BF_BanaVil vs GN_Siguiri,BurkinaFaso_BanaVillage,Guinea_Siguiri_Dankakoro,Burkina Faso,Guinea,Bana Village,Siguiri_Dankakoro,120,81,X,X:9393109-10393108,9393109,10393108,14000000,15000000,14.5,1000000,0.0037440247833892,0.0022018980068147,,13600,44499,4,False,False,False,0.0022018980068147,0.0037440247833892,0.0022018980068147,0.0037440247833892
Without Nigeria,BurkinaFaso_BanaVillage_vs_Guinea_Siguiri_Dankakoro,BF_BanaVil_vs_GN_Siguiri,BF_BanaVil vs GN_Siguiri,BurkinaFaso_BanaVillage,Guinea_Siguiri_Dankakoro,Burkina Faso,Guinea,Bana Village,Siguiri_Dankakoro,120,81,X,X:8393109-9393108,8393109,9393108,15000000,16000000,15.5,1000000,0.013081620214665,0.0081173738199912,,7345,23518,4,False,False,False,0.0081173738199912,0.013081620214665,0.0081173738199912,0.013081620214665
Without Nigeria,BurkinaFaso_BanaVillage_vs_Guinea_Siguiri_Dankakoro,BF_BanaVil_vs_GN_Siguiri,BF_BanaVil vs GN_Siguiri,BurkinaFaso_BanaVillage,Guinea_Siguiri_Dankakoro,Burkina Faso,Guinea,Bana Village,Siguiri_Dankakoro,120,81,X,X:7393109-8393108,7393109,8393108,16000000,17000000,16.5,1000000,0.0,0.0003708515648588,,14991,49696,4,False,False,False,0.0003708515648588,0.0,0.0003708515648588,0.0
Without Nigeria,BurkinaFaso_BanaVillage_vs_Guinea_Siguiri_Dankakoro,BF_BanaVil_vs_GN_Siguiri,BF_BanaVil vs GN_Siguiri,BurkinaFaso_BanaVillage,Guinea_Siguiri_Dankakoro,Burkina Faso,Guinea,Bana Village,Siguiri_Dankakoro,120,81,X,X:6393109-7393108,6393109,7393108,17000000,18000000,17.5,1000000,0.0,0.0,,11501,37169,4,False,False,False,0.0,0.0,0.0,0.0
Without Nigeria,BurkinaFaso_BanaVillage_vs_Guinea_Siguiri_Dankakoro,BF_BanaVil_vs_GN_Siguiri,BF_BanaVil vs GN_Siguiri,BurkinaFaso_BanaVillage,Guinea_Siguiri_Dankakoro,Burkina Faso,Guinea,Bana Village,Siguiri_Dankakoro,120,81,X,X:5393109-6393108,5393109,6393108,18000000,19000000,18.5,1000000,0.0,0.0,,11395,37847,4,False,False,False,0.0,0.0,0.0,0.0
Without Nigeria,BurkinaFaso_BanaVillage_vs_Guinea_Siguiri_Dankakoro,BF_BanaVil_vs_GN_Siguiri,BF_BanaVil vs GN_Siguiri,BurkinaFaso_BanaVillage,Guinea_Siguiri_Dankakoro,Burkina Faso,Guinea,Bana Village,Siguiri_Dankakoro,120,81,X,X:4393109-5393108,4393109,5393108,19000000,20000000,19.5,1000000,0.0003838561618709,0.0,,11599,37899,4,False,False,False,0.0,0.0003838561618709,0.0,0.0003838561618709
Without Nigeria,BurkinaFaso_BanaVillage_vs_Guinea_Siguiri_Dankakoro,BF_BanaVil_vs_GN_Siguiri,BF_BanaVil vs GN_Siguiri,BurkinaFaso_BanaVillage,Guinea_Siguiri_Dankakoro,Burkina Faso,Guinea,Bana Village,Siguiri_Dankakoro,120,81,X,X:3393109-4393108,3393109,4393108,20000000,21000000,20.5,1000000,0.0,0.0,,6424,21945,4,False,False,False,0.0,0.0,0.0,0.0
Without Nigeria,BurkinaFaso_BanaVillage_vs_Guinea_Siguiri_Dankakoro,BF_BanaVil_vs_GN_Siguiri,BF_BanaVil vs GN_Siguiri,BurkinaFaso_BanaVillage,Guinea_Siguiri_Dankakoro,Burkina Faso,Guinea,Bana Village,Siguiri_Dankakoro,120,81,X,X:2393109-3393108,2393109,3393108,21000000,22000000,21.5,1000000,7.966192013253982e-05,0.0,,12147,40663,4,False,False,False,0.0,7.966192013253982e-05,0.0,7.966192013253982e-05
Without Nigeria,BurkinaFaso_BanaVillage_vs_Guinea_Siguiri_Dankakoro,BF_BanaVil_vs_GN_Siguiri,BF_BanaVil vs GN_Siguiri,BurkinaFaso_BanaVillage,Guinea_Siguiri_Dankakoro,Burkina Faso,Guinea,Bana Village,Siguiri_Dankakoro,120,81,X,X:1393109-2393108,1393109,2393108,22000000,23000000,22.5,1000000,0.0,0.0,,13791,46192,4,False,False,False,0.0,0.0,0.0,0.0
Without Nigeria,BurkinaFaso_BanaVillage_vs_Guinea_Siguiri_Dankakoro,BF_BanaVil_vs_GN_Siguiri,BF_BanaVil vs GN_Siguiri,BurkinaFaso_BanaVillage,Guinea_Siguiri_Dankakoro,Burkina Faso,Guinea,Bana Village,Siguiri_Dankakoro,120,81,X,X:393109-1393108,393109,1393108,23000000,24000000,23.5,1000000,0.0,0.0,,15310,54171,4,False,False,False,0.0,0.0,0.0,0.0
Without Nigeria,BurkinaFaso_BanaVillage_vs_Mali_Faladje,BF_BanaVil_vs_ML_Faladje,BF_BanaVil vs ML_Faladje,BurkinaFaso_BanaVillage,Mali_Faladje,Burkina Faso,Mali,Bana Village,Faladje,120,75,3R,3R:52200685-53200684,52200685,53200684,0,1000000,0.5,1000000,0.0,0.0,,2594,11296,5,False,False,False,0.0,0.0,0.0,0.0
Without Nigeria,BurkinaFaso_BanaVillage_vs_Mali_Faladje,BF_BanaVil_vs_ML_Faladje,BF_BanaVil vs ML_Faladje,BurkinaFaso_BanaVillage,Mali_Faladje,Burkina Faso,Mali,Bana Village,Faladje,120,75,3R,3R:51200685-52200684,51200685,52200684,1000000,2000000,1.5,1000000,0.0,0.000148907931492,,13121,53535,5,False,False,False,0.000148907931492,0.0,0.000148907931492,0.0
Without Nigeria,BurkinaFaso_BanaVillage_vs_Mali_Faladje,BF_BanaVil_vs_ML_Faladje,BF_BanaVil vs ML_Faladje,BurkinaFaso_BanaVillage,Mali_Faladje,Burkina Faso,Mali,Bana Village,Faladje,120,75,3R,3R:50200685-51200684,50200685,51200684,2000000,3000000,2.5,1000000,0.0,0.0,,8386,34569,5,False,False,False,0.0,0.0,0.0,0.0
Without Nigeria,BurkinaFaso_BanaVillage_vs_Mali_Faladje,BF_BanaVil_vs_ML_Faladje,BF_BanaVil vs ML_Faladje,BurkinaFaso_BanaVillage,Mali_Faladje,Burkina Faso,Mali,Bana Village,Faladje,120,75,3R,3R:49200685-50200684,49200685,50200684,3000000,4000000,3.5,1000000,0.0012551691174269,0.0005041029129544,,10742,43712,5,False,False,False,0.0005041029129544,0.0012551691174269,0.0005041029129544,0.0012551691174269
Without Nigeria,BurkinaFaso_BanaVillage_vs_Mali_Faladje,BF_BanaVil_vs_ML_Faladje,BF_BanaVil vs ML_Faladje,BurkinaFaso_BanaVillage,Mali_Faladje,Burkina Faso,Mali,Bana Village,Faladje,120,75,3R,3R:48200685-49200684,48200685,49200684,4000000,5000000,4.5,1000000,0.0,0.0,,11478,46164,5,False,False,False,0.0,0.0,0.0,0.0
Without Nigeria,BurkinaFaso_BanaVillage_vs_Mali_Faladje,BF_BanaVil_vs_ML_Faladje,BF_BanaVil vs ML_Faladje,BurkinaFaso_BanaVillage,Mali_Faladje,Burkina Faso,Mali,Bana Village,Faladje,120,75,3R,3R:47200685-48200684,47200685,48200684,5000000,6000000,5.5,1000000,0.0,0.0,,15586,61531,5,False,False,False,0.0,0.0,0.0,0.0
Without Nigeria,BurkinaFaso_BanaVillage_vs_Mali_Faladje,BF_BanaVil_vs_ML_Faladje,BF_BanaVil vs ML_Faladje,BurkinaFaso_BanaVillage,Mali_Faladje,Burkina Faso,Mali,Bana Village,Faladje,120,75,3R,3R:46200685-47200684,46200685,47200684,6000000,7000000,6.5,1000000,0.0007069429201109,0.0,,6874,27275,5,False,False,False,0.0,0.0007069429201109,0.0,0.0007069429201109
Without Nigeria,BurkinaFaso_BanaVillage_vs_Mali_Faladje,BF_BanaVil_vs_ML_Faladje,BF_BanaVil vs ML_Faladje,BurkinaFaso_BanaVillage,Mali_Faladje,Burkina Faso,Mali,Bana Village,Faladje,120,75,3R,3R:45200685-46200684,45200685,46200684,7000000,8000000,7.5,1000000,0.0015412186937861,3.603897359602083e-06,,8172,32093,5,False,False,False,3.603897359602083e-06,0.0015412186937861,3.603897359602083e-06,0.0015412186937861
Without Nigeria,BurkinaFaso_BanaVillage_vs_Mali_Faladje,BF_BanaVil_vs_ML_Faladje,BF_BanaVil vs ML_Faladje,BurkinaFaso_BanaVillage,Mali_Faladje,Burkina Faso,Mali,Bana Village,Faladje,120,75,3R,3R:44200685-45200684,44200685,45200684,8000000,9000000,8.5,1000000,0.0,0.000220646297647,,7524,29111,5,False,False,False,0.000220646297647,0.0,0.000220646297647,0.0
Without Nigeria,BurkinaFaso_BanaVillage_vs_Mali_Faladje,BF_BanaVil_vs_ML_Faladje,BF_BanaVil vs ML_Faladje,BurkinaFaso_BanaVillage,Mali_Faladje,Burkina Faso,Mali,Bana Village,Faladje,120,75,3R,3R:43200685-44200684,43200685,44200684,9000000,10000000,9.5,1000000,0.0007418012160646,0.0003303188168994,,15577,58548,5,False,False,False,0.0003303188168994,0.0007418012160646,0.0003303188168994,0.0007418012160646
Without Nigeria,BurkinaFaso_BanaVillage_vs_Mali_Faladje,BF_BanaVil_vs_ML_Faladje,BF_BanaVil vs ML_Faladje,BurkinaFaso_BanaVillage,Mali_Faladje,Burkina Faso,Mali,Bana Village,Faladje,120,75,3R,3R:42200685-43200684,42200685,43200684,10000000,11000000,10.5,1000000,0.0,9.2817861032108e-05,,4926,20567,5,False,False,False,9.2817861032108e-05,0.0,9.2817861032108e-05,0.0
Without Nigeria,BurkinaFaso_BanaVillage_vs_Mali_Faladje,BF_BanaVil_vs_ML_Faladje,BF_BanaVil vs ML_Faladje,BurkinaFaso_BanaVillage,Mali_Faladje,Burkina Faso,Mali,Bana Village,Faladje,120,75,3R,3R:41200685-42200684,41200685,42200684,11000000,12000000,11.5,1000000,0.0001202097074738,3.733477884340288e-05,,6292,25544,5,False,False,False,3.733477884340288e-05,0.0001202097074738,3.733477884340288e-05,0.0001202097074738
Without Nigeria,BurkinaFaso_BanaVillage_vs_Mali_Faladje,BF_BanaVil_vs_ML_Faladje,BF_BanaVil vs ML_Faladje,BurkinaFaso_BanaVillage,Mali_Faladje,Burkina Faso,Mali,Bana Village,Faladje,120,75,3R,3R:40200685-41200684,40200685,41200684,12000000,13000000,12.5,1000000,0.0,0.0,,154,943,5,False,False,False,0.0,0.0,0.0,0.0
Without Nigeria,BurkinaFaso_BanaVillage_vs_Mali_Faladje,BF_BanaVil_vs_ML_Faladje,BF_BanaVil vs ML_Faladje,BurkinaFaso_BanaVillage,Mali_Faladje,Burkina Faso,Mali,Bana Village,Faladje,120,75,3R,3R:39200685-40200684,39200685,40200684,13000000,14000000,13.5,1000000,0.0002542812892158,0.0,,929,4046,5,False,False,False,0.0,0.0002542812892158,0.0,0.0002542812892158
Without Nigeria,BurkinaFaso_BanaVillage_vs_Mali_Faladje,BF_BanaVil_vs_ML_Faladje,BF_BanaVil vs ML_Faladje,BurkinaFaso_BanaVillage,Mali_Faladje,Burkina Faso,Mali,Bana Village,Faladje,120,75,3R,3R:38200685-39200684,38200685,39200684,14000000,15000000,14.5,1000000,0.0,0.0,,3935,15162,5,False,False,False,0.0,0.0,0.0,0.0
Without Nigeria,BurkinaFaso_BanaVillage_vs_Mali_Faladje,BF_BanaVil_vs_ML_Faladje,BF_BanaVil vs ML_Faladje,BurkinaFaso_BanaVillage,Mali_Faladje,Burkina Faso,Mali,Bana Village,Faladje,120,75,3R,3R:37200685-38200684,37200685,38200684,15000000,16000000,15.5,1000000,0.0,0.0,,10427,40318,5,False,False,False,0.0,0.0,0.0,0.0
Without Nigeria,BurkinaFaso_BanaVillage_vs_Mali_Faladje,BF_BanaVil_vs_ML_Faladje,BF_BanaVil vs ML_Faladje,BurkinaFaso_BanaVillage,Mali_Faladje,Burkina Faso,Mali,Bana Village,Faladje,120,75,3R,3R:36200685-37200684,36200685,37200684,16000000,17000000,16.5,1000000,3.242862968651179e-05,0.0001677200211747,,12882,50124,5,False,False,False,0.0001677200211747,3.242862968651179e-05,0.0001677200211747,3.242862968651179e-05
Without Nigeria,BurkinaFaso_BanaVillage_vs_Mali_Faladje,BF_BanaVil_vs_ML_Faladje,BF_BanaVil vs ML_Faladje,BurkinaFaso_BanaVillage,Mali_Faladje,Burkina Faso,Mali,Bana Village,Faladje,120,75,3R,3R:35200685-36200684,35200685,36200684,17000000,18000000,17.5,1000000,0.0008872800352832,2.986698023094614e-05,,13893,55922,5,False,False,False,2.986698023094614e-05,0.0008872800352832,2.986698023094614e-05,0.0008872800352832
Without Nigeria,BurkinaFaso_BanaVillage_vs_Mali_Faladje,BF_BanaVil_vs_ML_Faladje,BF_BanaVil vs ML_Faladje,BurkinaFaso_BanaVillage,Mali_Faladje,Burkina Faso,Mali,Bana Village,Faladje,120,75,3R,3R:34200685-35200684,34200685,35200684,18000000,19000000,18.5,1000000,0.0008558343636373,0.0001553980893935,,8453,31170,5,False,False,False,0.0001553980893935,0.0008558343636373,0.0001553980893935,0.0008558343636373
Without Nigeria,BurkinaFaso_BanaVillage_vs_Mali_Faladje,BF_BanaVil_vs_ML_Faladje,BF_BanaVil vs ML_Faladje,BurkinaFaso_BanaVillage,Mali_Faladje,Burkina Faso,Mali,Bana Village,Faladje,120,75,3R,3R:33200685-34200684,33200685,34200684,19000000,20000000,19.5,1000000,0.0001404194788944,0.0002935202442422,,7436,28262,5,False,False,False,0.0002935202442422,0.0001404194788944,0.0002935202442422,0.0001404194788944
Without Nigeria,BurkinaFaso_BanaVillage_vs_Mali_Faladje,BF_BanaVil_vs_ML_Faladje,BF_BanaVil vs ML_Faladje,BurkinaFaso_BanaVillage,Mali_Faladje,Burkina Faso,Mali,Bana Village,Faladje,120,75,3R,3R:32200685-33200684,32200685,33200684,20000000,21000000,20.5,1000000,0.0004169489982799,0.0011482561582479,,2090,8177,5,False,False,False,0.0011482561582479,0.0004169489982799,0.0011482561582479,0.0004169489982799
Without Nigeria,BurkinaFaso_BanaVillage_vs_Mali_Faladje,BF_BanaVil_vs_ML_Faladje,BF_BanaVil vs ML_Faladje,BurkinaFaso_BanaVillage,Mali_Faladje,Burkina Faso,Mali,Bana Village,Faladje,120,75,3R,3R:31200685-32200684,31200685,32200684,21000000,22000000,21.5,1000000,0.0001872830727215,0.0,,8476,31667,5,False,False,False,0.0,0.0001872830727215,0.0,0.0001872830727215
Without Nigeria,BurkinaFaso_BanaVillage_vs_Mali_Faladje,BF_BanaVil_vs_ML_Faladje,BF_BanaVil vs ML_Faladje,BurkinaFaso_BanaVillage,Mali_Faladje,Burkina Faso,Mali,Bana Village,Faladje,120,75,3R,3R:30200685-31200684,30200685,31200684,22000000,23000000,22.5,1000000,0.0001104161944663,0.0,,10926,41533,5,False,False,False,0.0,0.0001104161944663,0.0,0.0001104161944663
Without Nigeria,BurkinaFaso_BanaVillage_vs_Mali_Faladje,BF_BanaVil_vs_ML_Faladje,BF_BanaVil vs ML_Faladje,BurkinaFaso_BanaVillage,Mali_Faladje,Burkina Faso,Mali,Bana Village,Faladje,120,75,3R,3R:29200685-30200684,29200685,30200684,23000000,24000000,23.5,1000000,0.0,0.0,,4146,15604,5,False,False,False,0.0,0.0,0.0,0.0
Without Nigeria,BurkinaFaso_BanaVillage_vs_Mali_Faladje,BF_BanaVil_vs_ML_Faladje,BF_BanaVil vs ML_Faladje,BurkinaFaso_BanaVillage,Mali_Faladje,Burkina Faso,Mali,Bana Village,Faladje,120,75,3R,3R:28200685-29200684,28200685,29200684,24000000,25000000,24.5,1000000,0.0,0.0001110535351978,,10912,40164,5,False,False,False,0.0001110535351978,0.0,0.0001110535351978,0.0
Without Nigeria,BurkinaFaso_BanaVillage_vs_Mali_Faladje,BF_BanaVil_vs_ML_Faladje,BF_BanaVil vs ML_Faladje,BurkinaFaso_BanaVillage,Mali_Faladje,Burkina Faso,Mali,Bana Village,Faladje,120,75,X,X:23393109-24393108,23393109,24393108,0,1000000,0.5,1000000,0.0004875210444696,0.0,,1995,7769,5,False,False,False,0.0,0.0004875210444696,0.0,0.0004875210444696
Without Nigeria,BurkinaFaso_BanaVillage_vs_Mali_Faladje,BF_BanaVil_vs_ML_Faladje,BF_BanaVil vs ML_Faladje,BurkinaFaso_BanaVillage,Mali_Faladje,Burkina Faso,Mali,Bana Village,Faladje,120,75,X,X:22393109-23393108,22393109,23393108,1000000,2000000,1.5,1000000,0.0001864740145412,0.0,,913,3779,5,False,False,False,0.0,0.0001864740145412,0.0,0.0001864740145412
Without Nigeria,BurkinaFaso_BanaVillage_vs_Mali_Faladje,BF_BanaVil_vs_ML_Faladje,BF_BanaVil vs ML_Faladje,BurkinaFaso_BanaVillage,Mali_Faladje,Burkina Faso,Mali,Bana Village,Faladje,120,75,X,X:21393109-22393108,21393109,22393108,2000000,3000000,2.5,1000000,0.0029094701775721,0.0007408373723515,,1008,4241,5,False,False,False,0.0007408373723515,0.0029094701775721,0.0007408373723515,0.0029094701775721
Without Nigeria,BurkinaFaso_BanaVillage_vs_Mali_Faladje,BF_BanaVil_vs_ML_Faladje,BF_BanaVil vs ML_Faladje,BurkinaFaso_BanaVillage,Mali_Faladje,Burkina Faso,Mali,Bana Village,Faladje,120,75,X,X:20393109-21393108,20393109,21393108,3000000,4000000,3.5,1000000,0.0,0.0,,1004,4346,5,False,False,False,0.0,0.0,0.0,0.0
Without Nigeria,BurkinaFaso_BanaVillage_vs_Mali_Faladje,BF_BanaVil_vs_ML_Faladje,BF_BanaVil vs ML_Faladje,BurkinaFaso_BanaVillage,Mali_Faladje,Burkina Faso,Mali,Bana Village,Faladje,120,75,X,X:19393109-20393108,19393109,20393108,4000000,5000000,4.5,1000000,0.000250215632285,0.0,,7559,26297,5,False,False,False,0.0,0.000250215632285,0.0,0.000250215632285
Without Nigeria,BurkinaFaso_BanaVillage_vs_Mali_Faladje,BF_BanaVil_vs_ML_Faladje,BF_BanaVil vs ML_Faladje,BurkinaFaso_BanaVillage,Mali_Faladje,Burkina Faso,Mali,Bana Village,Faladje,120,75,X,X:18393109-19393108,18393109,19393108,5000000,6000000,5.5,1000000,0.0001407002871034,0.0,,8599,30246,5,False,False,False,0.0,0.0001407002871034,0.0,0.0001407002871034
Without Nigeria,BurkinaFaso_BanaVillage_vs_Mali_Faladje,BF_BanaVil_vs_ML_Faladje,BF_BanaVil vs ML_Faladje,BurkinaFaso_BanaVillage,Mali_Faladje,Burkina Faso,Mali,Bana Village,Faladje,120,75,X,X:17393109-18393108,17393109,18393108,6000000,7000000,6.5,1000000,0.0014368254990421,0.0005129310645462,,7663,26828,5,False,False,False,0.0005129310645462,0.0014368254990421,0.0005129310645462,0.0014368254990421
Without Nigeria,BurkinaFaso_BanaVillage_vs_Mali_Faladje,BF_BanaVil_vs_ML_Faladje,BF_BanaVil vs ML_Faladje,BurkinaFaso_BanaVillage,Mali_Faladje,Burkina Faso,Mali,Bana Village,Faladje,120,75,X,X:16393109-17393108,16393109,17393108,7000000,8000000,7.5,1000000,0.0003023056542377,0.0012798515698825,,9644,33912,5,False,False,False,0.0012798515698825,0.0003023056542377,0.0012798515698825,0.0003023056542377
Without Nigeria,BurkinaFaso_BanaVillage_vs_Mali_Faladje,BF_BanaVil_vs_ML_Faladje,BF_BanaVil vs ML_Faladje,BurkinaFaso_BanaVillage,Mali_Faladje,Burkina Faso,Mali,Bana Village,Faladje,120,75,X,X:15393109-16393108,15393109,16393108,8000000,9000000,8.5,1000000,0.0018658469464928,0.0019271292614401,,8592,29830,5,False,False,False,0.0019271292614401,0.0018658469464928,0.0019271292614401,0.0018658469464928
Without Nigeria,BurkinaFaso_BanaVillage_vs_Mali_Faladje,BF_BanaVil_vs_ML_Faladje,BF_BanaVil vs ML_Faladje,BurkinaFaso_BanaVillage,Mali_Faladje,Burkina Faso,Mali,Bana Village,Faladje,120,75,X,X:14393109-15393108,14393109,15393108,9000000,10000000,9.5,1000000,0.0011275067985588,0.0013104743820207,,7287,24942,5,False,False,False,0.0013104743820207,0.0011275067985588,0.0013104743820207,0.0011275067985588
Without Nigeria,BurkinaFaso_BanaVillage_vs_Mali_Faladje,BF_BanaVil_vs_ML_Faladje,BF_BanaVil vs ML_Faladje,BurkinaFaso_BanaVillage,Mali_Faladje,Burkina Faso,Mali,Bana Village,Faladje,120,75,X,X:13393109-14393108,13393109,14393108,10000000,11000000,10.5,1000000,0.0012412394901184,8.962080812027449e-05,,9597,34062,5,False,False,False,8.962080812027449e-05,0.0012412394901184,8.962080812027449e-05,0.0012412394901184
Without Nigeria,BurkinaFaso_BanaVillage_vs_Mali_Faladje,BF_BanaVil_vs_ML_Faladje,BF_BanaVil vs ML_Faladje,BurkinaFaso_BanaVillage,Mali_Faladje,Burkina Faso,Mali,Bana Village,Faladje,120,75,X,X:12393109-13393108,12393109,13393108,11000000,12000000,11.5,1000000,0.0,0.0,,7262,24701,5,False,False,False,0.0,0.0,0.0,0.0
Without Nigeria,BurkinaFaso_BanaVillage_vs_Mali_Faladje,BF_BanaVil_vs_ML_Faladje,BF_BanaVil vs ML_Faladje,BurkinaFaso_BanaVillage,Mali_Faladje,Burkina Faso,Mali,Bana Village,Faladje,120,75,X,X:11393109-12393108,11393109,12393108,12000000,13000000,12.5,1000000,0.0013456897827931,0.0004101575047791,,9421,33914,5,False,False,False,0.0004101575047791,0.0013456897827931,0.0004101575047791,0.0013456897827931
Without Nigeria,BurkinaFaso_BanaVillage_vs_Mali_Faladje,BF_BanaVil_vs_ML_Faladje,BF_BanaVil vs ML_Faladje,BurkinaFaso_BanaVillage,Mali_Faladje,Burkina Faso,Mali,Bana Village,Faladje,120,75,X,X:10393109-11393108,10393109,11393108,13000000,14000000,13.5,1000000,0.0001360396429827,0.0002513598070699,,7101,23410,5,False,False,False,0.0002513598070699,0.0001360396429827,0.0002513598070699,0.0001360396429827
Without Nigeria,BurkinaFaso_BanaVillage_vs_Mali_Faladje,BF_BanaVil_vs_ML_Faladje,BF_BanaVil vs ML_Faladje,BurkinaFaso_BanaVillage,Mali_Faladje,Burkina Faso,Mali,Bana Village,Faladje,120,75,X,X:9393109-10393108,9393109,10393108,14000000,15000000,14.5,1000000,0.0026682838411997,0.001509182404376,,13600,44499,5,False,False,False,0.001509182404376,0.0026682838411997,0.001509182404376,0.0026682838411997
Without Nigeria,BurkinaFaso_BanaVillage_vs_Mali_Faladje,BF_BanaVil_vs_ML_Faladje,BF_BanaVil vs ML_Faladje,BurkinaFaso_BanaVillage,Mali_Faladje,Burkina Faso,Mali,Bana Village,Faladje,120,75,X,X:8393109-9393108,8393109,9393108,15000000,16000000,15.5,1000000,0.0111048736965144,0.0070122058105339,,7345,23518,5,False,False,False,0.0070122058105339,0.0111048736965144,0.0070122058105339,0.0111048736965144
Without Nigeria,BurkinaFaso_BanaVillage_vs_Mali_Faladje,BF_BanaVil_vs_ML_Faladje,BF_BanaVil vs ML_Faladje,BurkinaFaso_BanaVillage,Mali_Faladje,Burkina Faso,Mali,Bana Village,Faladje,120,75,X,X:7393109-8393108,7393109,8393108,16000000,17000000,16.5,1000000,9.194190480236813e-05,0.0,,14991,49696,5,False,False,False,0.0,9.194190480236813e-05,0.0,9.194190480236813e-05
Without Nigeria,BurkinaFaso_BanaVillage_vs_Mali_Faladje,BF_BanaVil_vs_ML_Faladje,BF_BanaVil vs ML_Faladje,BurkinaFaso_BanaVillage,Mali_Faladje,Burkina Faso,Mali,Bana Village,Faladje,120,75,X,X:6393109-7393108,6393109,7393108,17000000,18000000,17.5,1000000,0.000695776892193,0.0,,11501,37169,5,False,False,False,0.0,0.000695776892193,0.0,0.000695776892193
Without Nigeria,BurkinaFaso_BanaVillage_vs_Mali_Faladje,BF_BanaVil_vs_ML_Faladje,BF_BanaVil vs ML_Faladje,BurkinaFaso_BanaVillage,Mali_Faladje,Burkina Faso,Mali,Bana Village,Faladje,120,75,X,X:5393109-6393108,5393109,6393108,18000000,19000000,18.5,1000000,0.0,0.0,,11395,37847,5,False,False,False,0.0,0.0,0.0,0.0
Without Nigeria,BurkinaFaso_BanaVillage_vs_Mali_Faladje,BF_BanaVil_vs_ML_Faladje,BF_BanaVil vs ML_Faladje,BurkinaFaso_BanaVillage,Mali_Faladje,Burkina Faso,Mali,Bana Village,Faladje,120,75,X,X:4393109-5393108,4393109,5393108,19000000,20000000,19.5,1000000,0.0002521320375706,0.0,,11599,37899,5,False,False,False,0.0,0.0002521320375706,0.0,0.0002521320375706
Without Nigeria,BurkinaFaso_BanaVillage_vs_Mali_Faladje,BF_BanaVil_vs_ML_Faladje,BF_BanaVil vs ML_Faladje,BurkinaFaso_BanaVillage,Mali_Faladje,Burkina Faso,Mali,Bana Village,Faladje,120,75,X,X:3393109-4393108,3393109,4393108,20000000,21000000,20.5,1000000,0.0,0.0005261310362862,,6424,21945,5,False,False,False,0.0005261310362862,0.0,0.0005261310362862,0.0
Without Nigeria,BurkinaFaso_BanaVillage_vs_Mali_Faladje,BF_BanaVil_vs_ML_Faladje,BF_BanaVil vs ML_Faladje,BurkinaFaso_BanaVillage,Mali_Faladje,Burkina Faso,Mali,Bana Village,Faladje,120,75,X,X:2393109-3393108,2393109,3393108,21000000,22000000,21.5,1000000,0.0,0.0,,12147,40663,5,False,False,False,0.0,0.0,0.0,0.0
Without Nigeria,BurkinaFaso_BanaVillage_vs_Mali_Faladje,BF_BanaVil_vs_ML_Faladje,BF_BanaVil vs ML_Faladje,BurkinaFaso_BanaVillage,Mali_Faladje,Burkina Faso,Mali,Bana Village,Faladje,120,75,X,X:1393109-2393108,1393109,2393108,22000000,23000000,22.5,1000000,0.0,2.9344009751872963e-05,,13791,46192,5,False,False,False,2.9344009751872963e-05,0.0,2.9344009751872963e-05,0.0
Without Nigeria,BurkinaFaso_BanaVillage_vs_Mali_Faladje,BF_BanaVil_vs_ML_Faladje,BF_BanaVil vs ML_Faladje,BurkinaFaso_BanaVillage,Mali_Faladje,Burkina Faso,Mali,Bana Village,Faladje,120,75,X,X:393109-1393108,393109,1393108,23000000,24000000,23.5,1000000,0.0003665082102505,0.0,,15310,54171,5,False,False,False,0.0,0.0003665082102505,0.0,0.0003665082102505
Without Nigeria,Guinea_Siguiri_Dankakoro_vs_Mali_Faladje,GN_Siguiri_vs_ML_Faladje,GN_Siguiri vs ML_Faladje,Guinea_Siguiri_Dankakoro,Mali_Faladje,Guinea,Mali,Siguiri_Dankakoro,Faladje,81,75,3R,3R:52200685-53200684,52200685,53200684,0,1000000,0.5,1000000,0.0004851863327977,0.0067977623313239,,2594,11296,6,False,False,False,0.0067977623313239,0.0004851863327977,0.0067977623313239,0.0004851863327977
Without Nigeria,Guinea_Siguiri_Dankakoro_vs_Mali_Faladje,GN_Siguiri_vs_ML_Faladje,GN_Siguiri vs ML_Faladje,Guinea_Siguiri_Dankakoro,Mali_Faladje,Guinea,Mali,Siguiri_Dankakoro,Faladje,81,75,3R,3R:51200685-52200684,51200685,52200684,1000000,2000000,1.5,1000000,0.0004273679875018,0.001007736960455,,13121,53535,6,False,False,False,0.001007736960455,0.0004273679875018,0.001007736960455,0.0004273679875018
Without Nigeria,Guinea_Siguiri_Dankakoro_vs_Mali_Faladje,GN_Siguiri_vs_ML_Faladje,GN_Siguiri vs ML_Faladje,Guinea_Siguiri_Dankakoro,Mali_Faladje,Guinea,Mali,Siguiri_Dankakoro,Faladje,81,75,3R,3R:50200685-51200684,50200685,51200684,2000000,3000000,2.5,1000000,0.0,0.0,,8386,34569,6,False,False,False,0.0,0.0,0.0,0.0
Without Nigeria,Guinea_Siguiri_Dankakoro_vs_Mali_Faladje,GN_Siguiri_vs_ML_Faladje,GN_Siguiri vs ML_Faladje,Guinea_Siguiri_Dankakoro,Mali_Faladje,Guinea,Mali,Siguiri_Dankakoro,Faladje,81,75,3R,3R:49200685-50200684,49200685,50200684,3000000,4000000,3.5,1000000,0.0005012480529087,0.0008526104019142,,10742,43712,6,False,False,False,0.0008526104019142,0.0005012480529087,0.0008526104019142,0.0005012480529087
Without Nigeria,Guinea_Siguiri_Dankakoro_vs_Mali_Faladje,GN_Siguiri_vs_ML_Faladje,GN_Siguiri vs ML_Faladje,Guinea_Siguiri_Dankakoro,Mali_Faladje,Guinea,Mali,Siguiri_Dankakoro,Faladje,81,75,3R,3R:48200685-49200684,48200685,49200684,4000000,5000000,4.5,1000000,0.0,0.0,,11478,46164,6,False,False,False,0.0,0.0,0.0,0.0
Without Nigeria,Guinea_Siguiri_Dankakoro_vs_Mali_Faladje,GN_Siguiri_vs_ML_Faladje,GN_Siguiri vs ML_Faladje,Guinea_Siguiri_Dankakoro,Mali_Faladje,Guinea,Mali,Siguiri_Dankakoro,Faladje,81,75,3R,3R:47200685-48200684,47200685,48200684,5000000,6000000,5.5,1000000,0.0,0.0006166801183076,,15586,61531,6,False,False,False,0.0006166801183076,0.0,0.0006166801183076,0.0
Without Nigeria,Guinea_Siguiri_Dankakoro_vs_Mali_Faladje,GN_Siguiri_vs_ML_Faladje,GN_Siguiri vs ML_Faladje,Guinea_Siguiri_Dankakoro,Mali_Faladje,Guinea,Mali,Siguiri_Dankakoro,Faladje,81,75,3R,3R:46200685-47200684,46200685,47200684,6000000,7000000,6.5,1000000,0.0004605968096854,0.0,,6874,27275,6,False,False,False,0.0,0.0004605968096854,0.0,0.0004605968096854
Without Nigeria,Guinea_Siguiri_Dankakoro_vs_Mali_Faladje,GN_Siguiri_vs_ML_Faladje,GN_Siguiri vs ML_Faladje,Guinea_Siguiri_Dankakoro,Mali_Faladje,Guinea,Mali,Siguiri_Dankakoro,Faladje,81,75,3R,3R:45200685-46200684,45200685,46200684,7000000,8000000,7.5,1000000,0.0003410096136459,0.000340491978982,,8172,32093,6,False,False,False,0.000340491978982,0.0003410096136459,0.000340491978982,0.0003410096136459
Without Nigeria,Guinea_Siguiri_Dankakoro_vs_Mali_Faladje,GN_Siguiri_vs_ML_Faladje,GN_Siguiri vs ML_Faladje,Guinea_Siguiri_Dankakoro,Mali_Faladje,Guinea,Mali,Siguiri_Dankakoro,Faladje,81,75,3R,3R:44200685-45200684,44200685,45200684,8000000,9000000,8.5,1000000,0.0003821440249299,0.0,,7524,29111,6,False,False,False,0.0,0.0003821440249299,0.0,0.0003821440249299
Without Nigeria,Guinea_Siguiri_Dankakoro_vs_Mali_Faladje,GN_Siguiri_vs_ML_Faladje,GN_Siguiri vs ML_Faladje,Guinea_Siguiri_Dankakoro,Mali_Faladje,Guinea,Mali,Siguiri_Dankakoro,Faladje,81,75,3R,3R:43200685-44200684,43200685,44200684,9000000,10000000,9.5,1000000,0.0,0.0,,15577,58548,6,False,False,False,0.0,0.0,0.0,0.0
Without Nigeria,Guinea_Siguiri_Dankakoro_vs_Mali_Faladje,GN_Siguiri_vs_ML_Faladje,GN_Siguiri vs ML_Faladje,Guinea_Siguiri_Dankakoro,Mali_Faladje,Guinea,Mali,Siguiri_Dankakoro,Faladje,81,75,3R,3R:42200685-43200684,42200685,43200684,10000000,11000000,10.5,1000000,0.0,0.0,,4926,20567,6,False,False,False,0.0,0.0,0.0,0.0
Without Nigeria,Guinea_Siguiri_Dankakoro_vs_Mali_Faladje,GN_Siguiri_vs_ML_Faladje,GN_Siguiri vs ML_Faladje,Guinea_Siguiri_Dankakoro,Mali_Faladje,Guinea,Mali,Siguiri_Dankakoro,Faladje,81,75,3R,3R:41200685-42200684,41200685,42200684,11000000,12000000,11.5,1000000,0.0006782773626841,0.0006787445103755,,6292,25544,6,False,False,False,0.0006787445103755,0.0006782773626841,0.0006787445103755,0.0006782773626841
Without Nigeria,Guinea_Siguiri_Dankakoro_vs_Mali_Faladje,GN_Siguiri_vs_ML_Faladje,GN_Siguiri vs ML_Faladje,Guinea_Siguiri_Dankakoro,Mali_Faladje,Guinea,Mali,Siguiri_Dankakoro,Faladje,81,75,3R,3R:40200685-41200684,40200685,41200684,12000000,13000000,12.5,1000000,0.0,0.0,,154,943,6,False,False,False,0.0,0.0,0.0,0.0
Without Nigeria,Guinea_Siguiri_Dankakoro_vs_Mali_Faladje,GN_Siguiri_vs_ML_Faladje,GN_Siguiri vs ML_Faladje,Guinea_Siguiri_Dankakoro,Mali_Faladje,Guinea,Mali,Siguiri_Dankakoro,Faladje,81,75,3R,3R:39200685-40200684,39200685,40200684,13000000,14000000,13.5,1000000,0.0015388383340695,0.0010478917359261,,929,4046,6,False,False,False,0.0010478917359261,0.0015388383340695,0.0010478917359261,0.0015388383340695
Without Nigeria,Guinea_Siguiri_Dankakoro_vs_Mali_Faladje,GN_Siguiri_vs_ML_Faladje,GN_Siguiri vs ML_Faladje,Guinea_Siguiri_Dankakoro,Mali_Faladje,Guinea,Mali,Siguiri_Dankakoro,Faladje,81,75,3R,3R:38200685-39200684,38200685,39200684,14000000,15000000,14.5,1000000,0.0,9.134633755786316e-05,,3935,15162,6,False,False,False,9.134633755786316e-05,0.0,9.134633755786316e-05,0.0
Without Nigeria,Guinea_Siguiri_Dankakoro_vs_Mali_Faladje,GN_Siguiri_vs_ML_Faladje,GN_Siguiri vs ML_Faladje,Guinea_Siguiri_Dankakoro,Mali_Faladje,Guinea,Mali,Siguiri_Dankakoro,Faladje,81,75,3R,3R:37200685-38200684,37200685,38200684,15000000,16000000,15.5,1000000,0.0,0.0,,10427,40318,6,False,False,False,0.0,0.0,0.0,0.0
Without Nigeria,Guinea_Siguiri_Dankakoro_vs_Mali_Faladje,GN_Siguiri_vs_ML_Faladje,GN_Siguiri vs ML_Faladje,Guinea_Siguiri_Dankakoro,Mali_Faladje,Guinea,Mali,Siguiri_Dankakoro,Faladje,81,75,3R,3R:36200685-37200684,36200685,37200684,16000000,17000000,16.5,1000000,0.0,0.0003342804142115,,12882,50124,6,False,False,False,0.0003342804142115,0.0,0.0003342804142115,0.0
Without Nigeria,Guinea_Siguiri_Dankakoro_vs_Mali_Faladje,GN_Siguiri_vs_ML_Faladje,GN_Siguiri vs ML_Faladje,Guinea_Siguiri_Dankakoro,Mali_Faladje,Guinea,Mali,Siguiri_Dankakoro,Faladje,81,75,3R,3R:35200685-36200684,35200685,36200684,17000000,18000000,17.5,1000000,0.0005027055351802,0.0,,13893,55922,6,False,False,False,0.0,0.0005027055351802,0.0,0.0005027055351802
Without Nigeria,Guinea_Siguiri_Dankakoro_vs_Mali_Faladje,GN_Siguiri_vs_ML_Faladje,GN_Siguiri vs ML_Faladje,Guinea_Siguiri_Dankakoro,Mali_Faladje,Guinea,Mali,Siguiri_Dankakoro,Faladje,81,75,3R,3R:34200685-35200684,34200685,35200684,18000000,19000000,18.5,1000000,0.0015257520120015,0.0004009387594636,,8453,31170,6,False,False,False,0.0004009387594636,0.0015257520120015,0.0004009387594636,0.0015257520120015
Without Nigeria,Guinea_Siguiri_Dankakoro_vs_Mali_Faladje,GN_Siguiri_vs_ML_Faladje,GN_Siguiri vs ML_Faladje,Guinea_Siguiri_Dankakoro,Mali_Faladje,Guinea,Mali,Siguiri_Dankakoro,Faladje,81,75,3R,3R:33200685-34200684,33200685,34200684,19000000,20000000,19.5,1000000,0.0,9.27364372976356e-05,,7436,28262,6,False,False,False,9.27364372976356e-05,0.0,9.27364372976356e-05,0.0
Without Nigeria,Guinea_Siguiri_Dankakoro_vs_Mali_Faladje,GN_Siguiri_vs_ML_Faladje,GN_Siguiri vs ML_Faladje,Guinea_Siguiri_Dankakoro,Mali_Faladje,Guinea,Mali,Siguiri_Dankakoro,Faladje,81,75,3R,3R:32200685-33200684,32200685,33200684,20000000,21000000,20.5,1000000,0.0011301128755299,0.0009548451935008,,2090,8177,6,False,False,False,0.0009548451935008,0.0011301128755299,0.0009548451935008,0.0011301128755299
Without Nigeria,Guinea_Siguiri_Dankakoro_vs_Mali_Faladje,GN_Siguiri_vs_ML_Faladje,GN_Siguiri vs ML_Faladje,Guinea_Siguiri_Dankakoro,Mali_Faladje,Guinea,Mali,Siguiri_Dankakoro,Faladje,81,75,3R,3R:31200685-32200684,31200685,32200684,21000000,22000000,21.5,1000000,0.0001704608776308,0.0,,8476,31667,6,False,False,False,0.0,0.0001704608776308,0.0,0.0001704608776308
Without Nigeria,Guinea_Siguiri_Dankakoro_vs_Mali_Faladje,GN_Siguiri_vs_ML_Faladje,GN_Siguiri vs ML_Faladje,Guinea_Siguiri_Dankakoro,Mali_Faladje,Guinea,Mali,Siguiri_Dankakoro,Faladje,81,75,3R,3R:30200685-31200684,30200685,31200684,22000000,23000000,22.5,1000000,0.0,0.0,,10926,41533,6,False,False,False,0.0,0.0,0.0,0.0
Without Nigeria,Guinea_Siguiri_Dankakoro_vs_Mali_Faladje,GN_Siguiri_vs_ML_Faladje,GN_Siguiri vs ML_Faladje,Guinea_Siguiri_Dankakoro,Mali_Faladje,Guinea,Mali,Siguiri_Dankakoro,Faladje,81,75,3R,3R:29200685-30200684,29200685,30200684,23000000,24000000,23.5,1000000,1.960342752065685e-06,0.0,,4146,15604,6,False,False,False,0.0,1.960342752065685e-06,0.0,1.960342752065685e-06
Without Nigeria,Guinea_Siguiri_Dankakoro_vs_Mali_Faladje,GN_Siguiri_vs_ML_Faladje,GN_Siguiri vs ML_Faladje,Guinea_Siguiri_Dankakoro,Mali_Faladje,Guinea,Mali,Siguiri_Dankakoro,Faladje,81,75,3R,3R:28200685-29200684,28200685,29200684,24000000,25000000,24.5,1000000,0.0,0.0,,10912,40164,6,False,False,False,0.0,0.0,0.0,0.0
Without Nigeria,Guinea_Siguiri_Dankakoro_vs_Mali_Faladje,GN_Siguiri_vs_ML_Faladje,GN_Siguiri vs ML_Faladje,Guinea_Siguiri_Dankakoro,Mali_Faladje,Guinea,Mali,Siguiri_Dankakoro,Faladje,81,75,X,X:23393109-24393108,23393109,24393108,0,1000000,0.5,1000000,0.0014140645647677,0.0,,1995,7769,6,False,False,False,0.0,0.0014140645647677,0.0,0.0014140645647677
Without Nigeria,Guinea_Siguiri_Dankakoro_vs_Mali_Faladje,GN_Siguiri_vs_ML_Faladje,GN_Siguiri vs ML_Faladje,Guinea_Siguiri_Dankakoro,Mali_Faladje,Guinea,Mali,Siguiri_Dankakoro,Faladje,81,75,X,X:22393109-23393108,22393109,23393108,1000000,2000000,1.5,1000000,0.0,0.0001050937958415,,913,3779,6,False,False,False,0.0001050937958415,0.0,0.0001050937958415,0.0
Without Nigeria,Guinea_Siguiri_Dankakoro_vs_Mali_Faladje,GN_Siguiri_vs_ML_Faladje,GN_Siguiri vs ML_Faladje,Guinea_Siguiri_Dankakoro,Mali_Faladje,Guinea,Mali,Siguiri_Dankakoro,Faladje,81,75,X,X:21393109-22393108,21393109,22393108,2000000,3000000,2.5,1000000,0.0008702269370961,0.0013542056808177,,1008,4241,6,False,False,False,0.0013542056808177,0.0008702269370961,0.0013542056808177,0.0008702269370961
Without Nigeria,Guinea_Siguiri_Dankakoro_vs_Mali_Faladje,GN_Siguiri_vs_ML_Faladje,GN_Siguiri vs ML_Faladje,Guinea_Siguiri_Dankakoro,Mali_Faladje,Guinea,Mali,Siguiri_Dankakoro,Faladje,81,75,X,X:20393109-21393108,20393109,21393108,3000000,4000000,3.5,1000000,0.0015595594511491,0.0025930848521487,,1004,4346,6,False,False,False,0.0025930848521487,0.0015595594511491,0.0025930848521487,0.0015595594511491
Without Nigeria,Guinea_Siguiri_Dankakoro_vs_Mali_Faladje,GN_Siguiri_vs_ML_Faladje,GN_Siguiri vs ML_Faladje,Guinea_Siguiri_Dankakoro,Mali_Faladje,Guinea,Mali,Siguiri_Dankakoro,Faladje,81,75,X,X:19393109-20393108,19393109,20393108,4000000,5000000,4.5,1000000,0.0002177307481033,0.0,,7559,26297,6,False,False,False,0.0,0.0002177307481033,0.0,0.0002177307481033
Without Nigeria,Guinea_Siguiri_Dankakoro_vs_Mali_Faladje,GN_Siguiri_vs_ML_Faladje,GN_Siguiri vs ML_Faladje,Guinea_Siguiri_Dankakoro,Mali_Faladje,Guinea,Mali,Siguiri_Dankakoro,Faladje,81,75,X,X:18393109-19393108,18393109,19393108,5000000,6000000,5.5,1000000,0.0,0.0,,8599,30246,6,False,False,False,0.0,0.0,0.0,0.0
Without Nigeria,Guinea_Siguiri_Dankakoro_vs_Mali_Faladje,GN_Siguiri_vs_ML_Faladje,GN_Siguiri vs ML_Faladje,Guinea_Siguiri_Dankakoro,Mali_Faladje,Guinea,Mali,Siguiri_Dankakoro,Faladje,81,75,X,X:17393109-18393108,17393109,18393108,6000000,7000000,6.5,1000000,0.0,0.0,,7663,26828,6,False,False,False,0.0,0.0,0.0,0.0
Without Nigeria,Guinea_Siguiri_Dankakoro_vs_Mali_Faladje,GN_Siguiri_vs_ML_Faladje,GN_Siguiri vs ML_Faladje,Guinea_Siguiri_Dankakoro,Mali_Faladje,Guinea,Mali,Siguiri_Dankakoro,Faladje,81,75,X,X:16393109-17393108,16393109,17393108,7000000,8000000,7.5,1000000,0.0,0.0,,9644,33912,6,False,False,False,0.0,0.0,0.0,0.0
Without Nigeria,Guinea_Siguiri_Dankakoro_vs_Mali_Faladje,GN_Siguiri_vs_ML_Faladje,GN_Siguiri vs ML_Faladje,Guinea_Siguiri_Dankakoro,Mali_Faladje,Guinea,Mali,Siguiri_Dankakoro,Faladje,81,75,X,X:15393109-16393108,15393109,16393108,8000000,9000000,8.5,1000000,0.0,0.0,,8592,29830,6,False,False,False,0.0,0.0,0.0,0.0
Without Nigeria,Guinea_Siguiri_Dankakoro_vs_Mali_Faladje,GN_Siguiri_vs_ML_Faladje,GN_Siguiri vs ML_Faladje,Guinea_Siguiri_Dankakoro,Mali_Faladje,Guinea,Mali,Siguiri_Dankakoro,Faladje,81,75,X,X:14393109-15393108,14393109,15393108,9000000,10000000,9.5,1000000,0.0002229787968081,0.0,,7287,24942,6,False,False,False,0.0,0.0002229787968081,0.0,0.0002229787968081
Without Nigeria,Guinea_Siguiri_Dankakoro_vs_Mali_Faladje,GN_Siguiri_vs_ML_Faladje,GN_Siguiri vs ML_Faladje,Guinea_Siguiri_Dankakoro,Mali_Faladje,Guinea,Mali,Siguiri_Dankakoro,Faladje,81,75,X,X:13393109-14393108,13393109,14393108,10000000,11000000,10.5,1000000,0.0,0.0003101906285395,,9597,34062,6,False,False,False,0.0003101906285395,0.0,0.0003101906285395,0.0
Without Nigeria,Guinea_Siguiri_Dankakoro_vs_Mali_Faladje,GN_Siguiri_vs_ML_Faladje,GN_Siguiri vs ML_Faladje,Guinea_Siguiri_Dankakoro,Mali_Faladje,Guinea,Mali,Siguiri_Dankakoro,Faladje,81,75,X,X:12393109-13393108,12393109,13393108,11000000,12000000,11.5,1000000,0.0016831620275673,0.0009341228770037,,7262,24701,6,False,False,False,0.0009341228770037,0.0016831620275673,0.0009341228770037,0.0016831620275673
Without Nigeria,Guinea_Siguiri_Dankakoro_vs_Mali_Faladje,GN_Siguiri_vs_ML_Faladje,GN_Siguiri vs ML_Faladje,Guinea_Siguiri_Dankakoro,Mali_Faladje,Guinea,Mali,Siguiri_Dankakoro,Faladje,81,75,X,X:11393109-12393108,11393109,12393108,12000000,13000000,12.5,1000000,0.0011774268255417,0.0004995306609782,,9421,33914,6,False,False,False,0.0004995306609782,0.0011774268255417,0.0004995306609782,0.0011774268255417
Without Nigeria,Guinea_Siguiri_Dankakoro_vs_Mali_Faladje,GN_Siguiri_vs_ML_Faladje,GN_Siguiri vs ML_Faladje,Guinea_Siguiri_Dankakoro,Mali_Faladje,Guinea,Mali,Siguiri_Dankakoro,Faladje,81,75,X,X:10393109-11393108,10393109,11393108,13000000,14000000,13.5,1000000,0.0,0.0,,7101,23410,6,False,False,False,0.0,0.0,0.0,0.0
Without Nigeria,Guinea_Siguiri_Dankakoro_vs_Mali_Faladje,GN_Siguiri_vs_ML_Faladje,GN_Siguiri vs ML_Faladje,Guinea_Siguiri_Dankakoro,Mali_Faladje,Guinea,Mali,Siguiri_Dankakoro,Faladje,81,75,X,X:9393109-10393108,9393109,10393108,14000000,15000000,14.5,1000000,0.0012469846852402,0.0002329682280915,,13600,44499,6,False,False,False,0.0002329682280915,0.0012469846852402,0.0002329682280915,0.0012469846852402
Without Nigeria,Guinea_Siguiri_Dankakoro_vs_Mali_Faladje,GN_Siguiri_vs_ML_Faladje,GN_Siguiri vs ML_Faladje,Guinea_Siguiri_Dankakoro,Mali_Faladje,Guinea,Mali,Siguiri_Dankakoro,Faladje,81,75,X,X:8393109-9393108,8393109,9393108,15000000,16000000,15.5,1000000,0.0,0.0,,7345,23518,6,False,False,False,0.0,0.0,0.0,0.0
Without Nigeria,Guinea_Siguiri_Dankakoro_vs_Mali_Faladje,GN_Siguiri_vs_ML_Faladje,GN_Siguiri vs ML_Faladje,Guinea_Siguiri_Dankakoro,Mali_Faladje,Guinea,Mali,Siguiri_Dankakoro,Faladje,81,75,X,X:7393109-8393108,7393109,8393108,16000000,17000000,16.5,1000000,0.0,9.631118564099824e-05,,14991,49696,6,False,False,False,9.631118564099824e-05,0.0,9.631118564099824e-05,0.0
Without Nigeria,Guinea_Siguiri_Dankakoro_vs_Mali_Faladje,GN_Siguiri_vs_ML_Faladje,GN_Siguiri vs ML_Faladje,Guinea_Siguiri_Dankakoro,Mali_Faladje,Guinea,Mali,Siguiri_Dankakoro,Faladje,81,75,X,X:6393109-7393108,6393109,7393108,17000000,18000000,17.5,1000000,0.0,0.0,,11501,37169,6,False,False,False,0.0,0.0,0.0,0.0
Without Nigeria,Guinea_Siguiri_Dankakoro_vs_Mali_Faladje,GN_Siguiri_vs_ML_Faladje,GN_Siguiri vs ML_Faladje,Guinea_Siguiri_Dankakoro,Mali_Faladje,Guinea,Mali,Siguiri_Dankakoro,Faladje,81,75,X,X:5393109-6393108,5393109,6393108,18000000,19000000,18.5,1000000,0.0,0.0,,11395,37847,6,False,False,False,0.0,0.0,0.0,0.0
Without Nigeria,Guinea_Siguiri_Dankakoro_vs_Mali_Faladje,GN_Siguiri_vs_ML_Faladje,GN_Siguiri vs ML_Faladje,Guinea_Siguiri_Dankakoro,Mali_Faladje,Guinea,Mali,Siguiri_Dankakoro,Faladje,81,75,X,X:4393109-5393108,4393109,5393108,19000000,20000000,19.5,1000000,5.402426104116693e-05,0.0,,11599,37899,6,False,False,False,0.0,5.402426104116693e-05,0.0,5.402426104116693e-05
Without Nigeria,Guinea_Siguiri_Dankakoro_vs_Mali_Faladje,GN_Siguiri_vs_ML_Faladje,GN_Siguiri vs ML_Faladje,Guinea_Siguiri_Dankakoro,Mali_Faladje,Guinea,Mali,Siguiri_Dankakoro,Faladje,81,75,X,X:3393109-4393108,3393109,4393108,20000000,21000000,20.5,1000000,0.0,0.0002537472910143,,6424,21945,6,False,False,False,0.0002537472910143,0.0,0.0002537472910143,0.0
Without Nigeria,Guinea_Siguiri_Dankakoro_vs_Mali_Faladje,GN_Siguiri_vs_ML_Faladje,GN_Siguiri vs ML_Faladje,Guinea_Siguiri_Dankakoro,Mali_Faladje,Guinea,Mali,Siguiri_Dankakoro,Faladje,81,75,X,X:2393109-3393108,2393109,3393108,21000000,22000000,21.5,1000000,0.0,0.0,,12147,40663,6,False,False,False,0.0,0.0,0.0,0.0
Without Nigeria,Guinea_Siguiri_Dankakoro_vs_Mali_Faladje,GN_Siguiri_vs_ML_Faladje,GN_Siguiri vs ML_Faladje,Guinea_Siguiri_Dankakoro,Mali_Faladje,Guinea,Mali,Siguiri_Dankakoro,Faladje,81,75,X,X:1393109-2393108,1393109,2393108,22000000,23000000,22.5,1000000,0.0,0.0005696879816307,,13791,46192,6,False,False,False,0.0005696879816307,0.0,0.0005696879816307,0.0
Without Nigeria,Guinea_Siguiri_Dankakoro_vs_Mali_Faladje,GN_Siguiri_vs_ML_Faladje,GN_Siguiri vs ML_Faladje,Guinea_Siguiri_Dankakoro,Mali_Faladje,Guinea,Mali,Siguiri_Dankakoro,Faladje,81,75,X,X:393109-1393108,393109,1393108,23000000,24000000,23.5,1000000,0.0,0.0001473295973351,,15310,54171,6,False,False,False,0.0001473295973351,0.0,0.0001473295973351,0.0
