Analysis,Pair_ID,Pair_short,Pair_label,Comparison_group,Population_1,Population_2,Country_1,Country_2,Location_1,Location_2,Country_pair,Location_pair,N_population_1,N_population_2,Minimum_pair_population_size,Contig,Region,Genomic_start_POS,Genomic_end_POS,Distance_from_CEN_start,Distance_from_CEN_end,Distance_from_CEN_midpoint_Mb,Window_size_bp,Site_class,MalariaGEN_site_class_argument,Site_mask,FST_formula,FST_estimate,Jackknife_standard_error,n_jack,Run_status,Error_message,FST_to_SE_ratio
Selected_6pairs_1Mb_scan_3R_X,Nigeria_Gombe_vs_BurkinaFaso_BanaVillage,NG_Gombe_vs_BF_BanaVil,NG_Gombe vs BF_BanaVil,With Nigeria,Nigeria_Gombe,BurkinaFaso_BanaVillage,Nigeria,Burkina Faso,Gombe,Bana Village,Nigeria vs Burkina Faso,Gombe vs Bana Village,57,120,57,3R,3R:52200685-53200684,52200685,53200684,0,1000000,0.5,1000000,4-fold,CDS_DEG_4,default,Average Hudson's FST,0.026708787577616,0.0105057943738668,20,success,,2.5422911040458023
Selected_6pairs_1Mb_scan_3R_X,Nigeria_Gombe_vs_BurkinaFaso_BanaVillage,NG_Gombe_vs_BF_BanaVil,NG_Gombe vs BF_BanaVil,With Nigeria,Nigeria_Gombe,BurkinaFaso_BanaVillage,Nigeria,Burkina Faso,Gombe,Bana Village,Nigeria vs Burkina Faso,Gombe vs Bana Village,57,120,57,3R,3R:52200685-53200684,52200685,53200684,0,1000000,0.5,1000000,0-fold,CDS_DEG_0,default,Average Hudson's FST,0.0162669320847164,0.0055431813677412,20,success,,2.934584132386965
Selected_6pairs_1Mb_scan_3R_X,Nigeria_Gombe_vs_BurkinaFaso_BanaVillage,NG_Gombe_vs_BF_BanaVil,NG_Gombe vs BF_BanaVil,With Nigeria,Nigeria_Gombe,BurkinaFaso_BanaVillage,Nigeria,Burkina Faso,Gombe,Bana Village,Nigeria vs Burkina Faso,Gombe vs Bana Village,57,120,57,3R,3R:51200685-52200684,51200685,52200684,1000000,2000000,1.5,1000000,4-fold,CDS_DEG_4,default,Average Hudson's FST,0.0010524714891148,0.0007195050823865,20,success,,1.4627714450937523
Selected_6pairs_1Mb_scan_3R_X,Nigeria_Gombe_vs_BurkinaFaso_BanaVillage,NG_Gombe_vs_BF_BanaVil,NG_Gombe vs BF_BanaVil,With Nigeria,Nigeria_Gombe,BurkinaFaso_BanaVillage,Nigeria,Burkina Faso,Gombe,Bana Village,Nigeria vs Burkina Faso,Gombe vs Bana Village,57,120,57,3R,3R:51200685-52200684,51200685,52200684,1000000,2000000,1.5,1000000,0-fold,CDS_DEG_0,default,Average Hudson's FST,0.0018147389178339,0.0010715666940595,20,success,,1.6935380017822155
Selected_6pairs_1Mb_scan_3R_X,Nigeria_Gombe_vs_BurkinaFaso_BanaVillage,NG_Gombe_vs_BF_BanaVil,NG_Gombe vs BF_BanaVil,With Nigeria,Nigeria_Gombe,BurkinaFaso_BanaVillage,Nigeria,Burkina Faso,Gombe,Bana Village,Nigeria vs Burkina Faso,Gombe vs Bana Village,57,120,57,3R,3R:50200685-51200684,50200685,51200684,2000000,3000000,2.5,1000000,4-fold,CDS_DEG_4,default,Average Hudson's FST,0.0007398304964677,0.0009574687862076,20,success,,0.7726941150719546
Selected_6pairs_1Mb_scan_3R_X,Nigeria_Gombe_vs_BurkinaFaso_BanaVillage,NG_Gombe_vs_BF_BanaVil,NG_Gombe vs BF_BanaVil,With Nigeria,Nigeria_Gombe,BurkinaFaso_BanaVillage,Nigeria,Burkina Faso,Gombe,Bana Village,Nigeria vs Burkina Faso,Gombe vs Bana Village,57,120,57,3R,3R:50200685-51200684,50200685,51200684,2000000,3000000,2.5,1000000,0-fold,CDS_DEG_0,default,Average Hudson's FST,0.0018943765387554,0.0010824304709507,20,success,,1.7501138314145637
Selected_6pairs_1Mb_scan_3R_X,Nigeria_Gombe_vs_BurkinaFaso_BanaVillage,NG_Gombe_vs_BF_BanaVil,NG_Gombe vs BF_BanaVil,With Nigeria,Nigeria_Gombe,BurkinaFaso_BanaVillage,Nigeria,Burkina Faso,Gombe,Bana Village,Nigeria vs Burkina Faso,Gombe vs Bana Village,57,120,57,3R,3R:49200685-50200684,49200685,50200684,3000000,4000000,3.5,1000000,4-fold,CDS_DEG_4,default,Average Hudson's FST,0.0029491125520184,0.0010833099537868,20,success,,2.7223164909632116
Selected_6pairs_1Mb_scan_3R_X,Nigeria_Gombe_vs_BurkinaFaso_BanaVillage,NG_Gombe_vs_BF_BanaVil,NG_Gombe vs BF_BanaVil,With Nigeria,Nigeria_Gombe,BurkinaFaso_BanaVillage,Nigeria,Burkina Faso,Gombe,Bana Village,Nigeria vs Burkina Faso,Gombe vs Bana Village,57,120,57,3R,3R:49200685-50200684,49200685,50200684,3000000,4000000,3.5,1000000,0-fold,CDS_DEG_0,default,Average Hudson's FST,0.0019220587439655,0.0014630779724703,20,success,,1.3137090299570602
Selected_6pairs_1Mb_scan_3R_X,Nigeria_Gombe_vs_BurkinaFaso_BanaVillage,NG_Gombe_vs_BF_BanaVil,NG_Gombe vs BF_BanaVil,With Nigeria,Nigeria_Gombe,BurkinaFaso_BanaVillage,Nigeria,Burkina Faso,Gombe,Bana Village,Nigeria vs Burkina Faso,Gombe vs Bana Village,57,120,57,3R,3R:48200685-49200684,48200685,49200684,4000000,5000000,4.5,1000000,4-fold,CDS_DEG_4,default,Average Hudson's FST,0.0003006832884342,0.0007886137138962,20,success,,0.38128082625986004
Selected_6pairs_1Mb_scan_3R_X,Nigeria_Gombe_vs_BurkinaFaso_BanaVillage,NG_Gombe_vs_BF_BanaVil,NG_Gombe vs BF_BanaVil,With Nigeria,Nigeria_Gombe,BurkinaFaso_BanaVillage,Nigeria,Burkina Faso,Gombe,Bana Village,Nigeria vs Burkina Faso,Gombe vs Bana Village,57,120,57,3R,3R:48200685-49200684,48200685,49200684,4000000,5000000,4.5,1000000,0-fold,CDS_DEG_0,default,Average Hudson's FST,0.0009665825289368,0.0005575725843413,20,success,,1.733554618864004
Selected_6pairs_1Mb_scan_3R_X,Nigeria_Gombe_vs_BurkinaFaso_BanaVillage,NG_Gombe_vs_BF_BanaVil,NG_Gombe vs BF_BanaVil,With Nigeria,Nigeria_Gombe,BurkinaFaso_BanaVillage,Nigeria,Burkina Faso,Gombe,Bana Village,Nigeria vs Burkina Faso,Gombe vs Bana Village,57,120,57,3R,3R:47200685-48200684,47200685,48200684,5000000,6000000,5.5,1000000,4-fold,CDS_DEG_4,default,Average Hudson's FST,0.0013247456481725,0.0005493416162136,20,success,,2.4115151830357604
Selected_6pairs_1Mb_scan_3R_X,Nigeria_Gombe_vs_BurkinaFaso_BanaVillage,NG_Gombe_vs_BF_BanaVil,NG_Gombe vs BF_BanaVil,With Nigeria,Nigeria_Gombe,BurkinaFaso_BanaVillage,Nigeria,Burkina Faso,Gombe,Bana Village,Nigeria vs Burkina Faso,Gombe vs Bana Village,57,120,57,3R,3R:47200685-48200684,47200685,48200684,5000000,6000000,5.5,1000000,0-fold,CDS_DEG_0,default,Average Hudson's FST,0.0002825506282004,0.0006324096115718,20,success,,0.4467842092060312
Selected_6pairs_1Mb_scan_3R_X,Nigeria_Gombe_vs_BurkinaFaso_BanaVillage,NG_Gombe_vs_BF_BanaVil,NG_Gombe vs BF_BanaVil,With Nigeria,Nigeria_Gombe,BurkinaFaso_BanaVillage,Nigeria,Burkina Faso,Gombe,Bana Village,Nigeria vs Burkina Faso,Gombe vs Bana Village,57,120,57,3R,3R:46200685-47200684,46200685,47200684,6000000,7000000,6.5,1000000,4-fold,CDS_DEG_4,default,Average Hudson's FST,0.0001735497272657,0.0005588966398378,20,success,,0.310522044498365
Selected_6pairs_1Mb_scan_3R_X,Nigeria_Gombe_vs_BurkinaFaso_BanaVillage,NG_Gombe_vs_BF_BanaVil,NG_Gombe vs BF_BanaVil,With Nigeria,Nigeria_Gombe,BurkinaFaso_BanaVillage,Nigeria,Burkina Faso,Gombe,Bana Village,Nigeria vs Burkina Faso,Gombe vs Bana Village,57,120,57,3R,3R:46200685-47200684,46200685,47200684,6000000,7000000,6.5,1000000,0-fold,CDS_DEG_0,default,Average Hudson's FST,0.0,0.0004636666772665,20,success,,0.0
Selected_6pairs_1Mb_scan_3R_X,Nigeria_Gombe_vs_BurkinaFaso_BanaVillage,NG_Gombe_vs_BF_BanaVil,NG_Gombe vs BF_BanaVil,With Nigeria,Nigeria_Gombe,BurkinaFaso_BanaVillage,Nigeria,Burkina Faso,Gombe,Bana Village,Nigeria vs Burkina Faso,Gombe vs Bana Village,57,120,57,3R,3R:45200685-46200684,45200685,46200684,7000000,8000000,7.5,1000000,4-fold,CDS_DEG_4,default,Average Hudson's FST,0.0030113001833196,0.0012026879204019,20,success,,2.503808454576745
Selected_6pairs_1Mb_scan_3R_X,Nigeria_Gombe_vs_BurkinaFaso_BanaVillage,NG_Gombe_vs_BF_BanaVil,NG_Gombe vs BF_BanaVil,With Nigeria,Nigeria_Gombe,BurkinaFaso_BanaVillage,Nigeria,Burkina Faso,Gombe,Bana Village,Nigeria vs Burkina Faso,Gombe vs Bana Village,57,120,57,3R,3R:45200685-46200684,45200685,46200684,7000000,8000000,7.5,1000000,0-fold,CDS_DEG_0,default,Average Hudson's FST,0.002360215798098,0.0010458323749345,20,success,,2.2567821140991353
Selected_6pairs_1Mb_scan_3R_X,Nigeria_Gombe_vs_BurkinaFaso_BanaVillage,NG_Gombe_vs_BF_BanaVil,NG_Gombe vs BF_BanaVil,With Nigeria,Nigeria_Gombe,BurkinaFaso_BanaVillage,Nigeria,Burkina Faso,Gombe,Bana Village,Nigeria vs Burkina Faso,Gombe vs Bana Village,57,120,57,3R,3R:44200685-45200684,44200685,45200684,8000000,9000000,8.5,1000000,4-fold,CDS_DEG_4,default,Average Hudson's FST,0.0,0.0006210390329768,20,success,,0.0
Selected_6pairs_1Mb_scan_3R_X,Nigeria_Gombe_vs_BurkinaFaso_BanaVillage,NG_Gombe_vs_BF_BanaVil,NG_Gombe vs BF_BanaVil,With Nigeria,Nigeria_Gombe,BurkinaFaso_BanaVillage,Nigeria,Burkina Faso,Gombe,Bana Village,Nigeria vs Burkina Faso,Gombe vs Bana Village,57,120,57,3R,3R:44200685-45200684,44200685,45200684,8000000,9000000,8.5,1000000,0-fold,CDS_DEG_0,default,Average Hudson's FST,0.0,0.0003843363933086,20,success,,0.0
Selected_6pairs_1Mb_scan_3R_X,Nigeria_Gombe_vs_BurkinaFaso_BanaVillage,NG_Gombe_vs_BF_BanaVil,NG_Gombe vs BF_BanaVil,With Nigeria,Nigeria_Gombe,BurkinaFaso_BanaVillage,Nigeria,Burkina Faso,Gombe,Bana Village,Nigeria vs Burkina Faso,Gombe vs Bana Village,57,120,57,3R,3R:43200685-44200684,43200685,44200684,9000000,10000000,9.5,1000000,4-fold,CDS_DEG_4,default,Average Hudson's FST,0.0019713982947096,0.0005436713246535,20,success,,3.626084741486115
Selected_6pairs_1Mb_scan_3R_X,Nigeria_Gombe_vs_BurkinaFaso_BanaVillage,NG_Gombe_vs_BF_BanaVil,NG_Gombe vs BF_BanaVil,With Nigeria,Nigeria_Gombe,BurkinaFaso_BanaVillage,Nigeria,Burkina Faso,Gombe,Bana Village,Nigeria vs Burkina Faso,Gombe vs Bana Village,57,120,57,3R,3R:43200685-44200684,43200685,44200684,9000000,10000000,9.5,1000000,0-fold,CDS_DEG_0,default,Average Hudson's FST,0.0018960519075747,0.0005361264726563,20,success,,3.536575797461546
Selected_6pairs_1Mb_scan_3R_X,Nigeria_Gombe_vs_BurkinaFaso_BanaVillage,NG_Gombe_vs_BF_BanaVil,NG_Gombe vs BF_BanaVil,With Nigeria,Nigeria_Gombe,BurkinaFaso_BanaVillage,Nigeria,Burkina Faso,Gombe,Bana Village,Nigeria vs Burkina Faso,Gombe vs Bana Village,57,120,57,3R,3R:42200685-43200684,42200685,43200684,10000000,11000000,10.5,1000000,4-fold,CDS_DEG_4,default,Average Hudson's FST,0.0010281259485409,0.0008407332741975,20,success,,1.2228919445614554
Selected_6pairs_1Mb_scan_3R_X,Nigeria_Gombe_vs_BurkinaFaso_BanaVillage,NG_Gombe_vs_BF_BanaVil,NG_Gombe vs BF_BanaVil,With Nigeria,Nigeria_Gombe,BurkinaFaso_BanaVillage,Nigeria,Burkina Faso,Gombe,Bana Village,Nigeria vs Burkina Faso,Gombe vs Bana Village,57,120,57,3R,3R:42200685-43200684,42200685,43200684,10000000,11000000,10.5,1000000,0-fold,CDS_DEG_0,default,Average Hudson's FST,2.2230764508909957e-05,0.0007586076038188,20,success,,0.0293046950716038
Selected_6pairs_1Mb_scan_3R_X,Nigeria_Gombe_vs_BurkinaFaso_BanaVillage,NG_Gombe_vs_BF_BanaVil,NG_Gombe vs BF_BanaVil,With Nigeria,Nigeria_Gombe,BurkinaFaso_BanaVillage,Nigeria,Burkina Faso,Gombe,Bana Village,Nigeria vs Burkina Faso,Gombe vs Bana Village,57,120,57,3R,3R:41200685-42200684,41200685,42200684,11000000,12000000,11.5,1000000,4-fold,CDS_DEG_4,default,Average Hudson's FST,0.0001479203678039,0.0004968665222496,20,success,,0.2977064486739408
Selected_6pairs_1Mb_scan_3R_X,Nigeria_Gombe_vs_BurkinaFaso_BanaVillage,NG_Gombe_vs_BF_BanaVil,NG_Gombe vs BF_BanaVil,With Nigeria,Nigeria_Gombe,BurkinaFaso_BanaVillage,Nigeria,Burkina Faso,Gombe,Bana Village,Nigeria vs Burkina Faso,Gombe vs Bana Village,57,120,57,3R,3R:41200685-42200684,41200685,42200684,11000000,12000000,11.5,1000000,0-fold,CDS_DEG_0,default,Average Hudson's FST,0.0,0.0006832264616171,20,success,,0.0
Selected_6pairs_1Mb_scan_3R_X,Nigeria_Gombe_vs_BurkinaFaso_BanaVillage,NG_Gombe_vs_BF_BanaVil,NG_Gombe vs BF_BanaVil,With Nigeria,Nigeria_Gombe,BurkinaFaso_BanaVillage,Nigeria,Burkina Faso,Gombe,Bana Village,Nigeria vs Burkina Faso,Gombe vs Bana Village,57,120,57,3R,3R:40200685-41200684,40200685,41200684,12000000,13000000,12.5,1000000,4-fold,CDS_DEG_4,default,Average Hudson's FST,0.0,0.0017187903549507,20,success,,0.0
Selected_6pairs_1Mb_scan_3R_X,Nigeria_Gombe_vs_BurkinaFaso_BanaVillage,NG_Gombe_vs_BF_BanaVil,NG_Gombe vs BF_BanaVil,With Nigeria,Nigeria_Gombe,BurkinaFaso_BanaVillage,Nigeria,Burkina Faso,Gombe,Bana Village,Nigeria vs Burkina Faso,Gombe vs Bana Village,57,120,57,3R,3R:40200685-41200684,40200685,41200684,12000000,13000000,12.5,1000000,0-fold,CDS_DEG_0,default,Average Hudson's FST,0.0071479525770195,0.0047928887316693,20,success,,1.491366267234408
Selected_6pairs_1Mb_scan_3R_X,Nigeria_Gombe_vs_BurkinaFaso_BanaVillage,NG_Gombe_vs_BF_BanaVil,NG_Gombe vs BF_BanaVil,With Nigeria,Nigeria_Gombe,BurkinaFaso_BanaVillage,Nigeria,Burkina Faso,Gombe,Bana Village,Nigeria vs Burkina Faso,Gombe vs Bana Village,57,120,57,3R,3R:39200685-40200684,39200685,40200684,13000000,14000000,13.5,1000000,4-fold,CDS_DEG_4,default,Average Hudson's FST,0.0,0.0015637417619259,20,success,,0.0
Selected_6pairs_1Mb_scan_3R_X,Nigeria_Gombe_vs_BurkinaFaso_BanaVillage,NG_Gombe_vs_BF_BanaVil,NG_Gombe vs BF_BanaVil,With Nigeria,Nigeria_Gombe,BurkinaFaso_BanaVillage,Nigeria,Burkina Faso,Gombe,Bana Village,Nigeria vs Burkina Faso,Gombe vs Bana Village,57,120,57,3R,3R:39200685-40200684,39200685,40200684,13000000,14000000,13.5,1000000,0-fold,CDS_DEG_0,default,Average Hudson's FST,1.743822251704557e-06,0.0011149609765681,20,success,,0.0015640208835578447
Selected_6pairs_1Mb_scan_3R_X,Nigeria_Gombe_vs_BurkinaFaso_BanaVillage,NG_Gombe_vs_BF_BanaVil,NG_Gombe vs BF_BanaVil,With Nigeria,Nigeria_Gombe,BurkinaFaso_BanaVillage,Nigeria,Burkina Faso,Gombe,Bana Village,Nigeria vs Burkina Faso,Gombe vs Bana Village,57,120,57,3R,3R:38200685-39200684,38200685,39200684,14000000,15000000,14.5,1000000,4-fold,CDS_DEG_4,default,Average Hudson's FST,0.0005409007171119,0.0005416813590537,20,success,,0.9985588539669082
Selected_6pairs_1Mb_scan_3R_X,Nigeria_Gombe_vs_BurkinaFaso_BanaVillage,NG_Gombe_vs_BF_BanaVil,NG_Gombe vs BF_BanaVil,With Nigeria,Nigeria_Gombe,BurkinaFaso_BanaVillage,Nigeria,Burkina Faso,Gombe,Bana Village,Nigeria vs Burkina Faso,Gombe vs Bana Village,57,120,57,3R,3R:38200685-39200684,38200685,39200684,14000000,15000000,14.5,1000000,0-fold,CDS_DEG_0,default,Average Hudson's FST,0.0006504234247517,0.0008899599814404,20,success,,0.7308456990380509
Selected_6pairs_1Mb_scan_3R_X,Nigeria_Gombe_vs_BurkinaFaso_BanaVillage,NG_Gombe_vs_BF_BanaVil,NG_Gombe vs BF_BanaVil,With Nigeria,Nigeria_Gombe,BurkinaFaso_BanaVillage,Nigeria,Burkina Faso,Gombe,Bana Village,Nigeria vs Burkina Faso,Gombe vs Bana Village,57,120,57,3R,3R:37200685-38200684,37200685,38200684,15000000,16000000,15.5,1000000,4-fold,CDS_DEG_4,default,Average Hudson's FST,0.0006553237305582,0.0002752029571016,20,success,,2.3812379687339846
Selected_6pairs_1Mb_scan_3R_X,Nigeria_Gombe_vs_BurkinaFaso_BanaVillage,NG_Gombe_vs_BF_BanaVil,NG_Gombe vs BF_BanaVil,With Nigeria,Nigeria_Gombe,BurkinaFaso_BanaVillage,Nigeria,Burkina Faso,Gombe,Bana Village,Nigeria vs Burkina Faso,Gombe vs Bana Village,57,120,57,3R,3R:37200685-38200684,37200685,38200684,15000000,16000000,15.5,1000000,0-fold,CDS_DEG_0,default,Average Hudson's FST,0.0,0.0004462904427552,20,success,,0.0
Selected_6pairs_1Mb_scan_3R_X,Nigeria_Gombe_vs_BurkinaFaso_BanaVillage,NG_Gombe_vs_BF_BanaVil,NG_Gombe vs BF_BanaVil,With Nigeria,Nigeria_Gombe,BurkinaFaso_BanaVillage,Nigeria,Burkina Faso,Gombe,Bana Village,Nigeria vs Burkina Faso,Gombe vs Bana Village,57,120,57,3R,3R:36200685-37200684,36200685,37200684,16000000,17000000,16.5,1000000,4-fold,CDS_DEG_4,default,Average Hudson's FST,0.0008747325188383,0.0003265491562244,20,success,,2.678716212138047
Selected_6pairs_1Mb_scan_3R_X,Nigeria_Gombe_vs_BurkinaFaso_BanaVillage,NG_Gombe_vs_BF_BanaVil,NG_Gombe vs BF_BanaVil,With Nigeria,Nigeria_Gombe,BurkinaFaso_BanaVillage,Nigeria,Burkina Faso,Gombe,Bana Village,Nigeria vs Burkina Faso,Gombe vs Bana Village,57,120,57,3R,3R:36200685-37200684,36200685,37200684,16000000,17000000,16.5,1000000,0-fold,CDS_DEG_0,default,Average Hudson's FST,0.0006269715339049,0.0004271802728993,20,success,,1.467697769959282
Selected_6pairs_1Mb_scan_3R_X,Nigeria_Gombe_vs_BurkinaFaso_BanaVillage,NG_Gombe_vs_BF_BanaVil,NG_Gombe vs BF_BanaVil,With Nigeria,Nigeria_Gombe,BurkinaFaso_BanaVillage,Nigeria,Burkina Faso,Gombe,Bana Village,Nigeria vs Burkina Faso,Gombe vs Bana Village,57,120,57,3R,3R:35200685-36200684,35200685,36200684,17000000,18000000,17.5,1000000,4-fold,CDS_DEG_4,default,Average Hudson's FST,0.0009568951245651,0.0002779824515531,20,success,,3.4422860839556075
Selected_6pairs_1Mb_scan_3R_X,Nigeria_Gombe_vs_BurkinaFaso_BanaVillage,NG_Gombe_vs_BF_BanaVil,NG_Gombe vs BF_BanaVil,With Nigeria,Nigeria_Gombe,BurkinaFaso_BanaVillage,Nigeria,Burkina Faso,Gombe,Bana Village,Nigeria vs Burkina Faso,Gombe vs Bana Village,57,120,57,3R,3R:35200685-36200684,35200685,36200684,17000000,18000000,17.5,1000000,0-fold,CDS_DEG_0,default,Average Hudson's FST,0.0,0.0003091568556624,20,success,,0.0
Selected_6pairs_1Mb_scan_3R_X,Nigeria_Gombe_vs_BurkinaFaso_BanaVillage,NG_Gombe_vs_BF_BanaVil,NG_Gombe vs BF_BanaVil,With Nigeria,Nigeria_Gombe,BurkinaFaso_BanaVillage,Nigeria,Burkina Faso,Gombe,Bana Village,Nigeria vs Burkina Faso,Gombe vs Bana Village,57,120,57,3R,3R:34200685-35200684,34200685,35200684,18000000,19000000,18.5,1000000,4-fold,CDS_DEG_4,default,Average Hudson's FST,0.0004996827352987,0.000542888736723,20,success,,0.9204146291833178
Selected_6pairs_1Mb_scan_3R_X,Nigeria_Gombe_vs_BurkinaFaso_BanaVillage,NG_Gombe_vs_BF_BanaVil,NG_Gombe vs BF_BanaVil,With Nigeria,Nigeria_Gombe,BurkinaFaso_BanaVillage,Nigeria,Burkina Faso,Gombe,Bana Village,Nigeria vs Burkina Faso,Gombe vs Bana Village,57,120,57,3R,3R:34200685-35200684,34200685,35200684,18000000,19000000,18.5,1000000,0-fold,CDS_DEG_0,default,Average Hudson's FST,0.000128636113838,0.0007633658285058,20,success,,0.1685117528640105
Selected_6pairs_1Mb_scan_3R_X,Nigeria_Gombe_vs_BurkinaFaso_BanaVillage,NG_Gombe_vs_BF_BanaVil,NG_Gombe vs BF_BanaVil,With Nigeria,Nigeria_Gombe,BurkinaFaso_BanaVillage,Nigeria,Burkina Faso,Gombe,Bana Village,Nigeria vs Burkina Faso,Gombe vs Bana Village,57,120,57,3R,3R:33200685-34200684,33200685,34200684,19000000,20000000,19.5,1000000,4-fold,CDS_DEG_4,default,Average Hudson's FST,5.609204982610479e-05,0.0004953934812887,20,success,,0.11322726669755284
Selected_6pairs_1Mb_scan_3R_X,Nigeria_Gombe_vs_BurkinaFaso_BanaVillage,NG_Gombe_vs_BF_BanaVil,NG_Gombe vs BF_BanaVil,With Nigeria,Nigeria_Gombe,BurkinaFaso_BanaVillage,Nigeria,Burkina Faso,Gombe,Bana Village,Nigeria vs Burkina Faso,Gombe vs Bana Village,57,120,57,3R,3R:33200685-34200684,33200685,34200684,19000000,20000000,19.5,1000000,0-fold,CDS_DEG_0,default,Average Hudson's FST,0.002137144195506,0.0010707471546122,20,success,,1.9959373100365834
Selected_6pairs_1Mb_scan_3R_X,Nigeria_Gombe_vs_BurkinaFaso_BanaVillage,NG_Gombe_vs_BF_BanaVil,NG_Gombe vs BF_BanaVil,With Nigeria,Nigeria_Gombe,BurkinaFaso_BanaVillage,Nigeria,Burkina Faso,Gombe,Bana Village,Nigeria vs Burkina Faso,Gombe vs Bana Village,57,120,57,3R,3R:32200685-33200684,32200685,33200684,20000000,21000000,20.5,1000000,4-fold,CDS_DEG_4,default,Average Hudson's FST,0.0002435771572002,0.000455761722842,20,success,,0.5344396973078879
Selected_6pairs_1Mb_scan_3R_X,Nigeria_Gombe_vs_BurkinaFaso_BanaVillage,NG_Gombe_vs_BF_BanaVil,NG_Gombe vs BF_BanaVil,With Nigeria,Nigeria_Gombe,BurkinaFaso_BanaVillage,Nigeria,Burkina Faso,Gombe,Bana Village,Nigeria vs Burkina Faso,Gombe vs Bana Village,57,120,57,3R,3R:32200685-33200684,32200685,33200684,20000000,21000000,20.5,1000000,0-fold,CDS_DEG_0,default,Average Hudson's FST,0.0001591683757181,0.0004303468476286,20,success,,0.3698606753951786
Selected_6pairs_1Mb_scan_3R_X,Nigeria_Gombe_vs_BurkinaFaso_BanaVillage,NG_Gombe_vs_BF_BanaVil,NG_Gombe vs BF_BanaVil,With Nigeria,Nigeria_Gombe,BurkinaFaso_BanaVillage,Nigeria,Burkina Faso,Gombe,Bana Village,Nigeria vs Burkina Faso,Gombe vs Bana Village,57,120,57,3R,3R:31200685-32200684,31200685,32200684,21000000,22000000,21.5,1000000,4-fold,CDS_DEG_4,default,Average Hudson's FST,0.0008569277497336,0.0003996742099304,20,success,,2.144065662587604
Selected_6pairs_1Mb_scan_3R_X,Nigeria_Gombe_vs_BurkinaFaso_BanaVillage,NG_Gombe_vs_BF_BanaVil,NG_Gombe vs BF_BanaVil,With Nigeria,Nigeria_Gombe,BurkinaFaso_BanaVillage,Nigeria,Burkina Faso,Gombe,Bana Village,Nigeria vs Burkina Faso,Gombe vs Bana Village,57,120,57,3R,3R:31200685-32200684,31200685,32200684,21000000,22000000,21.5,1000000,0-fold,CDS_DEG_0,default,Average Hudson's FST,0.001212251809564,0.0006353898806518,20,success,,1.9078865535605314
Selected_6pairs_1Mb_scan_3R_X,Nigeria_Gombe_vs_BurkinaFaso_BanaVillage,NG_Gombe_vs_BF_BanaVil,NG_Gombe vs BF_BanaVil,With Nigeria,Nigeria_Gombe,BurkinaFaso_BanaVillage,Nigeria,Burkina Faso,Gombe,Bana Village,Nigeria vs Burkina Faso,Gombe vs Bana Village,57,120,57,3R,3R:30200685-31200684,30200685,31200684,22000000,23000000,22.5,1000000,4-fold,CDS_DEG_4,default,Average Hudson's FST,0.0001519153914942,0.0003166365737349,20,success,,0.4797784087361597
Selected_6pairs_1Mb_scan_3R_X,Nigeria_Gombe_vs_BurkinaFaso_BanaVillage,NG_Gombe_vs_BF_BanaVil,NG_Gombe vs BF_BanaVil,With Nigeria,Nigeria_Gombe,BurkinaFaso_BanaVillage,Nigeria,Burkina Faso,Gombe,Bana Village,Nigeria vs Burkina Faso,Gombe vs Bana Village,57,120,57,3R,3R:30200685-31200684,30200685,31200684,22000000,23000000,22.5,1000000,0-fold,CDS_DEG_0,default,Average Hudson's FST,0.0002066551791601,0.0003698308188069,20,success,,0.5587830128024052
Selected_6pairs_1Mb_scan_3R_X,Nigeria_Gombe_vs_BurkinaFaso_BanaVillage,NG_Gombe_vs_BF_BanaVil,NG_Gombe vs BF_BanaVil,With Nigeria,Nigeria_Gombe,BurkinaFaso_BanaVillage,Nigeria,Burkina Faso,Gombe,Bana Village,Nigeria vs Burkina Faso,Gombe vs Bana Village,57,120,57,3R,3R:29200685-30200684,29200685,30200684,23000000,24000000,23.5,1000000,4-fold,CDS_DEG_4,default,Average Hudson's FST,0.0030552897337222,0.0013938651694545,20,success,,2.19195500445564
Selected_6pairs_1Mb_scan_3R_X,Nigeria_Gombe_vs_BurkinaFaso_BanaVillage,NG_Gombe_vs_BF_BanaVil,NG_Gombe vs BF_BanaVil,With Nigeria,Nigeria_Gombe,BurkinaFaso_BanaVillage,Nigeria,Burkina Faso,Gombe,Bana Village,Nigeria vs Burkina Faso,Gombe vs Bana Village,57,120,57,3R,3R:29200685-30200684,29200685,30200684,23000000,24000000,23.5,1000000,0-fold,CDS_DEG_0,default,Average Hudson's FST,0.0010330731341933,0.0012265648375119,20,success,,0.8422491030224705
Selected_6pairs_1Mb_scan_3R_X,Nigeria_Gombe_vs_BurkinaFaso_BanaVillage,NG_Gombe_vs_BF_BanaVil,NG_Gombe vs BF_BanaVil,With Nigeria,Nigeria_Gombe,BurkinaFaso_BanaVillage,Nigeria,Burkina Faso,Gombe,Bana Village,Nigeria vs Burkina Faso,Gombe vs Bana Village,57,120,57,3R,3R:28200685-29200684,28200685,29200684,24000000,25000000,24.5,1000000,4-fold,CDS_DEG_4,default,Average Hudson's FST,0.0704638363028301,0.0202682602301512,20,success,,3.476560666909517
Selected_6pairs_1Mb_scan_3R_X,Nigeria_Gombe_vs_BurkinaFaso_BanaVillage,NG_Gombe_vs_BF_BanaVil,NG_Gombe vs BF_BanaVil,With Nigeria,Nigeria_Gombe,BurkinaFaso_BanaVillage,Nigeria,Burkina Faso,Gombe,Bana Village,Nigeria vs Burkina Faso,Gombe vs Bana Village,57,120,57,3R,3R:28200685-29200684,28200685,29200684,24000000,25000000,24.5,1000000,0-fold,CDS_DEG_0,default,Average Hudson's FST,0.0493537621317644,0.0164730305248847,20,success,,2.9960341576013585
Selected_6pairs_1Mb_scan_3R_X,Nigeria_Gombe_vs_BurkinaFaso_BanaVillage,NG_Gombe_vs_BF_BanaVil,NG_Gombe vs BF_BanaVil,With Nigeria,Nigeria_Gombe,BurkinaFaso_BanaVillage,Nigeria,Burkina Faso,Gombe,Bana Village,Nigeria vs Burkina Faso,Gombe vs Bana Village,57,120,57,X,X:23393109-24393108,23393109,24393108,0,1000000,0.5,1000000,4-fold,CDS_DEG_4,default,Average Hudson's FST,0.0,0.0022587575637356,20,success,,0.0
Selected_6pairs_1Mb_scan_3R_X,Nigeria_Gombe_vs_BurkinaFaso_BanaVillage,NG_Gombe_vs_BF_BanaVil,NG_Gombe vs BF_BanaVil,With Nigeria,Nigeria_Gombe,BurkinaFaso_BanaVillage,Nigeria,Burkina Faso,Gombe,Bana Village,Nigeria vs Burkina Faso,Gombe vs Bana Village,57,120,57,X,X:23393109-24393108,23393109,24393108,0,1000000,0.5,1000000,0-fold,CDS_DEG_0,default,Average Hudson's FST,0.0025753995167423,0.0030198123528998,20,success,,0.8528342876236171
Selected_6pairs_1Mb_scan_3R_X,Nigeria_Gombe_vs_BurkinaFaso_BanaVillage,NG_Gombe_vs_BF_BanaVil,NG_Gombe vs BF_BanaVil,With Nigeria,Nigeria_Gombe,BurkinaFaso_BanaVillage,Nigeria,Burkina Faso,Gombe,Bana Village,Nigeria vs Burkina Faso,Gombe vs Bana Village,57,120,57,X,X:22393109-23393108,22393109,23393108,1000000,2000000,1.5,1000000,4-fold,CDS_DEG_4,default,Average Hudson's FST,0.0002915536614179,0.0021288912856957,20,success,,0.13695093938186853
Selected_6pairs_1Mb_scan_3R_X,Nigeria_Gombe_vs_BurkinaFaso_BanaVillage,NG_Gombe_vs_BF_BanaVil,NG_Gombe vs BF_BanaVil,With Nigeria,Nigeria_Gombe,BurkinaFaso_BanaVillage,Nigeria,Burkina Faso,Gombe,Bana Village,Nigeria vs Burkina Faso,Gombe vs Bana Village,57,120,57,X,X:22393109-23393108,22393109,23393108,1000000,2000000,1.5,1000000,0-fold,CDS_DEG_0,default,Average Hudson's FST,0.0003578898565065,0.0004573019844368,20,success,,0.7826116410740419
Selected_6pairs_1Mb_scan_3R_X,Nigeria_Gombe_vs_BurkinaFaso_BanaVillage,NG_Gombe_vs_BF_BanaVil,NG_Gombe vs BF_BanaVil,With Nigeria,Nigeria_Gombe,BurkinaFaso_BanaVillage,Nigeria,Burkina Faso,Gombe,Bana Village,Nigeria vs Burkina Faso,Gombe vs Bana Village,57,120,57,X,X:21393109-22393108,21393109,22393108,2000000,3000000,2.5,1000000,4-fold,CDS_DEG_4,default,Average Hudson's FST,0.0027330307663706,0.0024581648073161,20,success,,1.1118175470726908
Selected_6pairs_1Mb_scan_3R_X,Nigeria_Gombe_vs_BurkinaFaso_BanaVillage,NG_Gombe_vs_BF_BanaVil,NG_Gombe vs BF_BanaVil,With Nigeria,Nigeria_Gombe,BurkinaFaso_BanaVillage,Nigeria,Burkina Faso,Gombe,Bana Village,Nigeria vs Burkina Faso,Gombe vs Bana Village,57,120,57,X,X:21393109-22393108,21393109,22393108,2000000,3000000,2.5,1000000,0-fold,CDS_DEG_0,default,Average Hudson's FST,0.0047385723602226,0.0058703112415417,20,success,,0.8072097313494615
Selected_6pairs_1Mb_scan_3R_X,Nigeria_Gombe_vs_BurkinaFaso_BanaVillage,NG_Gombe_vs_BF_BanaVil,NG_Gombe vs BF_BanaVil,With Nigeria,Nigeria_Gombe,BurkinaFaso_BanaVillage,Nigeria,Burkina Faso,Gombe,Bana Village,Nigeria vs Burkina Faso,Gombe vs Bana Village,57,120,57,X,X:20393109-21393108,20393109,21393108,3000000,4000000,3.5,1000000,4-fold,CDS_DEG_4,default,Average Hudson's FST,0.0050334829298915,0.0073432820431477,20,success,,0.6854541198766071
Selected_6pairs_1Mb_scan_3R_X,Nigeria_Gombe_vs_BurkinaFaso_BanaVillage,NG_Gombe_vs_BF_BanaVil,NG_Gombe vs BF_BanaVil,With Nigeria,Nigeria_Gombe,BurkinaFaso_BanaVillage,Nigeria,Burkina Faso,Gombe,Bana Village,Nigeria vs Burkina Faso,Gombe vs Bana Village,57,120,57,X,X:20393109-21393108,20393109,21393108,3000000,4000000,3.5,1000000,0-fold,CDS_DEG_0,default,Average Hudson's FST,0.0,0.0010320318960599,20,success,,0.0
Selected_6pairs_1Mb_scan_3R_X,Nigeria_Gombe_vs_BurkinaFaso_BanaVillage,NG_Gombe_vs_BF_BanaVil,NG_Gombe vs BF_BanaVil,With Nigeria,Nigeria_Gombe,BurkinaFaso_BanaVillage,Nigeria,Burkina Faso,Gombe,Bana Village,Nigeria vs Burkina Faso,Gombe vs Bana Village,57,120,57,X,X:19393109-20393108,19393109,20393108,4000000,5000000,4.5,1000000,4-fold,CDS_DEG_4,default,Average Hudson's FST,0.0016652480930722,0.0014144839984686,20,success,,1.1772830904238516
Selected_6pairs_1Mb_scan_3R_X,Nigeria_Gombe_vs_BurkinaFaso_BanaVillage,NG_Gombe_vs_BF_BanaVil,NG_Gombe vs BF_BanaVil,With Nigeria,Nigeria_Gombe,BurkinaFaso_BanaVillage,Nigeria,Burkina Faso,Gombe,Bana Village,Nigeria vs Burkina Faso,Gombe vs Bana Village,57,120,57,X,X:19393109-20393108,19393109,20393108,4000000,5000000,4.5,1000000,0-fold,CDS_DEG_0,default,Average Hudson's FST,0.0037370785774155,0.0025468639034526,20,success,,1.4673255890703119
Selected_6pairs_1Mb_scan_3R_X,Nigeria_Gombe_vs_BurkinaFaso_BanaVillage,NG_Gombe_vs_BF_BanaVil,NG_Gombe vs BF_BanaVil,With Nigeria,Nigeria_Gombe,BurkinaFaso_BanaVillage,Nigeria,Burkina Faso,Gombe,Bana Village,Nigeria vs Burkina Faso,Gombe vs Bana Village,57,120,57,X,X:18393109-19393108,18393109,19393108,5000000,6000000,5.5,1000000,4-fold,CDS_DEG_4,default,Average Hudson's FST,0.0048461181316303,0.001053262045886,20,success,,4.601056451771947
Selected_6pairs_1Mb_scan_3R_X,Nigeria_Gombe_vs_BurkinaFaso_BanaVillage,NG_Gombe_vs_BF_BanaVil,NG_Gombe vs BF_BanaVil,With Nigeria,Nigeria_Gombe,BurkinaFaso_BanaVillage,Nigeria,Burkina Faso,Gombe,Bana Village,Nigeria vs Burkina Faso,Gombe vs Bana Village,57,120,57,X,X:18393109-19393108,18393109,19393108,5000000,6000000,5.5,1000000,0-fold,CDS_DEG_0,default,Average Hudson's FST,0.0028432302434457,0.0009034343380246,20,success,,3.147135462730531
Selected_6pairs_1Mb_scan_3R_X,Nigeria_Gombe_vs_BurkinaFaso_BanaVillage,NG_Gombe_vs_BF_BanaVil,NG_Gombe vs BF_BanaVil,With Nigeria,Nigeria_Gombe,BurkinaFaso_BanaVillage,Nigeria,Burkina Faso,Gombe,Bana Village,Nigeria vs Burkina Faso,Gombe vs Bana Village,57,120,57,X,X:17393109-18393108,17393109,18393108,6000000,7000000,6.5,1000000,4-fold,CDS_DEG_4,default,Average Hudson's FST,0.004089755795752,0.0010998719667429,20,success,,3.718392612426678
Selected_6pairs_1Mb_scan_3R_X,Nigeria_Gombe_vs_BurkinaFaso_BanaVillage,NG_Gombe_vs_BF_BanaVil,NG_Gombe vs BF_BanaVil,With Nigeria,Nigeria_Gombe,BurkinaFaso_BanaVillage,Nigeria,Burkina Faso,Gombe,Bana Village,Nigeria vs Burkina Faso,Gombe vs Bana Village,57,120,57,X,X:17393109-18393108,17393109,18393108,6000000,7000000,6.5,1000000,0-fold,CDS_DEG_0,default,Average Hudson's FST,0.0062726746226581,0.0010155781309952,20,success,,6.176456966940879
Selected_6pairs_1Mb_scan_3R_X,Nigeria_Gombe_vs_BurkinaFaso_BanaVillage,NG_Gombe_vs_BF_BanaVil,NG_Gombe vs BF_BanaVil,With Nigeria,Nigeria_Gombe,BurkinaFaso_BanaVillage,Nigeria,Burkina Faso,Gombe,Bana Village,Nigeria vs Burkina Faso,Gombe vs Bana Village,57,120,57,X,X:16393109-17393108,16393109,17393108,7000000,8000000,7.5,1000000,4-fold,CDS_DEG_4,default,Average Hudson's FST,0.0157440066571329,0.002564968649942,20,success,,6.138089312510276
Selected_6pairs_1Mb_scan_3R_X,Nigeria_Gombe_vs_BurkinaFaso_BanaVillage,NG_Gombe_vs_BF_BanaVil,NG_Gombe vs BF_BanaVil,With Nigeria,Nigeria_Gombe,BurkinaFaso_BanaVillage,Nigeria,Burkina Faso,Gombe,Bana Village,Nigeria vs Burkina Faso,Gombe vs Bana Village,57,120,57,X,X:16393109-17393108,16393109,17393108,7000000,8000000,7.5,1000000,0-fold,CDS_DEG_0,default,Average Hudson's FST,0.014330212327249,0.0033685281369911,20,success,,4.254146542486447
Selected_6pairs_1Mb_scan_3R_X,Nigeria_Gombe_vs_BurkinaFaso_BanaVillage,NG_Gombe_vs_BF_BanaVil,NG_Gombe vs BF_BanaVil,With Nigeria,Nigeria_Gombe,BurkinaFaso_BanaVillage,Nigeria,Burkina Faso,Gombe,Bana Village,Nigeria vs Burkina Faso,Gombe vs Bana Village,57,120,57,X,X:15393109-16393108,15393109,16393108,8000000,9000000,8.5,1000000,4-fold,CDS_DEG_4,default,Average Hudson's FST,0.1174970648084609,0.0281826173942297,20,success,,4.169132453698855
Selected_6pairs_1Mb_scan_3R_X,Nigeria_Gombe_vs_BurkinaFaso_BanaVillage,NG_Gombe_vs_BF_BanaVil,NG_Gombe vs BF_BanaVil,With Nigeria,Nigeria_Gombe,BurkinaFaso_BanaVillage,Nigeria,Burkina Faso,Gombe,Bana Village,Nigeria vs Burkina Faso,Gombe vs Bana Village,57,120,57,X,X:15393109-16393108,15393109,16393108,8000000,9000000,8.5,1000000,0-fold,CDS_DEG_0,default,Average Hudson's FST,0.1822146310940506,0.0543466000333981,20,success,,3.3528248497987474
Selected_6pairs_1Mb_scan_3R_X,Nigeria_Gombe_vs_BurkinaFaso_BanaVillage,NG_Gombe_vs_BF_BanaVil,NG_Gombe vs BF_BanaVil,With Nigeria,Nigeria_Gombe,BurkinaFaso_BanaVillage,Nigeria,Burkina Faso,Gombe,Bana Village,Nigeria vs Burkina Faso,Gombe vs Bana Village,57,120,57,X,X:14393109-15393108,14393109,15393108,9000000,10000000,9.5,1000000,4-fold,CDS_DEG_4,default,Average Hudson's FST,0.1593170788148027,0.039643245940862,20,success,,4.018769781174445
Selected_6pairs_1Mb_scan_3R_X,Nigeria_Gombe_vs_BurkinaFaso_BanaVillage,NG_Gombe_vs_BF_BanaVil,NG_Gombe vs BF_BanaVil,With Nigeria,Nigeria_Gombe,BurkinaFaso_BanaVillage,Nigeria,Burkina Faso,Gombe,Bana Village,Nigeria vs Burkina Faso,Gombe vs Bana Village,57,120,57,X,X:14393109-15393108,14393109,15393108,9000000,10000000,9.5,1000000,0-fold,CDS_DEG_0,default,Average Hudson's FST,0.2008783952759735,0.0434478719404274,20,success,,4.6234346195690215
Selected_6pairs_1Mb_scan_3R_X,Nigeria_Gombe_vs_BurkinaFaso_BanaVillage,NG_Gombe_vs_BF_BanaVil,NG_Gombe vs BF_BanaVil,With Nigeria,Nigeria_Gombe,BurkinaFaso_BanaVillage,Nigeria,Burkina Faso,Gombe,Bana Village,Nigeria vs Burkina Faso,Gombe vs Bana Village,57,120,57,X,X:13393109-14393108,13393109,14393108,10000000,11000000,10.5,1000000,4-fold,CDS_DEG_4,default,Average Hudson's FST,0.0160695454617446,0.004453128600302,20,success,,3.608596765127062
Selected_6pairs_1Mb_scan_3R_X,Nigeria_Gombe_vs_BurkinaFaso_BanaVillage,NG_Gombe_vs_BF_BanaVil,NG_Gombe vs BF_BanaVil,With Nigeria,Nigeria_Gombe,BurkinaFaso_BanaVillage,Nigeria,Burkina Faso,Gombe,Bana Village,Nigeria vs Burkina Faso,Gombe vs Bana Village,57,120,57,X,X:13393109-14393108,13393109,14393108,10000000,11000000,10.5,1000000,0-fold,CDS_DEG_0,default,Average Hudson's FST,0.0096221923274575,0.0037098938317002,20,success,,2.593657059735255
Selected_6pairs_1Mb_scan_3R_X,Nigeria_Gombe_vs_BurkinaFaso_BanaVillage,NG_Gombe_vs_BF_BanaVil,NG_Gombe vs BF_BanaVil,With Nigeria,Nigeria_Gombe,BurkinaFaso_BanaVillage,Nigeria,Burkina Faso,Gombe,Bana Village,Nigeria vs Burkina Faso,Gombe vs Bana Village,57,120,57,X,X:12393109-13393108,12393109,13393108,11000000,12000000,11.5,1000000,4-fold,CDS_DEG_4,default,Average Hudson's FST,0.001996017412457,0.000646803912511,20,success,,3.0859699112025
Selected_6pairs_1Mb_scan_3R_X,Nigeria_Gombe_vs_BurkinaFaso_BanaVillage,NG_Gombe_vs_BF_BanaVil,NG_Gombe vs BF_BanaVil,With Nigeria,Nigeria_Gombe,BurkinaFaso_BanaVillage,Nigeria,Burkina Faso,Gombe,Bana Village,Nigeria vs Burkina Faso,Gombe vs Bana Village,57,120,57,X,X:12393109-13393108,12393109,13393108,11000000,12000000,11.5,1000000,0-fold,CDS_DEG_0,default,Average Hudson's FST,0.0016150383092021,0.0008467339666764,20,success,,1.9073739483269438
Selected_6pairs_1Mb_scan_3R_X,Nigeria_Gombe_vs_BurkinaFaso_BanaVillage,NG_Gombe_vs_BF_BanaVil,NG_Gombe vs BF_BanaVil,With Nigeria,Nigeria_Gombe,BurkinaFaso_BanaVillage,Nigeria,Burkina Faso,Gombe,Bana Village,Nigeria vs Burkina Faso,Gombe vs Bana Village,57,120,57,X,X:11393109-12393108,11393109,12393108,12000000,13000000,12.5,1000000,4-fold,CDS_DEG_4,default,Average Hudson's FST,0.0008822653410062,0.0005620091961697,20,success,,1.5698414670421121
Selected_6pairs_1Mb_scan_3R_X,Nigeria_Gombe_vs_BurkinaFaso_BanaVillage,NG_Gombe_vs_BF_BanaVil,NG_Gombe vs BF_BanaVil,With Nigeria,Nigeria_Gombe,BurkinaFaso_BanaVillage,Nigeria,Burkina Faso,Gombe,Bana Village,Nigeria vs Burkina Faso,Gombe vs Bana Village,57,120,57,X,X:11393109-12393108,11393109,12393108,12000000,13000000,12.5,1000000,0-fold,CDS_DEG_0,default,Average Hudson's FST,0.001661462197884,0.0007872653611399,20,success,,2.110422076081602
Selected_6pairs_1Mb_scan_3R_X,Nigeria_Gombe_vs_BurkinaFaso_BanaVillage,NG_Gombe_vs_BF_BanaVil,NG_Gombe vs BF_BanaVil,With Nigeria,Nigeria_Gombe,BurkinaFaso_BanaVillage,Nigeria,Burkina Faso,Gombe,Bana Village,Nigeria vs Burkina Faso,Gombe vs Bana Village,57,120,57,X,X:10393109-11393108,10393109,11393108,13000000,14000000,13.5,1000000,4-fold,CDS_DEG_4,default,Average Hudson's FST,0.0007879528391585,0.0005692582241665,20,success,,1.3841747131755708
Selected_6pairs_1Mb_scan_3R_X,Nigeria_Gombe_vs_BurkinaFaso_BanaVillage,NG_Gombe_vs_BF_BanaVil,NG_Gombe vs BF_BanaVil,With Nigeria,Nigeria_Gombe,BurkinaFaso_BanaVillage,Nigeria,Burkina Faso,Gombe,Bana Village,Nigeria vs Burkina Faso,Gombe vs Bana Village,57,120,57,X,X:10393109-11393108,10393109,11393108,13000000,14000000,13.5,1000000,0-fold,CDS_DEG_0,default,Average Hudson's FST,0.0006497266694211,0.0005617633222477,20,success,,1.1565843544598913
Selected_6pairs_1Mb_scan_3R_X,Nigeria_Gombe_vs_BurkinaFaso_BanaVillage,NG_Gombe_vs_BF_BanaVil,NG_Gombe vs BF_BanaVil,With Nigeria,Nigeria_Gombe,BurkinaFaso_BanaVillage,Nigeria,Burkina Faso,Gombe,Bana Village,Nigeria vs Burkina Faso,Gombe vs Bana Village,57,120,57,X,X:9393109-10393108,9393109,10393108,14000000,15000000,14.5,1000000,4-fold,CDS_DEG_4,default,Average Hudson's FST,0.0038347424563843,0.0006049675483594,20,success,,6.33875728835979
Selected_6pairs_1Mb_scan_3R_X,Nigeria_Gombe_vs_BurkinaFaso_BanaVillage,NG_Gombe_vs_BF_BanaVil,NG_Gombe vs BF_BanaVil,With Nigeria,Nigeria_Gombe,BurkinaFaso_BanaVillage,Nigeria,Burkina Faso,Gombe,Bana Village,Nigeria vs Burkina Faso,Gombe vs Bana Village,57,120,57,X,X:9393109-10393108,9393109,10393108,14000000,15000000,14.5,1000000,0-fold,CDS_DEG_0,default,Average Hudson's FST,0.0081949340833393,0.0015380558864688,20,success,,5.3281120376932005
Selected_6pairs_1Mb_scan_3R_X,Nigeria_Gombe_vs_BurkinaFaso_BanaVillage,NG_Gombe_vs_BF_BanaVil,NG_Gombe vs BF_BanaVil,With Nigeria,Nigeria_Gombe,BurkinaFaso_BanaVillage,Nigeria,Burkina Faso,Gombe,Bana Village,Nigeria vs Burkina Faso,Gombe vs Bana Village,57,120,57,X,X:8393109-9393108,8393109,9393108,15000000,16000000,15.5,1000000,4-fold,CDS_DEG_4,default,Average Hudson's FST,0.0108774936500629,0.0027730495037378,20,success,,3.922574636839732
Selected_6pairs_1Mb_scan_3R_X,Nigeria_Gombe_vs_BurkinaFaso_BanaVillage,NG_Gombe_vs_BF_BanaVil,NG_Gombe vs BF_BanaVil,With Nigeria,Nigeria_Gombe,BurkinaFaso_BanaVillage,Nigeria,Burkina Faso,Gombe,Bana Village,Nigeria vs Burkina Faso,Gombe vs Bana Village,57,120,57,X,X:8393109-9393108,8393109,9393108,15000000,16000000,15.5,1000000,0-fold,CDS_DEG_0,default,Average Hudson's FST,0.0119869063917879,0.0035511319690166,20,success,,3.3755170172139177
Selected_6pairs_1Mb_scan_3R_X,Nigeria_Gombe_vs_BurkinaFaso_BanaVillage,NG_Gombe_vs_BF_BanaVil,NG_Gombe vs BF_BanaVil,With Nigeria,Nigeria_Gombe,BurkinaFaso_BanaVillage,Nigeria,Burkina Faso,Gombe,Bana Village,Nigeria vs Burkina Faso,Gombe vs Bana Village,57,120,57,X,X:7393109-8393108,7393109,8393108,16000000,17000000,16.5,1000000,4-fold,CDS_DEG_4,default,Average Hudson's FST,0.0029304474510122,0.0007346665035136,20,success,,3.988813205715935
Selected_6pairs_1Mb_scan_3R_X,Nigeria_Gombe_vs_BurkinaFaso_BanaVillage,NG_Gombe_vs_BF_BanaVil,NG_Gombe vs BF_BanaVil,With Nigeria,Nigeria_Gombe,BurkinaFaso_BanaVillage,Nigeria,Burkina Faso,Gombe,Bana Village,Nigeria vs Burkina Faso,Gombe vs Bana Village,57,120,57,X,X:7393109-8393108,7393109,8393108,16000000,17000000,16.5,1000000,0-fold,CDS_DEG_0,default,Average Hudson's FST,0.0035621842112206,0.0008576742240454,20,success,,4.1533068283419
Selected_6pairs_1Mb_scan_3R_X,Nigeria_Gombe_vs_BurkinaFaso_BanaVillage,NG_Gombe_vs_BF_BanaVil,NG_Gombe vs BF_BanaVil,With Nigeria,Nigeria_Gombe,BurkinaFaso_BanaVillage,Nigeria,Burkina Faso,Gombe,Bana Village,Nigeria vs Burkina Faso,Gombe vs Bana Village,57,120,57,X,X:6393109-7393108,6393109,7393108,17000000,18000000,17.5,1000000,4-fold,CDS_DEG_4,default,Average Hudson's FST,0.0012977183315556,0.0003188816394717,20,success,,4.069592509953115
Selected_6pairs_1Mb_scan_3R_X,Nigeria_Gombe_vs_BurkinaFaso_BanaVillage,NG_Gombe_vs_BF_BanaVil,NG_Gombe vs BF_BanaVil,With Nigeria,Nigeria_Gombe,BurkinaFaso_BanaVillage,Nigeria,Burkina Faso,Gombe,Bana Village,Nigeria vs Burkina Faso,Gombe vs Bana Village,57,120,57,X,X:6393109-7393108,6393109,7393108,17000000,18000000,17.5,1000000,0-fold,CDS_DEG_0,default,Average Hudson's FST,0.0005069431299401,0.0005966083603756,20,success,,0.8497083909802228
Selected_6pairs_1Mb_scan_3R_X,Nigeria_Gombe_vs_BurkinaFaso_BanaVillage,NG_Gombe_vs_BF_BanaVil,NG_Gombe vs BF_BanaVil,With Nigeria,Nigeria_Gombe,BurkinaFaso_BanaVillage,Nigeria,Burkina Faso,Gombe,Bana Village,Nigeria vs Burkina Faso,Gombe vs Bana Village,57,120,57,X,X:5393109-6393108,5393109,6393108,18000000,19000000,18.5,1000000,4-fold,CDS_DEG_4,default,Average Hudson's FST,0.0004102643539356,0.0003595676036532,20,success,,1.1409936539535874
Selected_6pairs_1Mb_scan_3R_X,Nigeria_Gombe_vs_BurkinaFaso_BanaVillage,NG_Gombe_vs_BF_BanaVil,NG_Gombe vs BF_BanaVil,With Nigeria,Nigeria_Gombe,BurkinaFaso_BanaVillage,Nigeria,Burkina Faso,Gombe,Bana Village,Nigeria vs Burkina Faso,Gombe vs Bana Village,57,120,57,X,X:5393109-6393108,5393109,6393108,18000000,19000000,18.5,1000000,0-fold,CDS_DEG_0,default,Average Hudson's FST,1.0263447831029762e-05,0.000691668553552,20,success,,0.01483867927538815
Selected_6pairs_1Mb_scan_3R_X,Nigeria_Gombe_vs_BurkinaFaso_BanaVillage,NG_Gombe_vs_BF_BanaVil,NG_Gombe vs BF_BanaVil,With Nigeria,Nigeria_Gombe,BurkinaFaso_BanaVillage,Nigeria,Burkina Faso,Gombe,Bana Village,Nigeria vs Burkina Faso,Gombe vs Bana Village,57,120,57,X,X:4393109-5393108,4393109,5393108,19000000,20000000,19.5,1000000,4-fold,CDS_DEG_4,default,Average Hudson's FST,0.0012640043580025,0.0004894272380346,20,success,,2.5826195597089785
Selected_6pairs_1Mb_scan_3R_X,Nigeria_Gombe_vs_BurkinaFaso_BanaVillage,NG_Gombe_vs_BF_BanaVil,NG_Gombe vs BF_BanaVil,With Nigeria,Nigeria_Gombe,BurkinaFaso_BanaVillage,Nigeria,Burkina Faso,Gombe,Bana Village,Nigeria vs Burkina Faso,Gombe vs Bana Village,57,120,57,X,X:4393109-5393108,4393109,5393108,19000000,20000000,19.5,1000000,0-fold,CDS_DEG_0,default,Average Hudson's FST,8.536354170373772e-05,0.0005979308269351,20,success,,0.14276491168936362
Selected_6pairs_1Mb_scan_3R_X,Nigeria_Gombe_vs_BurkinaFaso_BanaVillage,NG_Gombe_vs_BF_BanaVil,NG_Gombe vs BF_BanaVil,With Nigeria,Nigeria_Gombe,BurkinaFaso_BanaVillage,Nigeria,Burkina Faso,Gombe,Bana Village,Nigeria vs Burkina Faso,Gombe vs Bana Village,57,120,57,X,X:3393109-4393108,3393109,4393108,20000000,21000000,20.5,1000000,4-fold,CDS_DEG_4,default,Average Hudson's FST,0.0008977440141916,0.0004958695954317,20,success,,1.8104437587265891
Selected_6pairs_1Mb_scan_3R_X,Nigeria_Gombe_vs_BurkinaFaso_BanaVillage,NG_Gombe_vs_BF_BanaVil,NG_Gombe vs BF_BanaVil,With Nigeria,Nigeria_Gombe,BurkinaFaso_BanaVillage,Nigeria,Burkina Faso,Gombe,Bana Village,Nigeria vs Burkina Faso,Gombe vs Bana Village,57,120,57,X,X:3393109-4393108,3393109,4393108,20000000,21000000,20.5,1000000,0-fold,CDS_DEG_0,default,Average Hudson's FST,0.0035852030141228,0.0019404811169543,20,success,,1.84758459270657
Selected_6pairs_1Mb_scan_3R_X,Nigeria_Gombe_vs_BurkinaFaso_BanaVillage,NG_Gombe_vs_BF_BanaVil,NG_Gombe vs BF_BanaVil,With Nigeria,Nigeria_Gombe,BurkinaFaso_BanaVillage,Nigeria,Burkina Faso,Gombe,Bana Village,Nigeria vs Burkina Faso,Gombe vs Bana Village,57,120,57,X,X:2393109-3393108,2393109,3393108,21000000,22000000,21.5,1000000,4-fold,CDS_DEG_4,default,Average Hudson's FST,0.0012707120068711,0.000609254907321,20,success,,2.0856820217643257
Selected_6pairs_1Mb_scan_3R_X,Nigeria_Gombe_vs_BurkinaFaso_BanaVillage,NG_Gombe_vs_BF_BanaVil,NG_Gombe vs BF_BanaVil,With Nigeria,Nigeria_Gombe,BurkinaFaso_BanaVillage,Nigeria,Burkina Faso,Gombe,Bana Village,Nigeria vs Burkina Faso,Gombe vs Bana Village,57,120,57,X,X:2393109-3393108,2393109,3393108,21000000,22000000,21.5,1000000,0-fold,CDS_DEG_0,default,Average Hudson's FST,0.00229374041204,0.0008302098853213,20,success,,2.7628440140197776
Selected_6pairs_1Mb_scan_3R_X,Nigeria_Gombe_vs_BurkinaFaso_BanaVillage,NG_Gombe_vs_BF_BanaVil,NG_Gombe vs BF_BanaVil,With Nigeria,Nigeria_Gombe,BurkinaFaso_BanaVillage,Nigeria,Burkina Faso,Gombe,Bana Village,Nigeria vs Burkina Faso,Gombe vs Bana Village,57,120,57,X,X:1393109-2393108,1393109,2393108,22000000,23000000,22.5,1000000,4-fold,CDS_DEG_4,default,Average Hudson's FST,0.001178598065658,0.0004728900111032,20,success,,2.492330220527309
Selected_6pairs_1Mb_scan_3R_X,Nigeria_Gombe_vs_BurkinaFaso_BanaVillage,NG_Gombe_vs_BF_BanaVil,NG_Gombe vs BF_BanaVil,With Nigeria,Nigeria_Gombe,BurkinaFaso_BanaVillage,Nigeria,Burkina Faso,Gombe,Bana Village,Nigeria vs Burkina Faso,Gombe vs Bana Village,57,120,57,X,X:1393109-2393108,1393109,2393108,22000000,23000000,22.5,1000000,0-fold,CDS_DEG_0,default,Average Hudson's FST,0.0014538238741795,0.0004346758813482,20,success,,3.3446159231800228
Selected_6pairs_1Mb_scan_3R_X,Nigeria_Gombe_vs_BurkinaFaso_BanaVillage,NG_Gombe_vs_BF_BanaVil,NG_Gombe vs BF_BanaVil,With Nigeria,Nigeria_Gombe,BurkinaFaso_BanaVillage,Nigeria,Burkina Faso,Gombe,Bana Village,Nigeria vs Burkina Faso,Gombe vs Bana Village,57,120,57,X,X:393109-1393108,393109,1393108,23000000,24000000,23.5,1000000,4-fold,CDS_DEG_4,default,Average Hudson's FST,0.0004057209561488,0.0003509638473301,20,success,,1.1560192288614788
Selected_6pairs_1Mb_scan_3R_X,Nigeria_Gombe_vs_BurkinaFaso_BanaVillage,NG_Gombe_vs_BF_BanaVil,NG_Gombe vs BF_BanaVil,With Nigeria,Nigeria_Gombe,BurkinaFaso_BanaVillage,Nigeria,Burkina Faso,Gombe,Bana Village,Nigeria vs Burkina Faso,Gombe vs Bana Village,57,120,57,X,X:393109-1393108,393109,1393108,23000000,24000000,23.5,1000000,0-fold,CDS_DEG_0,default,Average Hudson's FST,0.0006737533611488,0.0006373293589259,20,success,,1.0571509874961447
Selected_6pairs_1Mb_scan_3R_X,Nigeria_Gombe_vs_Guinea_Siguiri_Dankakoro,NG_Gombe_vs_GN_Siguiri,NG_Gombe vs GN_Siguiri,With Nigeria,Nigeria_Gombe,Guinea_Siguiri_Dankakoro,Nigeria,Guinea,Gombe,Siguiri_Dankakoro,Nigeria vs Guinea,Gombe vs Siguiri_Dankakoro,57,81,57,3R,3R:52200685-53200684,52200685,53200684,0,1000000,0.5,1000000,4-fold,CDS_DEG_4,default,Average Hudson's FST,0.0018025393357352,0.0011929851814306,20,success,,1.5109486385854658
Selected_6pairs_1Mb_scan_3R_X,Nigeria_Gombe_vs_Guinea_Siguiri_Dankakoro,NG_Gombe_vs_GN_Siguiri,NG_Gombe vs GN_Siguiri,With Nigeria,Nigeria_Gombe,Guinea_Siguiri_Dankakoro,Nigeria,Guinea,Gombe,Siguiri_Dankakoro,Nigeria vs Guinea,Gombe vs Siguiri_Dankakoro,57,81,57,3R,3R:52200685-53200684,52200685,53200684,0,1000000,0.5,1000000,0-fold,CDS_DEG_0,default,Average Hudson's FST,0.0022683379355821,0.0021264941835946,20,success,,1.0667030989700284
Selected_6pairs_1Mb_scan_3R_X,Nigeria_Gombe_vs_Guinea_Siguiri_Dankakoro,NG_Gombe_vs_GN_Siguiri,NG_Gombe vs GN_Siguiri,With Nigeria,Nigeria_Gombe,Guinea_Siguiri_Dankakoro,Nigeria,Guinea,Gombe,Siguiri_Dankakoro,Nigeria vs Guinea,Gombe vs Siguiri_Dankakoro,57,81,57,3R,3R:51200685-52200684,51200685,52200684,1000000,2000000,1.5,1000000,4-fold,CDS_DEG_4,default,Average Hudson's FST,0.001593769665739,0.0007783920651324,20,success,,2.047515303830736
Selected_6pairs_1Mb_scan_3R_X,Nigeria_Gombe_vs_Guinea_Siguiri_Dankakoro,NG_Gombe_vs_GN_Siguiri,NG_Gombe vs GN_Siguiri,With Nigeria,Nigeria_Gombe,Guinea_Siguiri_Dankakoro,Nigeria,Guinea,Gombe,Siguiri_Dankakoro,Nigeria vs Guinea,Gombe vs Siguiri_Dankakoro,57,81,57,3R,3R:51200685-52200684,51200685,52200684,1000000,2000000,1.5,1000000,0-fold,CDS_DEG_0,default,Average Hudson's FST,0.0033020507847952,0.0013740229965892,20,success,,2.4031990679865123
Selected_6pairs_1Mb_scan_3R_X,Nigeria_Gombe_vs_Guinea_Siguiri_Dankakoro,NG_Gombe_vs_GN_Siguiri,NG_Gombe vs GN_Siguiri,With Nigeria,Nigeria_Gombe,Guinea_Siguiri_Dankakoro,Nigeria,Guinea,Gombe,Siguiri_Dankakoro,Nigeria vs Guinea,Gombe vs Siguiri_Dankakoro,57,81,57,3R,3R:50200685-51200684,50200685,51200684,2000000,3000000,2.5,1000000,4-fold,CDS_DEG_4,default,Average Hudson's FST,0.001834176421272,0.000847606748699,20,success,,2.1639474014185183
Selected_6pairs_1Mb_scan_3R_X,Nigeria_Gombe_vs_Guinea_Siguiri_Dankakoro,NG_Gombe_vs_GN_Siguiri,NG_Gombe vs GN_Siguiri,With Nigeria,Nigeria_Gombe,Guinea_Siguiri_Dankakoro,Nigeria,Guinea,Gombe,Siguiri_Dankakoro,Nigeria vs Guinea,Gombe vs Siguiri_Dankakoro,57,81,57,3R,3R:50200685-51200684,50200685,51200684,2000000,3000000,2.5,1000000,0-fold,CDS_DEG_0,default,Average Hudson's FST,0.0026341351858235,0.0014611583929979,20,success,,1.802771827097383
Selected_6pairs_1Mb_scan_3R_X,Nigeria_Gombe_vs_Guinea_Siguiri_Dankakoro,NG_Gombe_vs_GN_Siguiri,NG_Gombe vs GN_Siguiri,With Nigeria,Nigeria_Gombe,Guinea_Siguiri_Dankakoro,Nigeria,Guinea,Gombe,Siguiri_Dankakoro,Nigeria vs Guinea,Gombe vs Siguiri_Dankakoro,57,81,57,3R,3R:49200685-50200684,49200685,50200684,3000000,4000000,3.5,1000000,4-fold,CDS_DEG_4,default,Average Hudson's FST,0.002935868079236,0.0010219613781695,20,success,,2.872777917003693
Selected_6pairs_1Mb_scan_3R_X,Nigeria_Gombe_vs_Guinea_Siguiri_Dankakoro,NG_Gombe_vs_GN_Siguiri,NG_Gombe vs GN_Siguiri,With Nigeria,Nigeria_Gombe,Guinea_Siguiri_Dankakoro,Nigeria,Guinea,Gombe,Siguiri_Dankakoro,Nigeria vs Guinea,Gombe vs Siguiri_Dankakoro,57,81,57,3R,3R:49200685-50200684,49200685,50200684,3000000,4000000,3.5,1000000,0-fold,CDS_DEG_0,default,Average Hudson's FST,0.0010472615212333,0.0011439668081514,20,success,,0.9154649538526635
Selected_6pairs_1Mb_scan_3R_X,Nigeria_Gombe_vs_Guinea_Siguiri_Dankakoro,NG_Gombe_vs_GN_Siguiri,NG_Gombe vs GN_Siguiri,With Nigeria,Nigeria_Gombe,Guinea_Siguiri_Dankakoro,Nigeria,Guinea,Gombe,Siguiri_Dankakoro,Nigeria vs Guinea,Gombe vs Siguiri_Dankakoro,57,81,57,3R,3R:48200685-49200684,48200685,49200684,4000000,5000000,4.5,1000000,4-fold,CDS_DEG_4,default,Average Hudson's FST,0.0,0.0003925640024108,20,success,,0.0
Selected_6pairs_1Mb_scan_3R_X,Nigeria_Gombe_vs_Guinea_Siguiri_Dankakoro,NG_Gombe_vs_GN_Siguiri,NG_Gombe vs GN_Siguiri,With Nigeria,Nigeria_Gombe,Guinea_Siguiri_Dankakoro,Nigeria,Guinea,Gombe,Siguiri_Dankakoro,Nigeria vs Guinea,Gombe vs Siguiri_Dankakoro,57,81,57,3R,3R:48200685-49200684,48200685,49200684,4000000,5000000,4.5,1000000,0-fold,CDS_DEG_0,default,Average Hudson's FST,0.0001743198459924,0.0007884108253754,20,success,,0.2211028062804668
Selected_6pairs_1Mb_scan_3R_X,Nigeria_Gombe_vs_Guinea_Siguiri_Dankakoro,NG_Gombe_vs_GN_Siguiri,NG_Gombe vs GN_Siguiri,With Nigeria,Nigeria_Gombe,Guinea_Siguiri_Dankakoro,Nigeria,Guinea,Gombe,Siguiri_Dankakoro,Nigeria vs Guinea,Gombe vs Siguiri_Dankakoro,57,81,57,3R,3R:47200685-48200684,47200685,48200684,5000000,6000000,5.5,1000000,4-fold,CDS_DEG_4,default,Average Hudson's FST,0.0004138154226418,0.0006454221704515,20,success,,0.6411546451097562
Selected_6pairs_1Mb_scan_3R_X,Nigeria_Gombe_vs_Guinea_Siguiri_Dankakoro,NG_Gombe_vs_GN_Siguiri,NG_Gombe vs GN_Siguiri,With Nigeria,Nigeria_Gombe,Guinea_Siguiri_Dankakoro,Nigeria,Guinea,Gombe,Siguiri_Dankakoro,Nigeria vs Guinea,Gombe vs Siguiri_Dankakoro,57,81,57,3R,3R:47200685-48200684,47200685,48200684,5000000,6000000,5.5,1000000,0-fold,CDS_DEG_0,default,Average Hudson's FST,0.0,0.0004824692591956,20,success,,0.0
Selected_6pairs_1Mb_scan_3R_X,Nigeria_Gombe_vs_Guinea_Siguiri_Dankakoro,NG_Gombe_vs_GN_Siguiri,NG_Gombe vs GN_Siguiri,With Nigeria,Nigeria_Gombe,Guinea_Siguiri_Dankakoro,Nigeria,Guinea,Gombe,Siguiri_Dankakoro,Nigeria vs Guinea,Gombe vs Siguiri_Dankakoro,57,81,57,3R,3R:46200685-47200684,46200685,47200684,6000000,7000000,6.5,1000000,4-fold,CDS_DEG_4,default,Average Hudson's FST,0.0,0.0005802030247978,20,success,,0.0
Selected_6pairs_1Mb_scan_3R_X,Nigeria_Gombe_vs_Guinea_Siguiri_Dankakoro,NG_Gombe_vs_GN_Siguiri,NG_Gombe vs GN_Siguiri,With Nigeria,Nigeria_Gombe,Guinea_Siguiri_Dankakoro,Nigeria,Guinea,Gombe,Siguiri_Dankakoro,Nigeria vs Guinea,Gombe vs Siguiri_Dankakoro,57,81,57,3R,3R:46200685-47200684,46200685,47200684,6000000,7000000,6.5,1000000,0-fold,CDS_DEG_0,default,Average Hudson's FST,0.0,0.0007224938091881,20,success,,0.0
Selected_6pairs_1Mb_scan_3R_X,Nigeria_Gombe_vs_Guinea_Siguiri_Dankakoro,NG_Gombe_vs_GN_Siguiri,NG_Gombe vs GN_Siguiri,With Nigeria,Nigeria_Gombe,Guinea_Siguiri_Dankakoro,Nigeria,Guinea,Gombe,Siguiri_Dankakoro,Nigeria vs Guinea,Gombe vs Siguiri_Dankakoro,57,81,57,3R,3R:45200685-46200684,45200685,46200684,7000000,8000000,7.5,1000000,4-fold,CDS_DEG_4,default,Average Hudson's FST,0.003293447872753,0.001280433347448,20,success,,2.5721353472377846
Selected_6pairs_1Mb_scan_3R_X,Nigeria_Gombe_vs_Guinea_Siguiri_Dankakoro,NG_Gombe_vs_GN_Siguiri,NG_Gombe vs GN_Siguiri,With Nigeria,Nigeria_Gombe,Guinea_Siguiri_Dankakoro,Nigeria,Guinea,Gombe,Siguiri_Dankakoro,Nigeria vs Guinea,Gombe vs Siguiri_Dankakoro,57,81,57,3R,3R:45200685-46200684,45200685,46200684,7000000,8000000,7.5,1000000,0-fold,CDS_DEG_0,default,Average Hudson's FST,0.0030823482053123,0.0011315616522372,20,success,,2.7239772567568177
Selected_6pairs_1Mb_scan_3R_X,Nigeria_Gombe_vs_Guinea_Siguiri_Dankakoro,NG_Gombe_vs_GN_Siguiri,NG_Gombe vs GN_Siguiri,With Nigeria,Nigeria_Gombe,Guinea_Siguiri_Dankakoro,Nigeria,Guinea,Gombe,Siguiri_Dankakoro,Nigeria vs Guinea,Gombe vs Siguiri_Dankakoro,57,81,57,3R,3R:44200685-45200684,44200685,45200684,8000000,9000000,8.5,1000000,4-fold,CDS_DEG_4,default,Average Hudson's FST,2.6532536184175943e-05,0.0004377061532593,20,success,,0.06061723370029458
Selected_6pairs_1Mb_scan_3R_X,Nigeria_Gombe_vs_Guinea_Siguiri_Dankakoro,NG_Gombe_vs_GN_Siguiri,NG_Gombe vs GN_Siguiri,With Nigeria,Nigeria_Gombe,Guinea_Siguiri_Dankakoro,Nigeria,Guinea,Gombe,Siguiri_Dankakoro,Nigeria vs Guinea,Gombe vs Siguiri_Dankakoro,57,81,57,3R,3R:44200685-45200684,44200685,45200684,8000000,9000000,8.5,1000000,0-fold,CDS_DEG_0,default,Average Hudson's FST,0.0001442683130259,0.0006513327248009,20,success,,0.22149710513931276
Selected_6pairs_1Mb_scan_3R_X,Nigeria_Gombe_vs_Guinea_Siguiri_Dankakoro,NG_Gombe_vs_GN_Siguiri,NG_Gombe vs GN_Siguiri,With Nigeria,Nigeria_Gombe,Guinea_Siguiri_Dankakoro,Nigeria,Guinea,Gombe,Siguiri_Dankakoro,Nigeria vs Guinea,Gombe vs Siguiri_Dankakoro,57,81,57,3R,3R:43200685-44200684,43200685,44200684,9000000,10000000,9.5,1000000,4-fold,CDS_DEG_4,default,Average Hudson's FST,0.0005712065043022,0.0004660562918618,20,success,,1.2256169786279387
Selected_6pairs_1Mb_scan_3R_X,Nigeria_Gombe_vs_Guinea_Siguiri_Dankakoro,NG_Gombe_vs_GN_Siguiri,NG_Gombe vs GN_Siguiri,With Nigeria,Nigeria_Gombe,Guinea_Siguiri_Dankakoro,Nigeria,Guinea,Gombe,Siguiri_Dankakoro,Nigeria vs Guinea,Gombe vs Siguiri_Dankakoro,57,81,57,3R,3R:43200685-44200684,43200685,44200684,9000000,10000000,9.5,1000000,0-fold,CDS_DEG_0,default,Average Hudson's FST,0.0009516723104882,0.0005213589720235,20,success,,1.8253686261398105
Selected_6pairs_1Mb_scan_3R_X,Nigeria_Gombe_vs_Guinea_Siguiri_Dankakoro,NG_Gombe_vs_GN_Siguiri,NG_Gombe vs GN_Siguiri,With Nigeria,Nigeria_Gombe,Guinea_Siguiri_Dankakoro,Nigeria,Guinea,Gombe,Siguiri_Dankakoro,Nigeria vs Guinea,Gombe vs Siguiri_Dankakoro,57,81,57,3R,3R:42200685-43200684,42200685,43200684,10000000,11000000,10.5,1000000,4-fold,CDS_DEG_4,default,Average Hudson's FST,0.0020155254192768,0.0009536354762279,20,success,,2.1135176590212437
Selected_6pairs_1Mb_scan_3R_X,Nigeria_Gombe_vs_Guinea_Siguiri_Dankakoro,NG_Gombe_vs_GN_Siguiri,NG_Gombe vs GN_Siguiri,With Nigeria,Nigeria_Gombe,Guinea_Siguiri_Dankakoro,Nigeria,Guinea,Gombe,Siguiri_Dankakoro,Nigeria vs Guinea,Gombe vs Siguiri_Dankakoro,57,81,57,3R,3R:42200685-43200684,42200685,43200684,10000000,11000000,10.5,1000000,0-fold,CDS_DEG_0,default,Average Hudson's FST,0.0,0.0006598449898844,20,success,,0.0
Selected_6pairs_1Mb_scan_3R_X,Nigeria_Gombe_vs_Guinea_Siguiri_Dankakoro,NG_Gombe_vs_GN_Siguiri,NG_Gombe vs GN_Siguiri,With Nigeria,Nigeria_Gombe,Guinea_Siguiri_Dankakoro,Nigeria,Guinea,Gombe,Siguiri_Dankakoro,Nigeria vs Guinea,Gombe vs Siguiri_Dankakoro,57,81,57,3R,3R:41200685-42200684,41200685,42200684,11000000,12000000,11.5,1000000,4-fold,CDS_DEG_4,default,Average Hudson's FST,0.0010414260189764,0.0005123178541591,20,success,,2.0327732295915375
Selected_6pairs_1Mb_scan_3R_X,Nigeria_Gombe_vs_Guinea_Siguiri_Dankakoro,NG_Gombe_vs_GN_Siguiri,NG_Gombe vs GN_Siguiri,With Nigeria,Nigeria_Gombe,Guinea_Siguiri_Dankakoro,Nigeria,Guinea,Gombe,Siguiri_Dankakoro,Nigeria vs Guinea,Gombe vs Siguiri_Dankakoro,57,81,57,3R,3R:41200685-42200684,41200685,42200684,11000000,12000000,11.5,1000000,0-fold,CDS_DEG_0,default,Average Hudson's FST,0.0006766552287759,0.0006610378012021,20,success,,1.0236256195113194
Selected_6pairs_1Mb_scan_3R_X,Nigeria_Gombe_vs_Guinea_Siguiri_Dankakoro,NG_Gombe_vs_GN_Siguiri,NG_Gombe vs GN_Siguiri,With Nigeria,Nigeria_Gombe,Guinea_Siguiri_Dankakoro,Nigeria,Guinea,Gombe,Siguiri_Dankakoro,Nigeria vs Guinea,Gombe vs Siguiri_Dankakoro,57,81,57,3R,3R:40200685-41200684,40200685,41200684,12000000,13000000,12.5,1000000,4-fold,CDS_DEG_4,default,Average Hudson's FST,0.0,0.0013991725268625,20,success,,0.0
Selected_6pairs_1Mb_scan_3R_X,Nigeria_Gombe_vs_Guinea_Siguiri_Dankakoro,NG_Gombe_vs_GN_Siguiri,NG_Gombe vs GN_Siguiri,With Nigeria,Nigeria_Gombe,Guinea_Siguiri_Dankakoro,Nigeria,Guinea,Gombe,Siguiri_Dankakoro,Nigeria vs Guinea,Gombe vs Siguiri_Dankakoro,57,81,57,3R,3R:40200685-41200684,40200685,41200684,12000000,13000000,12.5,1000000,0-fold,CDS_DEG_0,default,Average Hudson's FST,0.0035373167666409,0.0033302364980174,20,success,,1.0621818506724017
Selected_6pairs_1Mb_scan_3R_X,Nigeria_Gombe_vs_Guinea_Siguiri_Dankakoro,NG_Gombe_vs_GN_Siguiri,NG_Gombe vs GN_Siguiri,With Nigeria,Nigeria_Gombe,Guinea_Siguiri_Dankakoro,Nigeria,Guinea,Gombe,Siguiri_Dankakoro,Nigeria vs Guinea,Gombe vs Siguiri_Dankakoro,57,81,57,3R,3R:39200685-40200684,39200685,40200684,13000000,14000000,13.5,1000000,4-fold,CDS_DEG_4,default,Average Hudson's FST,0.0073881803259811,0.0032213379806027,20,success,,2.2935129348329975
Selected_6pairs_1Mb_scan_3R_X,Nigeria_Gombe_vs_Guinea_Siguiri_Dankakoro,NG_Gombe_vs_GN_Siguiri,NG_Gombe vs GN_Siguiri,With Nigeria,Nigeria_Gombe,Guinea_Siguiri_Dankakoro,Nigeria,Guinea,Gombe,Siguiri_Dankakoro,Nigeria vs Guinea,Gombe vs Siguiri_Dankakoro,57,81,57,3R,3R:39200685-40200684,39200685,40200684,13000000,14000000,13.5,1000000,0-fold,CDS_DEG_0,default,Average Hudson's FST,0.0046811779282024,0.001435237040772,20,success,,3.2616061286186153
Selected_6pairs_1Mb_scan_3R_X,Nigeria_Gombe_vs_Guinea_Siguiri_Dankakoro,NG_Gombe_vs_GN_Siguiri,NG_Gombe vs GN_Siguiri,With Nigeria,Nigeria_Gombe,Guinea_Siguiri_Dankakoro,Nigeria,Guinea,Gombe,Siguiri_Dankakoro,Nigeria vs Guinea,Gombe vs Siguiri_Dankakoro,57,81,57,3R,3R:38200685-39200684,38200685,39200684,14000000,15000000,14.5,1000000,4-fold,CDS_DEG_4,default,Average Hudson's FST,0.0010526466715786,0.0005622303379976,20,success,,1.872269424890219
Selected_6pairs_1Mb_scan_3R_X,Nigeria_Gombe_vs_Guinea_Siguiri_Dankakoro,NG_Gombe_vs_GN_Siguiri,NG_Gombe vs GN_Siguiri,With Nigeria,Nigeria_Gombe,Guinea_Siguiri_Dankakoro,Nigeria,Guinea,Gombe,Siguiri_Dankakoro,Nigeria vs Guinea,Gombe vs Siguiri_Dankakoro,57,81,57,3R,3R:38200685-39200684,38200685,39200684,14000000,15000000,14.5,1000000,0-fold,CDS_DEG_0,default,Average Hudson's FST,0.0011772185479538,0.0014256716037981,20,success,,0.8257291123829628
Selected_6pairs_1Mb_scan_3R_X,Nigeria_Gombe_vs_Guinea_Siguiri_Dankakoro,NG_Gombe_vs_GN_Siguiri,NG_Gombe vs GN_Siguiri,With Nigeria,Nigeria_Gombe,Guinea_Siguiri_Dankakoro,Nigeria,Guinea,Gombe,Siguiri_Dankakoro,Nigeria vs Guinea,Gombe vs Siguiri_Dankakoro,57,81,57,3R,3R:37200685-38200684,37200685,38200684,15000000,16000000,15.5,1000000,4-fold,CDS_DEG_4,default,Average Hudson's FST,0.0,0.0004606965934724,20,success,,0.0
Selected_6pairs_1Mb_scan_3R_X,Nigeria_Gombe_vs_Guinea_Siguiri_Dankakoro,NG_Gombe_vs_GN_Siguiri,NG_Gombe vs GN_Siguiri,With Nigeria,Nigeria_Gombe,Guinea_Siguiri_Dankakoro,Nigeria,Guinea,Gombe,Siguiri_Dankakoro,Nigeria vs Guinea,Gombe vs Siguiri_Dankakoro,57,81,57,3R,3R:37200685-38200684,37200685,38200684,15000000,16000000,15.5,1000000,0-fold,CDS_DEG_0,default,Average Hudson's FST,0.0,0.0004444815756865,20,success,,0.0
Selected_6pairs_1Mb_scan_3R_X,Nigeria_Gombe_vs_Guinea_Siguiri_Dankakoro,NG_Gombe_vs_GN_Siguiri,NG_Gombe vs GN_Siguiri,With Nigeria,Nigeria_Gombe,Guinea_Siguiri_Dankakoro,Nigeria,Guinea,Gombe,Siguiri_Dankakoro,Nigeria vs Guinea,Gombe vs Siguiri_Dankakoro,57,81,57,3R,3R:36200685-37200684,36200685,37200684,16000000,17000000,16.5,1000000,4-fold,CDS_DEG_4,default,Average Hudson's FST,0.0006032819179807,0.0002841343261159,20,success,,2.123227862777192
Selected_6pairs_1Mb_scan_3R_X,Nigeria_Gombe_vs_Guinea_Siguiri_Dankakoro,NG_Gombe_vs_GN_Siguiri,NG_Gombe vs GN_Siguiri,With Nigeria,Nigeria_Gombe,Guinea_Siguiri_Dankakoro,Nigeria,Guinea,Gombe,Siguiri_Dankakoro,Nigeria vs Guinea,Gombe vs Siguiri_Dankakoro,57,81,57,3R,3R:36200685-37200684,36200685,37200684,16000000,17000000,16.5,1000000,0-fold,CDS_DEG_0,default,Average Hudson's FST,0.0,0.0003302237053605,20,success,,0.0
Selected_6pairs_1Mb_scan_3R_X,Nigeria_Gombe_vs_Guinea_Siguiri_Dankakoro,NG_Gombe_vs_GN_Siguiri,NG_Gombe vs GN_Siguiri,With Nigeria,Nigeria_Gombe,Guinea_Siguiri_Dankakoro,Nigeria,Guinea,Gombe,Siguiri_Dankakoro,Nigeria vs Guinea,Gombe vs Siguiri_Dankakoro,57,81,57,3R,3R:35200685-36200684,35200685,36200684,17000000,18000000,17.5,1000000,4-fold,CDS_DEG_4,default,Average Hudson's FST,0.0001072752444004,0.0004875356073533,20,success,,0.22003571181758091
Selected_6pairs_1Mb_scan_3R_X,Nigeria_Gombe_vs_Guinea_Siguiri_Dankakoro,NG_Gombe_vs_GN_Siguiri,NG_Gombe vs GN_Siguiri,With Nigeria,Nigeria_Gombe,Guinea_Siguiri_Dankakoro,Nigeria,Guinea,Gombe,Siguiri_Dankakoro,Nigeria vs Guinea,Gombe vs Siguiri_Dankakoro,57,81,57,3R,3R:35200685-36200684,35200685,36200684,17000000,18000000,17.5,1000000,0-fold,CDS_DEG_0,default,Average Hudson's FST,0.0,0.000254607181247,20,success,,0.0
Selected_6pairs_1Mb_scan_3R_X,Nigeria_Gombe_vs_Guinea_Siguiri_Dankakoro,NG_Gombe_vs_GN_Siguiri,NG_Gombe vs GN_Siguiri,With Nigeria,Nigeria_Gombe,Guinea_Siguiri_Dankakoro,Nigeria,Guinea,Gombe,Siguiri_Dankakoro,Nigeria vs Guinea,Gombe vs Siguiri_Dankakoro,57,81,57,3R,3R:34200685-35200684,34200685,35200684,18000000,19000000,18.5,1000000,4-fold,CDS_DEG_4,default,Average Hudson's FST,0.000756231608323,0.0004671526097782,20,success,,1.6188106252516756
Selected_6pairs_1Mb_scan_3R_X,Nigeria_Gombe_vs_Guinea_Siguiri_Dankakoro,NG_Gombe_vs_GN_Siguiri,NG_Gombe vs GN_Siguiri,With Nigeria,Nigeria_Gombe,Guinea_Siguiri_Dankakoro,Nigeria,Guinea,Gombe,Siguiri_Dankakoro,Nigeria vs Guinea,Gombe vs Siguiri_Dankakoro,57,81,57,3R,3R:34200685-35200684,34200685,35200684,18000000,19000000,18.5,1000000,0-fold,CDS_DEG_0,default,Average Hudson's FST,0.001221293005948,0.0009531961208143,20,success,,1.2812609905553005
Selected_6pairs_1Mb_scan_3R_X,Nigeria_Gombe_vs_Guinea_Siguiri_Dankakoro,NG_Gombe_vs_GN_Siguiri,NG_Gombe vs GN_Siguiri,With Nigeria,Nigeria_Gombe,Guinea_Siguiri_Dankakoro,Nigeria,Guinea,Gombe,Siguiri_Dankakoro,Nigeria vs Guinea,Gombe vs Siguiri_Dankakoro,57,81,57,3R,3R:33200685-34200684,33200685,34200684,19000000,20000000,19.5,1000000,4-fold,CDS_DEG_4,default,Average Hudson's FST,0.0,0.0003320693891176,20,success,,0.0
Selected_6pairs_1Mb_scan_3R_X,Nigeria_Gombe_vs_Guinea_Siguiri_Dankakoro,NG_Gombe_vs_GN_Siguiri,NG_Gombe vs GN_Siguiri,With Nigeria,Nigeria_Gombe,Guinea_Siguiri_Dankakoro,Nigeria,Guinea,Gombe,Siguiri_Dankakoro,Nigeria vs Guinea,Gombe vs Siguiri_Dankakoro,57,81,57,3R,3R:33200685-34200684,33200685,34200684,19000000,20000000,19.5,1000000,0-fold,CDS_DEG_0,default,Average Hudson's FST,0.0007503697810767,0.0005946776782579,20,success,,1.2618092262600102
Selected_6pairs_1Mb_scan_3R_X,Nigeria_Gombe_vs_Guinea_Siguiri_Dankakoro,NG_Gombe_vs_GN_Siguiri,NG_Gombe vs GN_Siguiri,With Nigeria,Nigeria_Gombe,Guinea_Siguiri_Dankakoro,Nigeria,Guinea,Gombe,Siguiri_Dankakoro,Nigeria vs Guinea,Gombe vs Siguiri_Dankakoro,57,81,57,3R,3R:32200685-33200684,32200685,33200684,20000000,21000000,20.5,1000000,4-fold,CDS_DEG_4,default,Average Hudson's FST,0.0005481796964409,0.0006647628955774,20,success,,0.8246243887676101
Selected_6pairs_1Mb_scan_3R_X,Nigeria_Gombe_vs_Guinea_Siguiri_Dankakoro,NG_Gombe_vs_GN_Siguiri,NG_Gombe vs GN_Siguiri,With Nigeria,Nigeria_Gombe,Guinea_Siguiri_Dankakoro,Nigeria,Guinea,Gombe,Siguiri_Dankakoro,Nigeria vs Guinea,Gombe vs Siguiri_Dankakoro,57,81,57,3R,3R:32200685-33200684,32200685,33200684,20000000,21000000,20.5,1000000,0-fold,CDS_DEG_0,default,Average Hudson's FST,0.0002757860104016,0.0007817521862797,20,success,,0.35277932731348655
Selected_6pairs_1Mb_scan_3R_X,Nigeria_Gombe_vs_Guinea_Siguiri_Dankakoro,NG_Gombe_vs_GN_Siguiri,NG_Gombe vs GN_Siguiri,With Nigeria,Nigeria_Gombe,Guinea_Siguiri_Dankakoro,Nigeria,Guinea,Gombe,Siguiri_Dankakoro,Nigeria vs Guinea,Gombe vs Siguiri_Dankakoro,57,81,57,3R,3R:31200685-32200684,31200685,32200684,21000000,22000000,21.5,1000000,4-fold,CDS_DEG_4,default,Average Hudson's FST,8.966213655381036e-05,0.0003373886665625,20,success,,0.26575325563640645
Selected_6pairs_1Mb_scan_3R_X,Nigeria_Gombe_vs_Guinea_Siguiri_Dankakoro,NG_Gombe_vs_GN_Siguiri,NG_Gombe vs GN_Siguiri,With Nigeria,Nigeria_Gombe,Guinea_Siguiri_Dankakoro,Nigeria,Guinea,Gombe,Siguiri_Dankakoro,Nigeria vs Guinea,Gombe vs Siguiri_Dankakoro,57,81,57,3R,3R:31200685-32200684,31200685,32200684,21000000,22000000,21.5,1000000,0-fold,CDS_DEG_0,default,Average Hudson's FST,0.0004298264561646,0.000556088554218,20,success,,0.7729460585086917
Selected_6pairs_1Mb_scan_3R_X,Nigeria_Gombe_vs_Guinea_Siguiri_Dankakoro,NG_Gombe_vs_GN_Siguiri,NG_Gombe vs GN_Siguiri,With Nigeria,Nigeria_Gombe,Guinea_Siguiri_Dankakoro,Nigeria,Guinea,Gombe,Siguiri_Dankakoro,Nigeria vs Guinea,Gombe vs Siguiri_Dankakoro,57,81,57,3R,3R:30200685-31200684,30200685,31200684,22000000,23000000,22.5,1000000,4-fold,CDS_DEG_4,default,Average Hudson's FST,0.0006603540665308,0.0004675298648223,20,success,,1.4124318385132235
Selected_6pairs_1Mb_scan_3R_X,Nigeria_Gombe_vs_Guinea_Siguiri_Dankakoro,NG_Gombe_vs_GN_Siguiri,NG_Gombe vs GN_Siguiri,With Nigeria,Nigeria_Gombe,Guinea_Siguiri_Dankakoro,Nigeria,Guinea,Gombe,Siguiri_Dankakoro,Nigeria vs Guinea,Gombe vs Siguiri_Dankakoro,57,81,57,3R,3R:30200685-31200684,30200685,31200684,22000000,23000000,22.5,1000000,0-fold,CDS_DEG_0,default,Average Hudson's FST,0.0006824013739829,0.0006553752341844,20,success,,1.041237658045064
Selected_6pairs_1Mb_scan_3R_X,Nigeria_Gombe_vs_Guinea_Siguiri_Dankakoro,NG_Gombe_vs_GN_Siguiri,NG_Gombe vs GN_Siguiri,With Nigeria,Nigeria_Gombe,Guinea_Siguiri_Dankakoro,Nigeria,Guinea,Gombe,Siguiri_Dankakoro,Nigeria vs Guinea,Gombe vs Siguiri_Dankakoro,57,81,57,3R,3R:29200685-30200684,29200685,30200684,23000000,24000000,23.5,1000000,4-fold,CDS_DEG_4,default,Average Hudson's FST,0.0014048473107749,0.0008630109285784,20,success,,1.6278441723664419
Selected_6pairs_1Mb_scan_3R_X,Nigeria_Gombe_vs_Guinea_Siguiri_Dankakoro,NG_Gombe_vs_GN_Siguiri,NG_Gombe vs GN_Siguiri,With Nigeria,Nigeria_Gombe,Guinea_Siguiri_Dankakoro,Nigeria,Guinea,Gombe,Siguiri_Dankakoro,Nigeria vs Guinea,Gombe vs Siguiri_Dankakoro,57,81,57,3R,3R:29200685-30200684,29200685,30200684,23000000,24000000,23.5,1000000,0-fold,CDS_DEG_0,default,Average Hudson's FST,0.0004893264067775,0.0012079617171466,20,success,,0.40508436636002654
Selected_6pairs_1Mb_scan_3R_X,Nigeria_Gombe_vs_Guinea_Siguiri_Dankakoro,NG_Gombe_vs_GN_Siguiri,NG_Gombe vs GN_Siguiri,With Nigeria,Nigeria_Gombe,Guinea_Siguiri_Dankakoro,Nigeria,Guinea,Gombe,Siguiri_Dankakoro,Nigeria vs Guinea,Gombe vs Siguiri_Dankakoro,57,81,57,3R,3R:28200685-29200684,28200685,29200684,24000000,25000000,24.5,1000000,4-fold,CDS_DEG_4,default,Average Hudson's FST,0.0816405990494552,0.0193580261108233,20,success,,4.217403085524768
Selected_6pairs_1Mb_scan_3R_X,Nigeria_Gombe_vs_Guinea_Siguiri_Dankakoro,NG_Gombe_vs_GN_Siguiri,NG_Gombe vs GN_Siguiri,With Nigeria,Nigeria_Gombe,Guinea_Siguiri_Dankakoro,Nigeria,Guinea,Gombe,Siguiri_Dankakoro,Nigeria vs Guinea,Gombe vs Siguiri_Dankakoro,57,81,57,3R,3R:28200685-29200684,28200685,29200684,24000000,25000000,24.5,1000000,0-fold,CDS_DEG_0,default,Average Hudson's FST,0.062223381077445,0.0164210418059465,20,success,,3.7892468585587693
Selected_6pairs_1Mb_scan_3R_X,Nigeria_Gombe_vs_Guinea_Siguiri_Dankakoro,NG_Gombe_vs_GN_Siguiri,NG_Gombe vs GN_Siguiri,With Nigeria,Nigeria_Gombe,Guinea_Siguiri_Dankakoro,Nigeria,Guinea,Gombe,Siguiri_Dankakoro,Nigeria vs Guinea,Gombe vs Siguiri_Dankakoro,57,81,57,X,X:23393109-24393108,23393109,24393108,0,1000000,0.5,1000000,4-fold,CDS_DEG_4,default,Average Hudson's FST,0.0,0.0030183741149731,20,success,,0.0
Selected_6pairs_1Mb_scan_3R_X,Nigeria_Gombe_vs_Guinea_Siguiri_Dankakoro,NG_Gombe_vs_GN_Siguiri,NG_Gombe vs GN_Siguiri,With Nigeria,Nigeria_Gombe,Guinea_Siguiri_Dankakoro,Nigeria,Guinea,Gombe,Siguiri_Dankakoro,Nigeria vs Guinea,Gombe vs Siguiri_Dankakoro,57,81,57,X,X:23393109-24393108,23393109,24393108,0,1000000,0.5,1000000,0-fold,CDS_DEG_0,default,Average Hudson's FST,0.0006884877531599,0.0010431350503159,20,success,,0.66001784999114
Selected_6pairs_1Mb_scan_3R_X,Nigeria_Gombe_vs_Guinea_Siguiri_Dankakoro,NG_Gombe_vs_GN_Siguiri,NG_Gombe vs GN_Siguiri,With Nigeria,Nigeria_Gombe,Guinea_Siguiri_Dankakoro,Nigeria,Guinea,Gombe,Siguiri_Dankakoro,Nigeria vs Guinea,Gombe vs Siguiri_Dankakoro,57,81,57,X,X:22393109-23393108,22393109,23393108,1000000,2000000,1.5,1000000,4-fold,CDS_DEG_4,default,Average Hudson's FST,0.0,0.0026263571135228,20,success,,0.0
Selected_6pairs_1Mb_scan_3R_X,Nigeria_Gombe_vs_Guinea_Siguiri_Dankakoro,NG_Gombe_vs_GN_Siguiri,NG_Gombe vs GN_Siguiri,With Nigeria,Nigeria_Gombe,Guinea_Siguiri_Dankakoro,Nigeria,Guinea,Gombe,Siguiri_Dankakoro,Nigeria vs Guinea,Gombe vs Siguiri_Dankakoro,57,81,57,X,X:22393109-23393108,22393109,23393108,1000000,2000000,1.5,1000000,0-fold,CDS_DEG_0,default,Average Hudson's FST,0.0,0.0006372488845583,20,success,,0.0
Selected_6pairs_1Mb_scan_3R_X,Nigeria_Gombe_vs_Guinea_Siguiri_Dankakoro,NG_Gombe_vs_GN_Siguiri,NG_Gombe vs GN_Siguiri,With Nigeria,Nigeria_Gombe,Guinea_Siguiri_Dankakoro,Nigeria,Guinea,Gombe,Siguiri_Dankakoro,Nigeria vs Guinea,Gombe vs Siguiri_Dankakoro,57,81,57,X,X:21393109-22393108,21393109,22393108,2000000,3000000,2.5,1000000,4-fold,CDS_DEG_4,default,Average Hudson's FST,0.0003610963503106,0.0011327014775217,20,success,,0.31879215969653596
Selected_6pairs_1Mb_scan_3R_X,Nigeria_Gombe_vs_Guinea_Siguiri_Dankakoro,NG_Gombe_vs_GN_Siguiri,NG_Gombe vs GN_Siguiri,With Nigeria,Nigeria_Gombe,Guinea_Siguiri_Dankakoro,Nigeria,Guinea,Gombe,Siguiri_Dankakoro,Nigeria vs Guinea,Gombe vs Siguiri_Dankakoro,57,81,57,X,X:21393109-22393108,21393109,22393108,2000000,3000000,2.5,1000000,0-fold,CDS_DEG_0,default,Average Hudson's FST,0.0136534974796575,0.0152902784296394,20,success,,0.8929528355213542
Selected_6pairs_1Mb_scan_3R_X,Nigeria_Gombe_vs_Guinea_Siguiri_Dankakoro,NG_Gombe_vs_GN_Siguiri,NG_Gombe vs GN_Siguiri,With Nigeria,Nigeria_Gombe,Guinea_Siguiri_Dankakoro,Nigeria,Guinea,Gombe,Siguiri_Dankakoro,Nigeria vs Guinea,Gombe vs Siguiri_Dankakoro,57,81,57,X,X:20393109-21393108,20393109,21393108,3000000,4000000,3.5,1000000,4-fold,CDS_DEG_4,default,Average Hudson's FST,0.008371684124615,0.0074653033566942,20,success,,1.121412449650561
Selected_6pairs_1Mb_scan_3R_X,Nigeria_Gombe_vs_Guinea_Siguiri_Dankakoro,NG_Gombe_vs_GN_Siguiri,NG_Gombe vs GN_Siguiri,With Nigeria,Nigeria_Gombe,Guinea_Siguiri_Dankakoro,Nigeria,Guinea,Gombe,Siguiri_Dankakoro,Nigeria vs Guinea,Gombe vs Siguiri_Dankakoro,57,81,57,X,X:20393109-21393108,20393109,21393108,3000000,4000000,3.5,1000000,0-fold,CDS_DEG_0,default,Average Hudson's FST,0.0014718250601461,0.0047132892641127,20,success,,0.31227132002117386
Selected_6pairs_1Mb_scan_3R_X,Nigeria_Gombe_vs_Guinea_Siguiri_Dankakoro,NG_Gombe_vs_GN_Siguiri,NG_Gombe vs GN_Siguiri,With Nigeria,Nigeria_Gombe,Guinea_Siguiri_Dankakoro,Nigeria,Guinea,Gombe,Siguiri_Dankakoro,Nigeria vs Guinea,Gombe vs Siguiri_Dankakoro,57,81,57,X,X:19393109-20393108,19393109,20393108,4000000,5000000,4.5,1000000,4-fold,CDS_DEG_4,default,Average Hudson's FST,0.0016520736085489,0.001150536451545,20,success,,1.435915921073522
Selected_6pairs_1Mb_scan_3R_X,Nigeria_Gombe_vs_Guinea_Siguiri_Dankakoro,NG_Gombe_vs_GN_Siguiri,NG_Gombe vs GN_Siguiri,With Nigeria,Nigeria_Gombe,Guinea_Siguiri_Dankakoro,Nigeria,Guinea,Gombe,Siguiri_Dankakoro,Nigeria vs Guinea,Gombe vs Siguiri_Dankakoro,57,81,57,X,X:19393109-20393108,19393109,20393108,4000000,5000000,4.5,1000000,0-fold,CDS_DEG_0,default,Average Hudson's FST,0.0037479153257173,0.0035462605790984,20,success,,1.0568640521814583
Selected_6pairs_1Mb_scan_3R_X,Nigeria_Gombe_vs_Guinea_Siguiri_Dankakoro,NG_Gombe_vs_GN_Siguiri,NG_Gombe vs GN_Siguiri,With Nigeria,Nigeria_Gombe,Guinea_Siguiri_Dankakoro,Nigeria,Guinea,Gombe,Siguiri_Dankakoro,Nigeria vs Guinea,Gombe vs Siguiri_Dankakoro,57,81,57,X,X:18393109-19393108,18393109,19393108,5000000,6000000,5.5,1000000,4-fold,CDS_DEG_4,default,Average Hudson's FST,0.0042636779712191,0.0014760490752102,20,success,,2.8885746706029556
Selected_6pairs_1Mb_scan_3R_X,Nigeria_Gombe_vs_Guinea_Siguiri_Dankakoro,NG_Gombe_vs_GN_Siguiri,NG_Gombe vs GN_Siguiri,With Nigeria,Nigeria_Gombe,Guinea_Siguiri_Dankakoro,Nigeria,Guinea,Gombe,Siguiri_Dankakoro,Nigeria vs Guinea,Gombe vs Siguiri_Dankakoro,57,81,57,X,X:18393109-19393108,18393109,19393108,5000000,6000000,5.5,1000000,0-fold,CDS_DEG_0,default,Average Hudson's FST,0.0029992414865876,0.0009446135368056,20,success,,3.1750989899320476
Selected_6pairs_1Mb_scan_3R_X,Nigeria_Gombe_vs_Guinea_Siguiri_Dankakoro,NG_Gombe_vs_GN_Siguiri,NG_Gombe vs GN_Siguiri,With Nigeria,Nigeria_Gombe,Guinea_Siguiri_Dankakoro,Nigeria,Guinea,Gombe,Siguiri_Dankakoro,Nigeria vs Guinea,Gombe vs Siguiri_Dankakoro,57,81,57,X,X:17393109-18393108,17393109,18393108,6000000,7000000,6.5,1000000,4-fold,CDS_DEG_4,default,Average Hudson's FST,0.0026653677248587,0.001087009432913,20,success,,2.4520189468052442
Selected_6pairs_1Mb_scan_3R_X,Nigeria_Gombe_vs_Guinea_Siguiri_Dankakoro,NG_Gombe_vs_GN_Siguiri,NG_Gombe vs GN_Siguiri,With Nigeria,Nigeria_Gombe,Guinea_Siguiri_Dankakoro,Nigeria,Guinea,Gombe,Siguiri_Dankakoro,Nigeria vs Guinea,Gombe vs Siguiri_Dankakoro,57,81,57,X,X:17393109-18393108,17393109,18393108,6000000,7000000,6.5,1000000,0-fold,CDS_DEG_0,default,Average Hudson's FST,0.0015964416587088,0.0008037174416655,20,success,,1.9863220280507796
Selected_6pairs_1Mb_scan_3R_X,Nigeria_Gombe_vs_Guinea_Siguiri_Dankakoro,NG_Gombe_vs_GN_Siguiri,NG_Gombe vs GN_Siguiri,With Nigeria,Nigeria_Gombe,Guinea_Siguiri_Dankakoro,Nigeria,Guinea,Gombe,Siguiri_Dankakoro,Nigeria vs Guinea,Gombe vs Siguiri_Dankakoro,57,81,57,X,X:16393109-17393108,16393109,17393108,7000000,8000000,7.5,1000000,4-fold,CDS_DEG_4,default,Average Hudson's FST,0.0116938656394083,0.0020885451900469,20,success,,5.599048416637662
Selected_6pairs_1Mb_scan_3R_X,Nigeria_Gombe_vs_Guinea_Siguiri_Dankakoro,NG_Gombe_vs_GN_Siguiri,NG_Gombe vs GN_Siguiri,With Nigeria,Nigeria_Gombe,Guinea_Siguiri_Dankakoro,Nigeria,Guinea,Gombe,Siguiri_Dankakoro,Nigeria vs Guinea,Gombe vs Siguiri_Dankakoro,57,81,57,X,X:16393109-17393108,16393109,17393108,7000000,8000000,7.5,1000000,0-fold,CDS_DEG_0,default,Average Hudson's FST,0.0149637525534236,0.0039583273956677,20,success,,3.7803221051904625
Selected_6pairs_1Mb_scan_3R_X,Nigeria_Gombe_vs_Guinea_Siguiri_Dankakoro,NG_Gombe_vs_GN_Siguiri,NG_Gombe vs GN_Siguiri,With Nigeria,Nigeria_Gombe,Guinea_Siguiri_Dankakoro,Nigeria,Guinea,Gombe,Siguiri_Dankakoro,Nigeria vs Guinea,Gombe vs Siguiri_Dankakoro,57,81,57,X,X:15393109-16393108,15393109,16393108,8000000,9000000,8.5,1000000,4-fold,CDS_DEG_4,default,Average Hudson's FST,0.1051240854882393,0.0291208408700158,20,success,,3.6099261679109014
Selected_6pairs_1Mb_scan_3R_X,Nigeria_Gombe_vs_Guinea_Siguiri_Dankakoro,NG_Gombe_vs_GN_Siguiri,NG_Gombe vs GN_Siguiri,With Nigeria,Nigeria_Gombe,Guinea_Siguiri_Dankakoro,Nigeria,Guinea,Gombe,Siguiri_Dankakoro,Nigeria vs Guinea,Gombe vs Siguiri_Dankakoro,57,81,57,X,X:15393109-16393108,15393109,16393108,8000000,9000000,8.5,1000000,0-fold,CDS_DEG_0,default,Average Hudson's FST,0.1811290509963604,0.0605573220228141,20,success,,2.9910346915295003
Selected_6pairs_1Mb_scan_3R_X,Nigeria_Gombe_vs_Guinea_Siguiri_Dankakoro,NG_Gombe_vs_GN_Siguiri,NG_Gombe vs GN_Siguiri,With Nigeria,Nigeria_Gombe,Guinea_Siguiri_Dankakoro,Nigeria,Guinea,Gombe,Siguiri_Dankakoro,Nigeria vs Guinea,Gombe vs Siguiri_Dankakoro,57,81,57,X,X:14393109-15393108,14393109,15393108,9000000,10000000,9.5,1000000,4-fold,CDS_DEG_4,default,Average Hudson's FST,0.1534064939612437,0.0400915247885163,20,success,,3.8264070715809995
Selected_6pairs_1Mb_scan_3R_X,Nigeria_Gombe_vs_Guinea_Siguiri_Dankakoro,NG_Gombe_vs_GN_Siguiri,NG_Gombe vs GN_Siguiri,With Nigeria,Nigeria_Gombe,Guinea_Siguiri_Dankakoro,Nigeria,Guinea,Gombe,Siguiri_Dankakoro,Nigeria vs Guinea,Gombe vs Siguiri_Dankakoro,57,81,57,X,X:14393109-15393108,14393109,15393108,9000000,10000000,9.5,1000000,0-fold,CDS_DEG_0,default,Average Hudson's FST,0.2009412562247824,0.0443842686414824,20,success,,4.527308038978901
Selected_6pairs_1Mb_scan_3R_X,Nigeria_Gombe_vs_Guinea_Siguiri_Dankakoro,NG_Gombe_vs_GN_Siguiri,NG_Gombe vs GN_Siguiri,With Nigeria,Nigeria_Gombe,Guinea_Siguiri_Dankakoro,Nigeria,Guinea,Gombe,Siguiri_Dankakoro,Nigeria vs Guinea,Gombe vs Siguiri_Dankakoro,57,81,57,X,X:13393109-14393108,13393109,14393108,10000000,11000000,10.5,1000000,4-fold,CDS_DEG_4,default,Average Hudson's FST,0.0127418867296682,0.0032952151474027,20,success,,3.8667844616189626
Selected_6pairs_1Mb_scan_3R_X,Nigeria_Gombe_vs_Guinea_Siguiri_Dankakoro,NG_Gombe_vs_GN_Siguiri,NG_Gombe vs GN_Siguiri,With Nigeria,Nigeria_Gombe,Guinea_Siguiri_Dankakoro,Nigeria,Guinea,Gombe,Siguiri_Dankakoro,Nigeria vs Guinea,Gombe vs Siguiri_Dankakoro,57,81,57,X,X:13393109-14393108,13393109,14393108,10000000,11000000,10.5,1000000,0-fold,CDS_DEG_0,default,Average Hudson's FST,0.0080799314209103,0.0033352325326928,20,success,,2.4225991266602107
Selected_6pairs_1Mb_scan_3R_X,Nigeria_Gombe_vs_Guinea_Siguiri_Dankakoro,NG_Gombe_vs_GN_Siguiri,NG_Gombe vs GN_Siguiri,With Nigeria,Nigeria_Gombe,Guinea_Siguiri_Dankakoro,Nigeria,Guinea,Gombe,Siguiri_Dankakoro,Nigeria vs Guinea,Gombe vs Siguiri_Dankakoro,57,81,57,X,X:12393109-13393108,12393109,13393108,11000000,12000000,11.5,1000000,4-fold,CDS_DEG_4,default,Average Hudson's FST,0.0023582780526204,0.0006119183288607,20,success,,3.8539098134405605
Selected_6pairs_1Mb_scan_3R_X,Nigeria_Gombe_vs_Guinea_Siguiri_Dankakoro,NG_Gombe_vs_GN_Siguiri,NG_Gombe vs GN_Siguiri,With Nigeria,Nigeria_Gombe,Guinea_Siguiri_Dankakoro,Nigeria,Guinea,Gombe,Siguiri_Dankakoro,Nigeria vs Guinea,Gombe vs Siguiri_Dankakoro,57,81,57,X,X:12393109-13393108,12393109,13393108,11000000,12000000,11.5,1000000,0-fold,CDS_DEG_0,default,Average Hudson's FST,0.0006557581010799,0.0005544799445543,20,success,,1.1826543187364675
Selected_6pairs_1Mb_scan_3R_X,Nigeria_Gombe_vs_Guinea_Siguiri_Dankakoro,NG_Gombe_vs_GN_Siguiri,NG_Gombe vs GN_Siguiri,With Nigeria,Nigeria_Gombe,Guinea_Siguiri_Dankakoro,Nigeria,Guinea,Gombe,Siguiri_Dankakoro,Nigeria vs Guinea,Gombe vs Siguiri_Dankakoro,57,81,57,X,X:11393109-12393108,11393109,12393108,12000000,13000000,12.5,1000000,4-fold,CDS_DEG_4,default,Average Hudson's FST,0.0023374062840766,0.0007685476070803,20,success,,3.0413292066009663
Selected_6pairs_1Mb_scan_3R_X,Nigeria_Gombe_vs_Guinea_Siguiri_Dankakoro,NG_Gombe_vs_GN_Siguiri,NG_Gombe vs GN_Siguiri,With Nigeria,Nigeria_Gombe,Guinea_Siguiri_Dankakoro,Nigeria,Guinea,Gombe,Siguiri_Dankakoro,Nigeria vs Guinea,Gombe vs Siguiri_Dankakoro,57,81,57,X,X:11393109-12393108,11393109,12393108,12000000,13000000,12.5,1000000,0-fold,CDS_DEG_0,default,Average Hudson's FST,0.0027787173519532,0.0009291772947018,20,success,,2.9905136165052024
Selected_6pairs_1Mb_scan_3R_X,Nigeria_Gombe_vs_Guinea_Siguiri_Dankakoro,NG_Gombe_vs_GN_Siguiri,NG_Gombe vs GN_Siguiri,With Nigeria,Nigeria_Gombe,Guinea_Siguiri_Dankakoro,Nigeria,Guinea,Gombe,Siguiri_Dankakoro,Nigeria vs Guinea,Gombe vs Siguiri_Dankakoro,57,81,57,X,X:10393109-11393108,10393109,11393108,13000000,14000000,13.5,1000000,4-fold,CDS_DEG_4,default,Average Hudson's FST,0.0001948731175871,0.0006244056101282,20,success,,0.3120937967663192
Selected_6pairs_1Mb_scan_3R_X,Nigeria_Gombe_vs_Guinea_Siguiri_Dankakoro,NG_Gombe_vs_GN_Siguiri,NG_Gombe vs GN_Siguiri,With Nigeria,Nigeria_Gombe,Guinea_Siguiri_Dankakoro,Nigeria,Guinea,Gombe,Siguiri_Dankakoro,Nigeria vs Guinea,Gombe vs Siguiri_Dankakoro,57,81,57,X,X:10393109-11393108,10393109,11393108,13000000,14000000,13.5,1000000,0-fold,CDS_DEG_0,default,Average Hudson's FST,0.0,0.0005492444904288,20,success,,0.0
Selected_6pairs_1Mb_scan_3R_X,Nigeria_Gombe_vs_Guinea_Siguiri_Dankakoro,NG_Gombe_vs_GN_Siguiri,NG_Gombe vs GN_Siguiri,With Nigeria,Nigeria_Gombe,Guinea_Siguiri_Dankakoro,Nigeria,Guinea,Gombe,Siguiri_Dankakoro,Nigeria vs Guinea,Gombe vs Siguiri_Dankakoro,57,81,57,X,X:9393109-10393108,9393109,10393108,14000000,15000000,14.5,1000000,4-fold,CDS_DEG_4,default,Average Hudson's FST,0.0019038818017429,0.0003842274038174,20,success,,4.95509113308248
Selected_6pairs_1Mb_scan_3R_X,Nigeria_Gombe_vs_Guinea_Siguiri_Dankakoro,NG_Gombe_vs_GN_Siguiri,NG_Gombe vs GN_Siguiri,With Nigeria,Nigeria_Gombe,Guinea_Siguiri_Dankakoro,Nigeria,Guinea,Gombe,Siguiri_Dankakoro,Nigeria vs Guinea,Gombe vs Siguiri_Dankakoro,57,81,57,X,X:9393109-10393108,9393109,10393108,14000000,15000000,14.5,1000000,0-fold,CDS_DEG_0,default,Average Hudson's FST,0.0030158480931456,0.00107335117006,20,success,,2.809749667461596
Selected_6pairs_1Mb_scan_3R_X,Nigeria_Gombe_vs_Guinea_Siguiri_Dankakoro,NG_Gombe_vs_GN_Siguiri,NG_Gombe vs GN_Siguiri,With Nigeria,Nigeria_Gombe,Guinea_Siguiri_Dankakoro,Nigeria,Guinea,Gombe,Siguiri_Dankakoro,Nigeria vs Guinea,Gombe vs Siguiri_Dankakoro,57,81,57,X,X:8393109-9393108,8393109,9393108,15000000,16000000,15.5,1000000,4-fold,CDS_DEG_4,default,Average Hudson's FST,0.0084666101276929,0.0048011743646555,20,success,,1.7634456665479608
Selected_6pairs_1Mb_scan_3R_X,Nigeria_Gombe_vs_Guinea_Siguiri_Dankakoro,NG_Gombe_vs_GN_Siguiri,NG_Gombe vs GN_Siguiri,With Nigeria,Nigeria_Gombe,Guinea_Siguiri_Dankakoro,Nigeria,Guinea,Gombe,Siguiri_Dankakoro,Nigeria vs Guinea,Gombe vs Siguiri_Dankakoro,57,81,57,X,X:8393109-9393108,8393109,9393108,15000000,16000000,15.5,1000000,0-fold,CDS_DEG_0,default,Average Hudson's FST,0.0108143854744488,0.005896385308362,20,success,,1.8340703513917764
Selected_6pairs_1Mb_scan_3R_X,Nigeria_Gombe_vs_Guinea_Siguiri_Dankakoro,NG_Gombe_vs_GN_Siguiri,NG_Gombe vs GN_Siguiri,With Nigeria,Nigeria_Gombe,Guinea_Siguiri_Dankakoro,Nigeria,Guinea,Gombe,Siguiri_Dankakoro,Nigeria vs Guinea,Gombe vs Siguiri_Dankakoro,57,81,57,X,X:7393109-8393108,7393109,8393108,16000000,17000000,16.5,1000000,4-fold,CDS_DEG_4,default,Average Hudson's FST,0.0021288011032227,0.0005094202224701,20,success,,4.178870428230101
Selected_6pairs_1Mb_scan_3R_X,Nigeria_Gombe_vs_Guinea_Siguiri_Dankakoro,NG_Gombe_vs_GN_Siguiri,NG_Gombe vs GN_Siguiri,With Nigeria,Nigeria_Gombe,Guinea_Siguiri_Dankakoro,Nigeria,Guinea,Gombe,Siguiri_Dankakoro,Nigeria vs Guinea,Gombe vs Siguiri_Dankakoro,57,81,57,X,X:7393109-8393108,7393109,8393108,16000000,17000000,16.5,1000000,0-fold,CDS_DEG_0,default,Average Hudson's FST,0.0024584413660302,0.00070904136908,20,success,,3.4672749337885507
Selected_6pairs_1Mb_scan_3R_X,Nigeria_Gombe_vs_Guinea_Siguiri_Dankakoro,NG_Gombe_vs_GN_Siguiri,NG_Gombe vs GN_Siguiri,With Nigeria,Nigeria_Gombe,Guinea_Siguiri_Dankakoro,Nigeria,Guinea,Gombe,Siguiri_Dankakoro,Nigeria vs Guinea,Gombe vs Siguiri_Dankakoro,57,81,57,X,X:6393109-7393108,6393109,7393108,17000000,18000000,17.5,1000000,4-fold,CDS_DEG_4,default,Average Hudson's FST,0.0011242891751747,0.0004956001894829,20,success,,2.2685406483556076
Selected_6pairs_1Mb_scan_3R_X,Nigeria_Gombe_vs_Guinea_Siguiri_Dankakoro,NG_Gombe_vs_GN_Siguiri,NG_Gombe vs GN_Siguiri,With Nigeria,Nigeria_Gombe,Guinea_Siguiri_Dankakoro,Nigeria,Guinea,Gombe,Siguiri_Dankakoro,Nigeria vs Guinea,Gombe vs Siguiri_Dankakoro,57,81,57,X,X:6393109-7393108,6393109,7393108,17000000,18000000,17.5,1000000,0-fold,CDS_DEG_0,default,Average Hudson's FST,0.0,0.0005102855477787,20,success,,0.0
Selected_6pairs_1Mb_scan_3R_X,Nigeria_Gombe_vs_Guinea_Siguiri_Dankakoro,NG_Gombe_vs_GN_Siguiri,NG_Gombe vs GN_Siguiri,With Nigeria,Nigeria_Gombe,Guinea_Siguiri_Dankakoro,Nigeria,Guinea,Gombe,Siguiri_Dankakoro,Nigeria vs Guinea,Gombe vs Siguiri_Dankakoro,57,81,57,X,X:5393109-6393108,5393109,6393108,18000000,19000000,18.5,1000000,4-fold,CDS_DEG_4,default,Average Hudson's FST,0.0007521247994746,0.0004960641395181,20,success,,1.516184580899658
Selected_6pairs_1Mb_scan_3R_X,Nigeria_Gombe_vs_Guinea_Siguiri_Dankakoro,NG_Gombe_vs_GN_Siguiri,NG_Gombe vs GN_Siguiri,With Nigeria,Nigeria_Gombe,Guinea_Siguiri_Dankakoro,Nigeria,Guinea,Gombe,Siguiri_Dankakoro,Nigeria vs Guinea,Gombe vs Siguiri_Dankakoro,57,81,57,X,X:5393109-6393108,5393109,6393108,18000000,19000000,18.5,1000000,0-fold,CDS_DEG_0,default,Average Hudson's FST,0.0008616593486011,0.0004149339701072,20,success,,2.076617993890658
Selected_6pairs_1Mb_scan_3R_X,Nigeria_Gombe_vs_Guinea_Siguiri_Dankakoro,NG_Gombe_vs_GN_Siguiri,NG_Gombe vs GN_Siguiri,With Nigeria,Nigeria_Gombe,Guinea_Siguiri_Dankakoro,Nigeria,Guinea,Gombe,Siguiri_Dankakoro,Nigeria vs Guinea,Gombe vs Siguiri_Dankakoro,57,81,57,X,X:4393109-5393108,4393109,5393108,19000000,20000000,19.5,1000000,4-fold,CDS_DEG_4,default,Average Hudson's FST,0.0008554814787556,0.0003689952195579,20,success,,2.318408026479498
Selected_6pairs_1Mb_scan_3R_X,Nigeria_Gombe_vs_Guinea_Siguiri_Dankakoro,NG_Gombe_vs_GN_Siguiri,NG_Gombe vs GN_Siguiri,With Nigeria,Nigeria_Gombe,Guinea_Siguiri_Dankakoro,Nigeria,Guinea,Gombe,Siguiri_Dankakoro,Nigeria vs Guinea,Gombe vs Siguiri_Dankakoro,57,81,57,X,X:4393109-5393108,4393109,5393108,19000000,20000000,19.5,1000000,0-fold,CDS_DEG_0,default,Average Hudson's FST,0.0003848025060088,0.0006069731244197,20,success,,0.6339695952381624
Selected_6pairs_1Mb_scan_3R_X,Nigeria_Gombe_vs_Guinea_Siguiri_Dankakoro,NG_Gombe_vs_GN_Siguiri,NG_Gombe vs GN_Siguiri,With Nigeria,Nigeria_Gombe,Guinea_Siguiri_Dankakoro,Nigeria,Guinea,Gombe,Siguiri_Dankakoro,Nigeria vs Guinea,Gombe vs Siguiri_Dankakoro,57,81,57,X,X:3393109-4393108,3393109,4393108,20000000,21000000,20.5,1000000,4-fold,CDS_DEG_4,default,Average Hudson's FST,0.0003628494200205,0.0005985212279006,20,success,,0.6062431925651943
Selected_6pairs_1Mb_scan_3R_X,Nigeria_Gombe_vs_Guinea_Siguiri_Dankakoro,NG_Gombe_vs_GN_Siguiri,NG_Gombe vs GN_Siguiri,With Nigeria,Nigeria_Gombe,Guinea_Siguiri_Dankakoro,Nigeria,Guinea,Gombe,Siguiri_Dankakoro,Nigeria vs Guinea,Gombe vs Siguiri_Dankakoro,57,81,57,X,X:3393109-4393108,3393109,4393108,20000000,21000000,20.5,1000000,0-fold,CDS_DEG_0,default,Average Hudson's FST,0.0019930539897071,0.0016781405789343,20,success,,1.1876561562993637
Selected_6pairs_1Mb_scan_3R_X,Nigeria_Gombe_vs_Guinea_Siguiri_Dankakoro,NG_Gombe_vs_GN_Siguiri,NG_Gombe vs GN_Siguiri,With Nigeria,Nigeria_Gombe,Guinea_Siguiri_Dankakoro,Nigeria,Guinea,Gombe,Siguiri_Dankakoro,Nigeria vs Guinea,Gombe vs Siguiri_Dankakoro,57,81,57,X,X:2393109-3393108,2393109,3393108,21000000,22000000,21.5,1000000,4-fold,CDS_DEG_4,default,Average Hudson's FST,0.0010153274213394,0.0006310420981427,20,success,,1.6089693925773554
Selected_6pairs_1Mb_scan_3R_X,Nigeria_Gombe_vs_Guinea_Siguiri_Dankakoro,NG_Gombe_vs_GN_Siguiri,NG_Gombe vs GN_Siguiri,With Nigeria,Nigeria_Gombe,Guinea_Siguiri_Dankakoro,Nigeria,Guinea,Gombe,Siguiri_Dankakoro,Nigeria vs Guinea,Gombe vs Siguiri_Dankakoro,57,81,57,X,X:2393109-3393108,2393109,3393108,21000000,22000000,21.5,1000000,0-fold,CDS_DEG_0,default,Average Hudson's FST,0.0018924502784583,0.0006238425570087,20,success,,3.033538281730126
Selected_6pairs_1Mb_scan_3R_X,Nigeria_Gombe_vs_Guinea_Siguiri_Dankakoro,NG_Gombe_vs_GN_Siguiri,NG_Gombe vs GN_Siguiri,With Nigeria,Nigeria_Gombe,Guinea_Siguiri_Dankakoro,Nigeria,Guinea,Gombe,Siguiri_Dankakoro,Nigeria vs Guinea,Gombe vs Siguiri_Dankakoro,57,81,57,X,X:1393109-2393108,1393109,2393108,22000000,23000000,22.5,1000000,4-fold,CDS_DEG_4,default,Average Hudson's FST,0.0010905512659538,0.0005550272527806,20,success,,1.9648607532158253
Selected_6pairs_1Mb_scan_3R_X,Nigeria_Gombe_vs_Guinea_Siguiri_Dankakoro,NG_Gombe_vs_GN_Siguiri,NG_Gombe vs GN_Siguiri,With Nigeria,Nigeria_Gombe,Guinea_Siguiri_Dankakoro,Nigeria,Guinea,Gombe,Siguiri_Dankakoro,Nigeria vs Guinea,Gombe vs Siguiri_Dankakoro,57,81,57,X,X:1393109-2393108,1393109,2393108,22000000,23000000,22.5,1000000,0-fold,CDS_DEG_0,default,Average Hudson's FST,0.0023577453683579,0.0010224353861506,20,success,,2.3060091623341124
Selected_6pairs_1Mb_scan_3R_X,Nigeria_Gombe_vs_Guinea_Siguiri_Dankakoro,NG_Gombe_vs_GN_Siguiri,NG_Gombe vs GN_Siguiri,With Nigeria,Nigeria_Gombe,Guinea_Siguiri_Dankakoro,Nigeria,Guinea,Gombe,Siguiri_Dankakoro,Nigeria vs Guinea,Gombe vs Siguiri_Dankakoro,57,81,57,X,X:393109-1393108,393109,1393108,23000000,24000000,23.5,1000000,4-fold,CDS_DEG_4,default,Average Hudson's FST,0.0006275295343189,0.0003981142765748,20,success,,1.576254787238197
Selected_6pairs_1Mb_scan_3R_X,Nigeria_Gombe_vs_Guinea_Siguiri_Dankakoro,NG_Gombe_vs_GN_Siguiri,NG_Gombe vs GN_Siguiri,With Nigeria,Nigeria_Gombe,Guinea_Siguiri_Dankakoro,Nigeria,Guinea,Gombe,Siguiri_Dankakoro,Nigeria vs Guinea,Gombe vs Siguiri_Dankakoro,57,81,57,X,X:393109-1393108,393109,1393108,23000000,24000000,23.5,1000000,0-fold,CDS_DEG_0,default,Average Hudson's FST,0.0012527161536638,0.0006295940632155,20,success,,1.9897204037564364
Selected_6pairs_1Mb_scan_3R_X,Nigeria_Gombe_vs_Mali_Faladje,NG_Gombe_vs_ML_Faladje,NG_Gombe vs ML_Faladje,With Nigeria,Nigeria_Gombe,Mali_Faladje,Nigeria,Mali,Gombe,Faladje,Nigeria vs Mali,Gombe vs Faladje,57,75,57,3R,3R:52200685-53200684,52200685,53200684,0,1000000,0.5,1000000,4-fold,CDS_DEG_4,default,Average Hudson's FST,0.0216423674484011,0.0074286581768306,20,success,,2.9133615968361473
Selected_6pairs_1Mb_scan_3R_X,Nigeria_Gombe_vs_Mali_Faladje,NG_Gombe_vs_ML_Faladje,NG_Gombe vs ML_Faladje,With Nigeria,Nigeria_Gombe,Mali_Faladje,Nigeria,Mali,Gombe,Faladje,Nigeria vs Mali,Gombe vs Faladje,57,75,57,3R,3R:52200685-53200684,52200685,53200684,0,1000000,0.5,1000000,0-fold,CDS_DEG_0,default,Average Hudson's FST,0.0110953533588894,0.0075732077276068,20,success,,1.4650797598543661
Selected_6pairs_1Mb_scan_3R_X,Nigeria_Gombe_vs_Mali_Faladje,NG_Gombe_vs_ML_Faladje,NG_Gombe vs ML_Faladje,With Nigeria,Nigeria_Gombe,Mali_Faladje,Nigeria,Mali,Gombe,Faladje,Nigeria vs Mali,Gombe vs Faladje,57,75,57,3R,3R:51200685-52200684,51200685,52200684,1000000,2000000,1.5,1000000,4-fold,CDS_DEG_4,default,Average Hudson's FST,0.0010893530100851,0.0008100784252598,20,success,,1.3447500589041534
Selected_6pairs_1Mb_scan_3R_X,Nigeria_Gombe_vs_Mali_Faladje,NG_Gombe_vs_ML_Faladje,NG_Gombe vs ML_Faladje,With Nigeria,Nigeria_Gombe,Mali_Faladje,Nigeria,Mali,Gombe,Faladje,Nigeria vs Mali,Gombe vs Faladje,57,75,57,3R,3R:51200685-52200684,51200685,52200684,1000000,2000000,1.5,1000000,0-fold,CDS_DEG_0,default,Average Hudson's FST,0.0012677196613402,0.0018082273642168,20,success,,0.701084214533657
Selected_6pairs_1Mb_scan_3R_X,Nigeria_Gombe_vs_Mali_Faladje,NG_Gombe_vs_ML_Faladje,NG_Gombe vs ML_Faladje,With Nigeria,Nigeria_Gombe,Mali_Faladje,Nigeria,Mali,Gombe,Faladje,Nigeria vs Mali,Gombe vs Faladje,57,75,57,3R,3R:50200685-51200684,50200685,51200684,2000000,3000000,2.5,1000000,4-fold,CDS_DEG_4,default,Average Hudson's FST,0.0021138389609143,0.0015082428913317,20,success,,1.4015242326439148
Selected_6pairs_1Mb_scan_3R_X,Nigeria_Gombe_vs_Mali_Faladje,NG_Gombe_vs_ML_Faladje,NG_Gombe vs ML_Faladje,With Nigeria,Nigeria_Gombe,Mali_Faladje,Nigeria,Mali,Gombe,Faladje,Nigeria vs Mali,Gombe vs Faladje,57,75,57,3R,3R:50200685-51200684,50200685,51200684,2000000,3000000,2.5,1000000,0-fold,CDS_DEG_0,default,Average Hudson's FST,0.0020450350200757,0.0012272587870337,20,success,,1.6663437586937757
Selected_6pairs_1Mb_scan_3R_X,Nigeria_Gombe_vs_Mali_Faladje,NG_Gombe_vs_ML_Faladje,NG_Gombe vs ML_Faladje,With Nigeria,Nigeria_Gombe,Mali_Faladje,Nigeria,Mali,Gombe,Faladje,Nigeria vs Mali,Gombe vs Faladje,57,75,57,3R,3R:49200685-50200684,49200685,50200684,3000000,4000000,3.5,1000000,4-fold,CDS_DEG_4,default,Average Hudson's FST,0.0043657069188622,0.0024818025831759,20,success,,1.7590871040497975
Selected_6pairs_1Mb_scan_3R_X,Nigeria_Gombe_vs_Mali_Faladje,NG_Gombe_vs_ML_Faladje,NG_Gombe vs ML_Faladje,With Nigeria,Nigeria_Gombe,Mali_Faladje,Nigeria,Mali,Gombe,Faladje,Nigeria vs Mali,Gombe vs Faladje,57,75,57,3R,3R:49200685-50200684,49200685,50200684,3000000,4000000,3.5,1000000,0-fold,CDS_DEG_0,default,Average Hudson's FST,0.0060175006996987,0.0043119173603973,20,success,,1.3955510267813314
Selected_6pairs_1Mb_scan_3R_X,Nigeria_Gombe_vs_Mali_Faladje,NG_Gombe_vs_ML_Faladje,NG_Gombe vs ML_Faladje,With Nigeria,Nigeria_Gombe,Mali_Faladje,Nigeria,Mali,Gombe,Faladje,Nigeria vs Mali,Gombe vs Faladje,57,75,57,3R,3R:48200685-49200684,48200685,49200684,4000000,5000000,4.5,1000000,4-fold,CDS_DEG_4,default,Average Hudson's FST,0.0009423970350531,0.0007302662414541,20,success,,1.2904841844757975
Selected_6pairs_1Mb_scan_3R_X,Nigeria_Gombe_vs_Mali_Faladje,NG_Gombe_vs_ML_Faladje,NG_Gombe vs ML_Faladje,With Nigeria,Nigeria_Gombe,Mali_Faladje,Nigeria,Mali,Gombe,Faladje,Nigeria vs Mali,Gombe vs Faladje,57,75,57,3R,3R:48200685-49200684,48200685,49200684,4000000,5000000,4.5,1000000,0-fold,CDS_DEG_0,default,Average Hudson's FST,0.0005688244415355,0.0006049896566013,20,success,,0.9402217630149773
Selected_6pairs_1Mb_scan_3R_X,Nigeria_Gombe_vs_Mali_Faladje,NG_Gombe_vs_ML_Faladje,NG_Gombe vs ML_Faladje,With Nigeria,Nigeria_Gombe,Mali_Faladje,Nigeria,Mali,Gombe,Faladje,Nigeria vs Mali,Gombe vs Faladje,57,75,57,3R,3R:47200685-48200684,47200685,48200684,5000000,6000000,5.5,1000000,4-fold,CDS_DEG_4,default,Average Hudson's FST,0.0003678940291614,0.0005765359886841,20,success,,0.638111126420903
Selected_6pairs_1Mb_scan_3R_X,Nigeria_Gombe_vs_Mali_Faladje,NG_Gombe_vs_ML_Faladje,NG_Gombe vs ML_Faladje,With Nigeria,Nigeria_Gombe,Mali_Faladje,Nigeria,Mali,Gombe,Faladje,Nigeria vs Mali,Gombe vs Faladje,57,75,57,3R,3R:47200685-48200684,47200685,48200684,5000000,6000000,5.5,1000000,0-fold,CDS_DEG_0,default,Average Hudson's FST,0.0,0.0005420392445841,20,success,,0.0
Selected_6pairs_1Mb_scan_3R_X,Nigeria_Gombe_vs_Mali_Faladje,NG_Gombe_vs_ML_Faladje,NG_Gombe vs ML_Faladje,With Nigeria,Nigeria_Gombe,Mali_Faladje,Nigeria,Mali,Gombe,Faladje,Nigeria vs Mali,Gombe vs Faladje,57,75,57,3R,3R:46200685-47200684,46200685,47200684,6000000,7000000,6.5,1000000,4-fold,CDS_DEG_4,default,Average Hudson's FST,0.0020916720260889,0.0012674774040439,20,success,,1.6502637596657725
Selected_6pairs_1Mb_scan_3R_X,Nigeria_Gombe_vs_Mali_Faladje,NG_Gombe_vs_ML_Faladje,NG_Gombe vs ML_Faladje,With Nigeria,Nigeria_Gombe,Mali_Faladje,Nigeria,Mali,Gombe,Faladje,Nigeria vs Mali,Gombe vs Faladje,57,75,57,3R,3R:46200685-47200684,46200685,47200684,6000000,7000000,6.5,1000000,0-fold,CDS_DEG_0,default,Average Hudson's FST,0.0010474773020397,0.0009653190427532,20,success,,1.085109953961102
Selected_6pairs_1Mb_scan_3R_X,Nigeria_Gombe_vs_Mali_Faladje,NG_Gombe_vs_ML_Faladje,NG_Gombe vs ML_Faladje,With Nigeria,Nigeria_Gombe,Mali_Faladje,Nigeria,Mali,Gombe,Faladje,Nigeria vs Mali,Gombe vs Faladje,57,75,57,3R,3R:45200685-46200684,45200685,46200684,7000000,8000000,7.5,1000000,4-fold,CDS_DEG_4,default,Average Hudson's FST,0.0033870375925186,0.0015384073654957,20,success,,2.201651960647784
Selected_6pairs_1Mb_scan_3R_X,Nigeria_Gombe_vs_Mali_Faladje,NG_Gombe_vs_ML_Faladje,NG_Gombe vs ML_Faladje,With Nigeria,Nigeria_Gombe,Mali_Faladje,Nigeria,Mali,Gombe,Faladje,Nigeria vs Mali,Gombe vs Faladje,57,75,57,3R,3R:45200685-46200684,45200685,46200684,7000000,8000000,7.5,1000000,0-fold,CDS_DEG_0,default,Average Hudson's FST,0.0029564328142735,0.0013104425778031,20,success,,2.256056743233901
Selected_6pairs_1Mb_scan_3R_X,Nigeria_Gombe_vs_Mali_Faladje,NG_Gombe_vs_ML_Faladje,NG_Gombe vs ML_Faladje,With Nigeria,Nigeria_Gombe,Mali_Faladje,Nigeria,Mali,Gombe,Faladje,Nigeria vs Mali,Gombe vs Faladje,57,75,57,3R,3R:44200685-45200684,44200685,45200684,8000000,9000000,8.5,1000000,4-fold,CDS_DEG_4,default,Average Hudson's FST,0.0,0.0004614179043431,20,success,,0.0
Selected_6pairs_1Mb_scan_3R_X,Nigeria_Gombe_vs_Mali_Faladje,NG_Gombe_vs_ML_Faladje,NG_Gombe vs ML_Faladje,With Nigeria,Nigeria_Gombe,Mali_Faladje,Nigeria,Mali,Gombe,Faladje,Nigeria vs Mali,Gombe vs Faladje,57,75,57,3R,3R:44200685-45200684,44200685,45200684,8000000,9000000,8.5,1000000,0-fold,CDS_DEG_0,default,Average Hudson's FST,0.0,0.0004919053284575,20,success,,0.0
Selected_6pairs_1Mb_scan_3R_X,Nigeria_Gombe_vs_Mali_Faladje,NG_Gombe_vs_ML_Faladje,NG_Gombe vs ML_Faladje,With Nigeria,Nigeria_Gombe,Mali_Faladje,Nigeria,Mali,Gombe,Faladje,Nigeria vs Mali,Gombe vs Faladje,57,75,57,3R,3R:43200685-44200684,43200685,44200684,9000000,10000000,9.5,1000000,4-fold,CDS_DEG_4,default,Average Hudson's FST,0.0013318912754473,0.0006275369838127,20,success,,2.1224108057427697
Selected_6pairs_1Mb_scan_3R_X,Nigeria_Gombe_vs_Mali_Faladje,NG_Gombe_vs_ML_Faladje,NG_Gombe vs ML_Faladje,With Nigeria,Nigeria_Gombe,Mali_Faladje,Nigeria,Mali,Gombe,Faladje,Nigeria vs Mali,Gombe vs Faladje,57,75,57,3R,3R:43200685-44200684,43200685,44200684,9000000,10000000,9.5,1000000,0-fold,CDS_DEG_0,default,Average Hudson's FST,0.001937968230765,0.0005956512881197,20,success,,3.253528145439942
Selected_6pairs_1Mb_scan_3R_X,Nigeria_Gombe_vs_Mali_Faladje,NG_Gombe_vs_ML_Faladje,NG_Gombe vs ML_Faladje,With Nigeria,Nigeria_Gombe,Mali_Faladje,Nigeria,Mali,Gombe,Faladje,Nigeria vs Mali,Gombe vs Faladje,57,75,57,3R,3R:42200685-43200684,42200685,43200684,10000000,11000000,10.5,1000000,4-fold,CDS_DEG_4,default,Average Hudson's FST,0.0005638271240814,0.0005366993460069,20,success,,1.0505455769162635
Selected_6pairs_1Mb_scan_3R_X,Nigeria_Gombe_vs_Mali_Faladje,NG_Gombe_vs_ML_Faladje,NG_Gombe vs ML_Faladje,With Nigeria,Nigeria_Gombe,Mali_Faladje,Nigeria,Mali,Gombe,Faladje,Nigeria vs Mali,Gombe vs Faladje,57,75,57,3R,3R:42200685-43200684,42200685,43200684,10000000,11000000,10.5,1000000,0-fold,CDS_DEG_0,default,Average Hudson's FST,0.0,0.000819842222861,20,success,,0.0
Selected_6pairs_1Mb_scan_3R_X,Nigeria_Gombe_vs_Mali_Faladje,NG_Gombe_vs_ML_Faladje,NG_Gombe vs ML_Faladje,With Nigeria,Nigeria_Gombe,Mali_Faladje,Nigeria,Mali,Gombe,Faladje,Nigeria vs Mali,Gombe vs Faladje,57,75,57,3R,3R:41200685-42200684,41200685,42200684,11000000,12000000,11.5,1000000,4-fold,CDS_DEG_4,default,Average Hudson's FST,0.001667894185127,0.0007419718788527,20,success,,2.247921023241527
Selected_6pairs_1Mb_scan_3R_X,Nigeria_Gombe_vs_Mali_Faladje,NG_Gombe_vs_ML_Faladje,NG_Gombe vs ML_Faladje,With Nigeria,Nigeria_Gombe,Mali_Faladje,Nigeria,Mali,Gombe,Faladje,Nigeria vs Mali,Gombe vs Faladje,57,75,57,3R,3R:41200685-42200684,41200685,42200684,11000000,12000000,11.5,1000000,0-fold,CDS_DEG_0,default,Average Hudson's FST,0.0,0.0005924266981931,20,success,,0.0
Selected_6pairs_1Mb_scan_3R_X,Nigeria_Gombe_vs_Mali_Faladje,NG_Gombe_vs_ML_Faladje,NG_Gombe vs ML_Faladje,With Nigeria,Nigeria_Gombe,Mali_Faladje,Nigeria,Mali,Gombe,Faladje,Nigeria vs Mali,Gombe vs Faladje,57,75,57,3R,3R:40200685-41200684,40200685,41200684,12000000,13000000,12.5,1000000,4-fold,CDS_DEG_4,default,Average Hudson's FST,0.0,0.0015514072464992,20,success,,0.0
Selected_6pairs_1Mb_scan_3R_X,Nigeria_Gombe_vs_Mali_Faladje,NG_Gombe_vs_ML_Faladje,NG_Gombe vs ML_Faladje,With Nigeria,Nigeria_Gombe,Mali_Faladje,Nigeria,Mali,Gombe,Faladje,Nigeria vs Mali,Gombe vs Faladje,57,75,57,3R,3R:40200685-41200684,40200685,41200684,12000000,13000000,12.5,1000000,0-fold,CDS_DEG_0,default,Average Hudson's FST,0.0006355540463984,0.0018501438757629,20,success,,0.34351601230814094
Selected_6pairs_1Mb_scan_3R_X,Nigeria_Gombe_vs_Mali_Faladje,NG_Gombe_vs_ML_Faladje,NG_Gombe vs ML_Faladje,With Nigeria,Nigeria_Gombe,Mali_Faladje,Nigeria,Mali,Gombe,Faladje,Nigeria vs Mali,Gombe vs Faladje,57,75,57,3R,3R:39200685-40200684,39200685,40200684,13000000,14000000,13.5,1000000,4-fold,CDS_DEG_4,default,Average Hudson's FST,0.0013425317948229,0.0015683152045186,20,success,,0.8560344189451349
Selected_6pairs_1Mb_scan_3R_X,Nigeria_Gombe_vs_Mali_Faladje,NG_Gombe_vs_ML_Faladje,NG_Gombe vs ML_Faladje,With Nigeria,Nigeria_Gombe,Mali_Faladje,Nigeria,Mali,Gombe,Faladje,Nigeria vs Mali,Gombe vs Faladje,57,75,57,3R,3R:39200685-40200684,39200685,40200684,13000000,14000000,13.5,1000000,0-fold,CDS_DEG_0,default,Average Hudson's FST,0.0002760634751374,0.0010788377383333,20,success,,0.25588970920121074
Selected_6pairs_1Mb_scan_3R_X,Nigeria_Gombe_vs_Mali_Faladje,NG_Gombe_vs_ML_Faladje,NG_Gombe vs ML_Faladje,With Nigeria,Nigeria_Gombe,Mali_Faladje,Nigeria,Mali,Gombe,Faladje,Nigeria vs Mali,Gombe vs Faladje,57,75,57,3R,3R:38200685-39200684,38200685,39200684,14000000,15000000,14.5,1000000,4-fold,CDS_DEG_4,default,Average Hudson's FST,0.0,0.0005146444187622,20,success,,0.0
Selected_6pairs_1Mb_scan_3R_X,Nigeria_Gombe_vs_Mali_Faladje,NG_Gombe_vs_ML_Faladje,NG_Gombe vs ML_Faladje,With Nigeria,Nigeria_Gombe,Mali_Faladje,Nigeria,Mali,Gombe,Faladje,Nigeria vs Mali,Gombe vs Faladje,57,75,57,3R,3R:38200685-39200684,38200685,39200684,14000000,15000000,14.5,1000000,0-fold,CDS_DEG_0,default,Average Hudson's FST,0.0002627194081535,0.0008508525497266,20,success,,0.3087719584761405
Selected_6pairs_1Mb_scan_3R_X,Nigeria_Gombe_vs_Mali_Faladje,NG_Gombe_vs_ML_Faladje,NG_Gombe vs ML_Faladje,With Nigeria,Nigeria_Gombe,Mali_Faladje,Nigeria,Mali,Gombe,Faladje,Nigeria vs Mali,Gombe vs Faladje,57,75,57,3R,3R:37200685-38200684,37200685,38200684,15000000,16000000,15.5,1000000,4-fold,CDS_DEG_4,default,Average Hudson's FST,0.0004791231663491,0.000518186918802,20,success,,0.9246145530975353
Selected_6pairs_1Mb_scan_3R_X,Nigeria_Gombe_vs_Mali_Faladje,NG_Gombe_vs_ML_Faladje,NG_Gombe vs ML_Faladje,With Nigeria,Nigeria_Gombe,Mali_Faladje,Nigeria,Mali,Gombe,Faladje,Nigeria vs Mali,Gombe vs Faladje,57,75,57,3R,3R:37200685-38200684,37200685,38200684,15000000,16000000,15.5,1000000,0-fold,CDS_DEG_0,default,Average Hudson's FST,1.7412182850089137e-05,0.0003728952515951,20,success,,0.0466945684494684
Selected_6pairs_1Mb_scan_3R_X,Nigeria_Gombe_vs_Mali_Faladje,NG_Gombe_vs_ML_Faladje,NG_Gombe vs ML_Faladje,With Nigeria,Nigeria_Gombe,Mali_Faladje,Nigeria,Mali,Gombe,Faladje,Nigeria vs Mali,Gombe vs Faladje,57,75,57,3R,3R:36200685-37200684,36200685,37200684,16000000,17000000,16.5,1000000,4-fold,CDS_DEG_4,default,Average Hudson's FST,0.0004721345227483,0.0004627997280298,20,success,,1.020170268375566
Selected_6pairs_1Mb_scan_3R_X,Nigeria_Gombe_vs_Mali_Faladje,NG_Gombe_vs_ML_Faladje,NG_Gombe vs ML_Faladje,With Nigeria,Nigeria_Gombe,Mali_Faladje,Nigeria,Mali,Gombe,Faladje,Nigeria vs Mali,Gombe vs Faladje,57,75,57,3R,3R:36200685-37200684,36200685,37200684,16000000,17000000,16.5,1000000,0-fold,CDS_DEG_0,default,Average Hudson's FST,0.0,0.0003971034162491,20,success,,0.0
Selected_6pairs_1Mb_scan_3R_X,Nigeria_Gombe_vs_Mali_Faladje,NG_Gombe_vs_ML_Faladje,NG_Gombe vs ML_Faladje,With Nigeria,Nigeria_Gombe,Mali_Faladje,Nigeria,Mali,Gombe,Faladje,Nigeria vs Mali,Gombe vs Faladje,57,75,57,3R,3R:35200685-36200684,35200685,36200684,17000000,18000000,17.5,1000000,4-fold,CDS_DEG_4,default,Average Hudson's FST,0.0,0.0003449363611733,20,success,,0.0
Selected_6pairs_1Mb_scan_3R_X,Nigeria_Gombe_vs_Mali_Faladje,NG_Gombe_vs_ML_Faladje,NG_Gombe vs ML_Faladje,With Nigeria,Nigeria_Gombe,Mali_Faladje,Nigeria,Mali,Gombe,Faladje,Nigeria vs Mali,Gombe vs Faladje,57,75,57,3R,3R:35200685-36200684,35200685,36200684,17000000,18000000,17.5,1000000,0-fold,CDS_DEG_0,default,Average Hudson's FST,0.0,0.0006972154172584,20,success,,0.0
Selected_6pairs_1Mb_scan_3R_X,Nigeria_Gombe_vs_Mali_Faladje,NG_Gombe_vs_ML_Faladje,NG_Gombe vs ML_Faladje,With Nigeria,Nigeria_Gombe,Mali_Faladje,Nigeria,Mali,Gombe,Faladje,Nigeria vs Mali,Gombe vs Faladje,57,75,57,3R,3R:34200685-35200684,34200685,35200684,18000000,19000000,18.5,1000000,4-fold,CDS_DEG_4,default,Average Hudson's FST,0.0003988531445137,0.0004396214923208,20,success,,0.9072648891848295
Selected_6pairs_1Mb_scan_3R_X,Nigeria_Gombe_vs_Mali_Faladje,NG_Gombe_vs_ML_Faladje,NG_Gombe vs ML_Faladje,With Nigeria,Nigeria_Gombe,Mali_Faladje,Nigeria,Mali,Gombe,Faladje,Nigeria vs Mali,Gombe vs Faladje,57,75,57,3R,3R:34200685-35200684,34200685,35200684,18000000,19000000,18.5,1000000,0-fold,CDS_DEG_0,default,Average Hudson's FST,0.0006383192096461,0.0011049577513221,20,success,,0.5776865304418568
Selected_6pairs_1Mb_scan_3R_X,Nigeria_Gombe_vs_Mali_Faladje,NG_Gombe_vs_ML_Faladje,NG_Gombe vs ML_Faladje,With Nigeria,Nigeria_Gombe,Mali_Faladje,Nigeria,Mali,Gombe,Faladje,Nigeria vs Mali,Gombe vs Faladje,57,75,57,3R,3R:33200685-34200684,33200685,34200684,19000000,20000000,19.5,1000000,4-fold,CDS_DEG_4,default,Average Hudson's FST,0.000625689089707,0.0005470287770644,20,success,,1.1437955660481451
Selected_6pairs_1Mb_scan_3R_X,Nigeria_Gombe_vs_Mali_Faladje,NG_Gombe_vs_ML_Faladje,NG_Gombe vs ML_Faladje,With Nigeria,Nigeria_Gombe,Mali_Faladje,Nigeria,Mali,Gombe,Faladje,Nigeria vs Mali,Gombe vs Faladje,57,75,57,3R,3R:33200685-34200684,33200685,34200684,19000000,20000000,19.5,1000000,0-fold,CDS_DEG_0,default,Average Hudson's FST,0.0013122523994533,0.0006477402091029,20,success,,2.0258930679488443
Selected_6pairs_1Mb_scan_3R_X,Nigeria_Gombe_vs_Mali_Faladje,NG_Gombe_vs_ML_Faladje,NG_Gombe vs ML_Faladje,With Nigeria,Nigeria_Gombe,Mali_Faladje,Nigeria,Mali,Gombe,Faladje,Nigeria vs Mali,Gombe vs Faladje,57,75,57,3R,3R:32200685-33200684,32200685,33200684,20000000,21000000,20.5,1000000,4-fold,CDS_DEG_4,default,Average Hudson's FST,0.000807102158696,0.0008484404625018,20,success,,0.9512773074448788
Selected_6pairs_1Mb_scan_3R_X,Nigeria_Gombe_vs_Mali_Faladje,NG_Gombe_vs_ML_Faladje,NG_Gombe vs ML_Faladje,With Nigeria,Nigeria_Gombe,Mali_Faladje,Nigeria,Mali,Gombe,Faladje,Nigeria vs Mali,Gombe vs Faladje,57,75,57,3R,3R:32200685-33200684,32200685,33200684,20000000,21000000,20.5,1000000,0-fold,CDS_DEG_0,default,Average Hudson's FST,0.0014240373039646,0.0008349343090201,20,success,,1.7055680771291888
Selected_6pairs_1Mb_scan_3R_X,Nigeria_Gombe_vs_Mali_Faladje,NG_Gombe_vs_ML_Faladje,NG_Gombe vs ML_Faladje,With Nigeria,Nigeria_Gombe,Mali_Faladje,Nigeria,Mali,Gombe,Faladje,Nigeria vs Mali,Gombe vs Faladje,57,75,57,3R,3R:31200685-32200684,31200685,32200684,21000000,22000000,21.5,1000000,4-fold,CDS_DEG_4,default,Average Hudson's FST,0.0009734257917395,0.0004596492238906,20,success,,2.1177579361499865
Selected_6pairs_1Mb_scan_3R_X,Nigeria_Gombe_vs_Mali_Faladje,NG_Gombe_vs_ML_Faladje,NG_Gombe vs ML_Faladje,With Nigeria,Nigeria_Gombe,Mali_Faladje,Nigeria,Mali,Gombe,Faladje,Nigeria vs Mali,Gombe vs Faladje,57,75,57,3R,3R:31200685-32200684,31200685,32200684,21000000,22000000,21.5,1000000,0-fold,CDS_DEG_0,default,Average Hudson's FST,0.0016839211581014,0.0006960446570596,20,success,,2.419271724913494
Selected_6pairs_1Mb_scan_3R_X,Nigeria_Gombe_vs_Mali_Faladje,NG_Gombe_vs_ML_Faladje,NG_Gombe vs ML_Faladje,With Nigeria,Nigeria_Gombe,Mali_Faladje,Nigeria,Mali,Gombe,Faladje,Nigeria vs Mali,Gombe vs Faladje,57,75,57,3R,3R:30200685-31200684,30200685,31200684,22000000,23000000,22.5,1000000,4-fold,CDS_DEG_4,default,Average Hudson's FST,0.0010004084118849,0.0005059235663593,20,success,,1.9773904170623744
Selected_6pairs_1Mb_scan_3R_X,Nigeria_Gombe_vs_Mali_Faladje,NG_Gombe_vs_ML_Faladje,NG_Gombe vs ML_Faladje,With Nigeria,Nigeria_Gombe,Mali_Faladje,Nigeria,Mali,Gombe,Faladje,Nigeria vs Mali,Gombe vs Faladje,57,75,57,3R,3R:30200685-31200684,30200685,31200684,22000000,23000000,22.5,1000000,0-fold,CDS_DEG_0,default,Average Hudson's FST,0.0006210025578147,0.0007074142662445,20,success,,0.8778485075109667
Selected_6pairs_1Mb_scan_3R_X,Nigeria_Gombe_vs_Mali_Faladje,NG_Gombe_vs_ML_Faladje,NG_Gombe vs ML_Faladje,With Nigeria,Nigeria_Gombe,Mali_Faladje,Nigeria,Mali,Gombe,Faladje,Nigeria vs Mali,Gombe vs Faladje,57,75,57,3R,3R:29200685-30200684,29200685,30200684,23000000,24000000,23.5,1000000,4-fold,CDS_DEG_4,default,Average Hudson's FST,0.0015699177368132,0.0008918027714798,20,success,,1.7603866987407761
Selected_6pairs_1Mb_scan_3R_X,Nigeria_Gombe_vs_Mali_Faladje,NG_Gombe_vs_ML_Faladje,NG_Gombe vs ML_Faladje,With Nigeria,Nigeria_Gombe,Mali_Faladje,Nigeria,Mali,Gombe,Faladje,Nigeria vs Mali,Gombe vs Faladje,57,75,57,3R,3R:29200685-30200684,29200685,30200684,23000000,24000000,23.5,1000000,0-fold,CDS_DEG_0,default,Average Hudson's FST,0.0004301761881597,0.0015005829204801,20,success,,0.28667272050655385
Selected_6pairs_1Mb_scan_3R_X,Nigeria_Gombe_vs_Mali_Faladje,NG_Gombe_vs_ML_Faladje,NG_Gombe vs ML_Faladje,With Nigeria,Nigeria_Gombe,Mali_Faladje,Nigeria,Mali,Gombe,Faladje,Nigeria vs Mali,Gombe vs Faladje,57,75,57,3R,3R:28200685-29200684,28200685,29200684,24000000,25000000,24.5,1000000,4-fold,CDS_DEG_4,default,Average Hudson's FST,0.077276995970456,0.0193438807930895,20,success,,3.994906544195764
Selected_6pairs_1Mb_scan_3R_X,Nigeria_Gombe_vs_Mali_Faladje,NG_Gombe_vs_ML_Faladje,NG_Gombe vs ML_Faladje,With Nigeria,Nigeria_Gombe,Mali_Faladje,Nigeria,Mali,Gombe,Faladje,Nigeria vs Mali,Gombe vs Faladje,57,75,57,3R,3R:28200685-29200684,28200685,29200684,24000000,25000000,24.5,1000000,0-fold,CDS_DEG_0,default,Average Hudson's FST,0.0551989504301694,0.0153341776938788,20,success,,3.5997333233071953
Selected_6pairs_1Mb_scan_3R_X,Nigeria_Gombe_vs_Mali_Faladje,NG_Gombe_vs_ML_Faladje,NG_Gombe vs ML_Faladje,With Nigeria,Nigeria_Gombe,Mali_Faladje,Nigeria,Mali,Gombe,Faladje,Nigeria vs Mali,Gombe vs Faladje,57,75,57,X,X:23393109-24393108,23393109,24393108,0,1000000,0.5,1000000,4-fold,CDS_DEG_4,default,Average Hudson's FST,0.0,0.0032917907247876,20,success,,0.0
Selected_6pairs_1Mb_scan_3R_X,Nigeria_Gombe_vs_Mali_Faladje,NG_Gombe_vs_ML_Faladje,NG_Gombe vs ML_Faladje,With Nigeria,Nigeria_Gombe,Mali_Faladje,Nigeria,Mali,Gombe,Faladje,Nigeria vs Mali,Gombe vs Faladje,57,75,57,X,X:23393109-24393108,23393109,24393108,0,1000000,0.5,1000000,0-fold,CDS_DEG_0,default,Average Hudson's FST,0.0027305892274709,0.0019162671681481,20,success,,1.424952257627922
Selected_6pairs_1Mb_scan_3R_X,Nigeria_Gombe_vs_Mali_Faladje,NG_Gombe_vs_ML_Faladje,NG_Gombe vs ML_Faladje,With Nigeria,Nigeria_Gombe,Mali_Faladje,Nigeria,Mali,Gombe,Faladje,Nigeria vs Mali,Gombe vs Faladje,57,75,57,X,X:22393109-23393108,22393109,23393108,1000000,2000000,1.5,1000000,4-fold,CDS_DEG_4,default,Average Hudson's FST,0.0,0.0011201240758502,20,success,,0.0
Selected_6pairs_1Mb_scan_3R_X,Nigeria_Gombe_vs_Mali_Faladje,NG_Gombe_vs_ML_Faladje,NG_Gombe vs ML_Faladje,With Nigeria,Nigeria_Gombe,Mali_Faladje,Nigeria,Mali,Gombe,Faladje,Nigeria vs Mali,Gombe vs Faladje,57,75,57,X,X:22393109-23393108,22393109,23393108,1000000,2000000,1.5,1000000,0-fold,CDS_DEG_0,default,Average Hudson's FST,0.0001826401679703,0.0004774514711695,20,success,,0.3825313754357685
Selected_6pairs_1Mb_scan_3R_X,Nigeria_Gombe_vs_Mali_Faladje,NG_Gombe_vs_ML_Faladje,NG_Gombe vs ML_Faladje,With Nigeria,Nigeria_Gombe,Mali_Faladje,Nigeria,Mali,Gombe,Faladje,Nigeria vs Mali,Gombe vs Faladje,57,75,57,X,X:21393109-22393108,21393109,22393108,2000000,3000000,2.5,1000000,4-fold,CDS_DEG_4,default,Average Hudson's FST,0.0010653212507699,0.0025930526240746,20,success,,0.41083672613473793
Selected_6pairs_1Mb_scan_3R_X,Nigeria_Gombe_vs_Mali_Faladje,NG_Gombe_vs_ML_Faladje,NG_Gombe vs ML_Faladje,With Nigeria,Nigeria_Gombe,Mali_Faladje,Nigeria,Mali,Gombe,Faladje,Nigeria vs Mali,Gombe vs Faladje,57,75,57,X,X:21393109-22393108,21393109,22393108,2000000,3000000,2.5,1000000,0-fold,CDS_DEG_0,default,Average Hudson's FST,0.0162863251439931,0.0147051377848227,20,success,,1.1075261845422733
Selected_6pairs_1Mb_scan_3R_X,Nigeria_Gombe_vs_Mali_Faladje,NG_Gombe_vs_ML_Faladje,NG_Gombe vs ML_Faladje,With Nigeria,Nigeria_Gombe,Mali_Faladje,Nigeria,Mali,Gombe,Faladje,Nigeria vs Mali,Gombe vs Faladje,57,75,57,X,X:20393109-21393108,20393109,21393108,3000000,4000000,3.5,1000000,4-fold,CDS_DEG_4,default,Average Hudson's FST,0.0069001442617087,0.0058375404376981,20,success,,1.1820293727043736
Selected_6pairs_1Mb_scan_3R_X,Nigeria_Gombe_vs_Mali_Faladje,NG_Gombe_vs_ML_Faladje,NG_Gombe vs ML_Faladje,With Nigeria,Nigeria_Gombe,Mali_Faladje,Nigeria,Mali,Gombe,Faladje,Nigeria vs Mali,Gombe vs Faladje,57,75,57,X,X:20393109-21393108,20393109,21393108,3000000,4000000,3.5,1000000,0-fold,CDS_DEG_0,default,Average Hudson's FST,0.0,0.0012575562334108,20,success,,0.0
Selected_6pairs_1Mb_scan_3R_X,Nigeria_Gombe_vs_Mali_Faladje,NG_Gombe_vs_ML_Faladje,NG_Gombe vs ML_Faladje,With Nigeria,Nigeria_Gombe,Mali_Faladje,Nigeria,Mali,Gombe,Faladje,Nigeria vs Mali,Gombe vs Faladje,57,75,57,X,X:19393109-20393108,19393109,20393108,4000000,5000000,4.5,1000000,4-fold,CDS_DEG_4,default,Average Hudson's FST,0.0012303449275351,0.0013352947210703,20,success,,0.9214032738397423
Selected_6pairs_1Mb_scan_3R_X,Nigeria_Gombe_vs_Mali_Faladje,NG_Gombe_vs_ML_Faladje,NG_Gombe vs ML_Faladje,With Nigeria,Nigeria_Gombe,Mali_Faladje,Nigeria,Mali,Gombe,Faladje,Nigeria vs Mali,Gombe vs Faladje,57,75,57,X,X:19393109-20393108,19393109,20393108,4000000,5000000,4.5,1000000,0-fold,CDS_DEG_0,default,Average Hudson's FST,0.0001905503820552,0.0010469296031664,20,success,,0.1820087821367238
Selected_6pairs_1Mb_scan_3R_X,Nigeria_Gombe_vs_Mali_Faladje,NG_Gombe_vs_ML_Faladje,NG_Gombe vs ML_Faladje,With Nigeria,Nigeria_Gombe,Mali_Faladje,Nigeria,Mali,Gombe,Faladje,Nigeria vs Mali,Gombe vs Faladje,57,75,57,X,X:18393109-19393108,18393109,19393108,5000000,6000000,5.5,1000000,4-fold,CDS_DEG_4,default,Average Hudson's FST,0.0051275026356875,0.0015322828176697,20,success,,3.3463160824875793
Selected_6pairs_1Mb_scan_3R_X,Nigeria_Gombe_vs_Mali_Faladje,NG_Gombe_vs_ML_Faladje,NG_Gombe vs ML_Faladje,With Nigeria,Nigeria_Gombe,Mali_Faladje,Nigeria,Mali,Gombe,Faladje,Nigeria vs Mali,Gombe vs Faladje,57,75,57,X,X:18393109-19393108,18393109,19393108,5000000,6000000,5.5,1000000,0-fold,CDS_DEG_0,default,Average Hudson's FST,0.0016483335215357,0.000703875360333,20,success,,2.3417974465761686
Selected_6pairs_1Mb_scan_3R_X,Nigeria_Gombe_vs_Mali_Faladje,NG_Gombe_vs_ML_Faladje,NG_Gombe vs ML_Faladje,With Nigeria,Nigeria_Gombe,Mali_Faladje,Nigeria,Mali,Gombe,Faladje,Nigeria vs Mali,Gombe vs Faladje,57,75,57,X,X:17393109-18393108,17393109,18393108,6000000,7000000,6.5,1000000,4-fold,CDS_DEG_4,default,Average Hudson's FST,0.003174841286485,0.0009836618660629,20,success,,3.2275738198455133
Selected_6pairs_1Mb_scan_3R_X,Nigeria_Gombe_vs_Mali_Faladje,NG_Gombe_vs_ML_Faladje,NG_Gombe vs ML_Faladje,With Nigeria,Nigeria_Gombe,Mali_Faladje,Nigeria,Mali,Gombe,Faladje,Nigeria vs Mali,Gombe vs Faladje,57,75,57,X,X:17393109-18393108,17393109,18393108,6000000,7000000,6.5,1000000,0-fold,CDS_DEG_0,default,Average Hudson's FST,0.0021383150103508,0.0011032105647903,20,success,,1.93826553025918
Selected_6pairs_1Mb_scan_3R_X,Nigeria_Gombe_vs_Mali_Faladje,NG_Gombe_vs_ML_Faladje,NG_Gombe vs ML_Faladje,With Nigeria,Nigeria_Gombe,Mali_Faladje,Nigeria,Mali,Gombe,Faladje,Nigeria vs Mali,Gombe vs Faladje,57,75,57,X,X:16393109-17393108,16393109,17393108,7000000,8000000,7.5,1000000,4-fold,CDS_DEG_4,default,Average Hudson's FST,0.0129205370278661,0.002234748379177,20,success,,5.781651817384648
Selected_6pairs_1Mb_scan_3R_X,Nigeria_Gombe_vs_Mali_Faladje,NG_Gombe_vs_ML_Faladje,NG_Gombe vs ML_Faladje,With Nigeria,Nigeria_Gombe,Mali_Faladje,Nigeria,Mali,Gombe,Faladje,Nigeria vs Mali,Gombe vs Faladje,57,75,57,X,X:16393109-17393108,16393109,17393108,7000000,8000000,7.5,1000000,0-fold,CDS_DEG_0,default,Average Hudson's FST,0.0126969011876938,0.0024424324054362,20,success,,5.19846574236155
Selected_6pairs_1Mb_scan_3R_X,Nigeria_Gombe_vs_Mali_Faladje,NG_Gombe_vs_ML_Faladje,NG_Gombe vs ML_Faladje,With Nigeria,Nigeria_Gombe,Mali_Faladje,Nigeria,Mali,Gombe,Faladje,Nigeria vs Mali,Gombe vs Faladje,57,75,57,X,X:15393109-16393108,15393109,16393108,8000000,9000000,8.5,1000000,4-fold,CDS_DEG_4,default,Average Hudson's FST,0.1029730376299967,0.0285594444231761,20,success,,3.605568655475443
Selected_6pairs_1Mb_scan_3R_X,Nigeria_Gombe_vs_Mali_Faladje,NG_Gombe_vs_ML_Faladje,NG_Gombe vs ML_Faladje,With Nigeria,Nigeria_Gombe,Mali_Faladje,Nigeria,Mali,Gombe,Faladje,Nigeria vs Mali,Gombe vs Faladje,57,75,57,X,X:15393109-16393108,15393109,16393108,8000000,9000000,8.5,1000000,0-fold,CDS_DEG_0,default,Average Hudson's FST,0.1578545627399638,0.0504572600139681,20,success,,3.128480672479339
Selected_6pairs_1Mb_scan_3R_X,Nigeria_Gombe_vs_Mali_Faladje,NG_Gombe_vs_ML_Faladje,NG_Gombe vs ML_Faladje,With Nigeria,Nigeria_Gombe,Mali_Faladje,Nigeria,Mali,Gombe,Faladje,Nigeria vs Mali,Gombe vs Faladje,57,75,57,X,X:14393109-15393108,14393109,15393108,9000000,10000000,9.5,1000000,4-fold,CDS_DEG_4,default,Average Hudson's FST,0.1491242519971759,0.0380254706625661,20,success,,3.9216937857387313
Selected_6pairs_1Mb_scan_3R_X,Nigeria_Gombe_vs_Mali_Faladje,NG_Gombe_vs_ML_Faladje,NG_Gombe vs ML_Faladje,With Nigeria,Nigeria_Gombe,Mali_Faladje,Nigeria,Mali,Gombe,Faladje,Nigeria vs Mali,Gombe vs Faladje,57,75,57,X,X:14393109-15393108,14393109,15393108,9000000,10000000,9.5,1000000,0-fold,CDS_DEG_0,default,Average Hudson's FST,0.173173257262577,0.0380178720310755,20,success,,4.555048665559887
Selected_6pairs_1Mb_scan_3R_X,Nigeria_Gombe_vs_Mali_Faladje,NG_Gombe_vs_ML_Faladje,NG_Gombe vs ML_Faladje,With Nigeria,Nigeria_Gombe,Mali_Faladje,Nigeria,Mali,Gombe,Faladje,Nigeria vs Mali,Gombe vs Faladje,57,75,57,X,X:13393109-14393108,13393109,14393108,10000000,11000000,10.5,1000000,4-fold,CDS_DEG_4,default,Average Hudson's FST,0.0164884209956215,0.0034989558240854,20,success,,4.71238330078987
Selected_6pairs_1Mb_scan_3R_X,Nigeria_Gombe_vs_Mali_Faladje,NG_Gombe_vs_ML_Faladje,NG_Gombe vs ML_Faladje,With Nigeria,Nigeria_Gombe,Mali_Faladje,Nigeria,Mali,Gombe,Faladje,Nigeria vs Mali,Gombe vs Faladje,57,75,57,X,X:13393109-14393108,13393109,14393108,10000000,11000000,10.5,1000000,0-fold,CDS_DEG_0,default,Average Hudson's FST,0.0080550024012445,0.0027287931043127,20,success,,2.951855305011594
Selected_6pairs_1Mb_scan_3R_X,Nigeria_Gombe_vs_Mali_Faladje,NG_Gombe_vs_ML_Faladje,NG_Gombe vs ML_Faladje,With Nigeria,Nigeria_Gombe,Mali_Faladje,Nigeria,Mali,Gombe,Faladje,Nigeria vs Mali,Gombe vs Faladje,57,75,57,X,X:12393109-13393108,12393109,13393108,11000000,12000000,11.5,1000000,4-fold,CDS_DEG_4,default,Average Hudson's FST,0.0032536009845227,0.0010807299458081,20,success,,3.010558740546296
Selected_6pairs_1Mb_scan_3R_X,Nigeria_Gombe_vs_Mali_Faladje,NG_Gombe_vs_ML_Faladje,NG_Gombe vs ML_Faladje,With Nigeria,Nigeria_Gombe,Mali_Faladje,Nigeria,Mali,Gombe,Faladje,Nigeria vs Mali,Gombe vs Faladje,57,75,57,X,X:12393109-13393108,12393109,13393108,11000000,12000000,11.5,1000000,0-fold,CDS_DEG_0,default,Average Hudson's FST,0.0037177528095327,0.0017729892119384,20,success,,2.0968840557513038
Selected_6pairs_1Mb_scan_3R_X,Nigeria_Gombe_vs_Mali_Faladje,NG_Gombe_vs_ML_Faladje,NG_Gombe vs ML_Faladje,With Nigeria,Nigeria_Gombe,Mali_Faladje,Nigeria,Mali,Gombe,Faladje,Nigeria vs Mali,Gombe vs Faladje,57,75,57,X,X:11393109-12393108,11393109,12393108,12000000,13000000,12.5,1000000,4-fold,CDS_DEG_4,default,Average Hudson's FST,0.0019676350007847,0.0008804194867322,20,success,,2.2348835190913965
Selected_6pairs_1Mb_scan_3R_X,Nigeria_Gombe_vs_Mali_Faladje,NG_Gombe_vs_ML_Faladje,NG_Gombe vs ML_Faladje,With Nigeria,Nigeria_Gombe,Mali_Faladje,Nigeria,Mali,Gombe,Faladje,Nigeria vs Mali,Gombe vs Faladje,57,75,57,X,X:11393109-12393108,11393109,12393108,12000000,13000000,12.5,1000000,0-fold,CDS_DEG_0,default,Average Hudson's FST,0.0032477784435242,0.001195692337751,20,success,,2.716232546603926
Selected_6pairs_1Mb_scan_3R_X,Nigeria_Gombe_vs_Mali_Faladje,NG_Gombe_vs_ML_Faladje,NG_Gombe vs ML_Faladje,With Nigeria,Nigeria_Gombe,Mali_Faladje,Nigeria,Mali,Gombe,Faladje,Nigeria vs Mali,Gombe vs Faladje,57,75,57,X,X:10393109-11393108,10393109,11393108,13000000,14000000,13.5,1000000,4-fold,CDS_DEG_4,default,Average Hudson's FST,0.0004308842082271,0.0005727214675361,20,success,,0.7523451322347025
Selected_6pairs_1Mb_scan_3R_X,Nigeria_Gombe_vs_Mali_Faladje,NG_Gombe_vs_ML_Faladje,NG_Gombe vs ML_Faladje,With Nigeria,Nigeria_Gombe,Mali_Faladje,Nigeria,Mali,Gombe,Faladje,Nigeria vs Mali,Gombe vs Faladje,57,75,57,X,X:10393109-11393108,10393109,11393108,13000000,14000000,13.5,1000000,0-fold,CDS_DEG_0,default,Average Hudson's FST,0.0,0.0004842224397158,20,success,,0.0
Selected_6pairs_1Mb_scan_3R_X,Nigeria_Gombe_vs_Mali_Faladje,NG_Gombe_vs_ML_Faladje,NG_Gombe vs ML_Faladje,With Nigeria,Nigeria_Gombe,Mali_Faladje,Nigeria,Mali,Gombe,Faladje,Nigeria vs Mali,Gombe vs Faladje,57,75,57,X,X:9393109-10393108,9393109,10393108,14000000,15000000,14.5,1000000,4-fold,CDS_DEG_4,default,Average Hudson's FST,0.0020312121027106,0.0006134081666507,20,success,,3.3113548419176104
Selected_6pairs_1Mb_scan_3R_X,Nigeria_Gombe_vs_Mali_Faladje,NG_Gombe_vs_ML_Faladje,NG_Gombe vs ML_Faladje,With Nigeria,Nigeria_Gombe,Mali_Faladje,Nigeria,Mali,Gombe,Faladje,Nigeria vs Mali,Gombe vs Faladje,57,75,57,X,X:9393109-10393108,9393109,10393108,14000000,15000000,14.5,1000000,0-fold,CDS_DEG_0,default,Average Hudson's FST,0.0049456551140876,0.0027972945424673,20,success,,1.7680137143246202
Selected_6pairs_1Mb_scan_3R_X,Nigeria_Gombe_vs_Mali_Faladje,NG_Gombe_vs_ML_Faladje,NG_Gombe vs ML_Faladje,With Nigeria,Nigeria_Gombe,Mali_Faladje,Nigeria,Mali,Gombe,Faladje,Nigeria vs Mali,Gombe vs Faladje,57,75,57,X,X:8393109-9393108,8393109,9393108,15000000,16000000,15.5,1000000,4-fold,CDS_DEG_4,default,Average Hudson's FST,0.0079443460286777,0.0042833290078328,20,success,,1.85471300807155
Selected_6pairs_1Mb_scan_3R_X,Nigeria_Gombe_vs_Mali_Faladje,NG_Gombe_vs_ML_Faladje,NG_Gombe vs ML_Faladje,With Nigeria,Nigeria_Gombe,Mali_Faladje,Nigeria,Mali,Gombe,Faladje,Nigeria vs Mali,Gombe vs Faladje,57,75,57,X,X:8393109-9393108,8393109,9393108,15000000,16000000,15.5,1000000,0-fold,CDS_DEG_0,default,Average Hudson's FST,0.0097447576246227,0.0058221523438652,20,success,,1.6737380008427207
Selected_6pairs_1Mb_scan_3R_X,Nigeria_Gombe_vs_Mali_Faladje,NG_Gombe_vs_ML_Faladje,NG_Gombe vs ML_Faladje,With Nigeria,Nigeria_Gombe,Mali_Faladje,Nigeria,Mali,Gombe,Faladje,Nigeria vs Mali,Gombe vs Faladje,57,75,57,X,X:7393109-8393108,7393109,8393108,16000000,17000000,16.5,1000000,4-fold,CDS_DEG_4,default,Average Hudson's FST,0.0019385431545775,0.0009261337119747,20,success,,2.093156883841474
Selected_6pairs_1Mb_scan_3R_X,Nigeria_Gombe_vs_Mali_Faladje,NG_Gombe_vs_ML_Faladje,NG_Gombe vs ML_Faladje,With Nigeria,Nigeria_Gombe,Mali_Faladje,Nigeria,Mali,Gombe,Faladje,Nigeria vs Mali,Gombe vs Faladje,57,75,57,X,X:7393109-8393108,7393109,8393108,16000000,17000000,16.5,1000000,0-fold,CDS_DEG_0,default,Average Hudson's FST,0.0024526235717715,0.0007953788126951,20,success,,3.0835917837199003
Selected_6pairs_1Mb_scan_3R_X,Nigeria_Gombe_vs_Mali_Faladje,NG_Gombe_vs_ML_Faladje,NG_Gombe vs ML_Faladje,With Nigeria,Nigeria_Gombe,Mali_Faladje,Nigeria,Mali,Gombe,Faladje,Nigeria vs Mali,Gombe vs Faladje,57,75,57,X,X:6393109-7393108,6393109,7393108,17000000,18000000,17.5,1000000,4-fold,CDS_DEG_4,default,Average Hudson's FST,0.0010666101880496,0.0005781502218916,20,success,,1.8448668661924055
Selected_6pairs_1Mb_scan_3R_X,Nigeria_Gombe_vs_Mali_Faladje,NG_Gombe_vs_ML_Faladje,NG_Gombe vs ML_Faladje,With Nigeria,Nigeria_Gombe,Mali_Faladje,Nigeria,Mali,Gombe,Faladje,Nigeria vs Mali,Gombe vs Faladje,57,75,57,X,X:6393109-7393108,6393109,7393108,17000000,18000000,17.5,1000000,0-fold,CDS_DEG_0,default,Average Hudson's FST,0.0012747945345603,0.0007056390657619,20,success,,1.806581574652284
Selected_6pairs_1Mb_scan_3R_X,Nigeria_Gombe_vs_Mali_Faladje,NG_Gombe_vs_ML_Faladje,NG_Gombe vs ML_Faladje,With Nigeria,Nigeria_Gombe,Mali_Faladje,Nigeria,Mali,Gombe,Faladje,Nigeria vs Mali,Gombe vs Faladje,57,75,57,X,X:5393109-6393108,5393109,6393108,18000000,19000000,18.5,1000000,4-fold,CDS_DEG_4,default,Average Hudson's FST,0.000448918730221,0.0004271720409746,20,success,,1.0509085032737269
Selected_6pairs_1Mb_scan_3R_X,Nigeria_Gombe_vs_Mali_Faladje,NG_Gombe_vs_ML_Faladje,NG_Gombe vs ML_Faladje,With Nigeria,Nigeria_Gombe,Mali_Faladje,Nigeria,Mali,Gombe,Faladje,Nigeria vs Mali,Gombe vs Faladje,57,75,57,X,X:5393109-6393108,5393109,6393108,18000000,19000000,18.5,1000000,0-fold,CDS_DEG_0,default,Average Hudson's FST,0.0,0.000600744490997,20,success,,0.0
Selected_6pairs_1Mb_scan_3R_X,Nigeria_Gombe_vs_Mali_Faladje,NG_Gombe_vs_ML_Faladje,NG_Gombe vs ML_Faladje,With Nigeria,Nigeria_Gombe,Mali_Faladje,Nigeria,Mali,Gombe,Faladje,Nigeria vs Mali,Gombe vs Faladje,57,75,57,X,X:4393109-5393108,4393109,5393108,19000000,20000000,19.5,1000000,4-fold,CDS_DEG_4,default,Average Hudson's FST,0.0010332794781061,0.0005775127864369,20,success,,1.789188919056077
Selected_6pairs_1Mb_scan_3R_X,Nigeria_Gombe_vs_Mali_Faladje,NG_Gombe_vs_ML_Faladje,NG_Gombe vs ML_Faladje,With Nigeria,Nigeria_Gombe,Mali_Faladje,Nigeria,Mali,Gombe,Faladje,Nigeria vs Mali,Gombe vs Faladje,57,75,57,X,X:4393109-5393108,4393109,5393108,19000000,20000000,19.5,1000000,0-fold,CDS_DEG_0,default,Average Hudson's FST,0.0004983410458693,0.0005663082601214,20,success,,0.8799819479279187
Selected_6pairs_1Mb_scan_3R_X,Nigeria_Gombe_vs_Mali_Faladje,NG_Gombe_vs_ML_Faladje,NG_Gombe vs ML_Faladje,With Nigeria,Nigeria_Gombe,Mali_Faladje,Nigeria,Mali,Gombe,Faladje,Nigeria vs Mali,Gombe vs Faladje,57,75,57,X,X:3393109-4393108,3393109,4393108,20000000,21000000,20.5,1000000,4-fold,CDS_DEG_4,default,Average Hudson's FST,0.0007225425405929,0.0009168737175192,20,success,,0.7880502263145845
Selected_6pairs_1Mb_scan_3R_X,Nigeria_Gombe_vs_Mali_Faladje,NG_Gombe_vs_ML_Faladje,NG_Gombe vs ML_Faladje,With Nigeria,Nigeria_Gombe,Mali_Faladje,Nigeria,Mali,Gombe,Faladje,Nigeria vs Mali,Gombe vs Faladje,57,75,57,X,X:3393109-4393108,3393109,4393108,20000000,21000000,20.5,1000000,0-fold,CDS_DEG_0,default,Average Hudson's FST,0.0009712418877747,0.0011405581942361,20,success,,0.8515496120083542
Selected_6pairs_1Mb_scan_3R_X,Nigeria_Gombe_vs_Mali_Faladje,NG_Gombe_vs_ML_Faladje,NG_Gombe vs ML_Faladje,With Nigeria,Nigeria_Gombe,Mali_Faladje,Nigeria,Mali,Gombe,Faladje,Nigeria vs Mali,Gombe vs Faladje,57,75,57,X,X:2393109-3393108,2393109,3393108,21000000,22000000,21.5,1000000,4-fold,CDS_DEG_4,default,Average Hudson's FST,0.0017864011792154,0.000593171012397,20,success,,3.0116124049901987
Selected_6pairs_1Mb_scan_3R_X,Nigeria_Gombe_vs_Mali_Faladje,NG_Gombe_vs_ML_Faladje,NG_Gombe vs ML_Faladje,With Nigeria,Nigeria_Gombe,Mali_Faladje,Nigeria,Mali,Gombe,Faladje,Nigeria vs Mali,Gombe vs Faladje,57,75,57,X,X:2393109-3393108,2393109,3393108,21000000,22000000,21.5,1000000,0-fold,CDS_DEG_0,default,Average Hudson's FST,0.0016824063251245,0.0004924396599244,20,success,,3.4164720310764274
Selected_6pairs_1Mb_scan_3R_X,Nigeria_Gombe_vs_Mali_Faladje,NG_Gombe_vs_ML_Faladje,NG_Gombe vs ML_Faladje,With Nigeria,Nigeria_Gombe,Mali_Faladje,Nigeria,Mali,Gombe,Faladje,Nigeria vs Mali,Gombe vs Faladje,57,75,57,X,X:1393109-2393108,1393109,2393108,22000000,23000000,22.5,1000000,4-fold,CDS_DEG_4,default,Average Hudson's FST,0.0006058832750822,0.0004248406815146,20,success,,1.426142319803661
Selected_6pairs_1Mb_scan_3R_X,Nigeria_Gombe_vs_Mali_Faladje,NG_Gombe_vs_ML_Faladje,NG_Gombe vs ML_Faladje,With Nigeria,Nigeria_Gombe,Mali_Faladje,Nigeria,Mali,Gombe,Faladje,Nigeria vs Mali,Gombe vs Faladje,57,75,57,X,X:1393109-2393108,1393109,2393108,22000000,23000000,22.5,1000000,0-fold,CDS_DEG_0,default,Average Hudson's FST,0.0017343045680174,0.0005953060400978,20,success,,2.9132991288522443
Selected_6pairs_1Mb_scan_3R_X,Nigeria_Gombe_vs_Mali_Faladje,NG_Gombe_vs_ML_Faladje,NG_Gombe vs ML_Faladje,With Nigeria,Nigeria_Gombe,Mali_Faladje,Nigeria,Mali,Gombe,Faladje,Nigeria vs Mali,Gombe vs Faladje,57,75,57,X,X:393109-1393108,393109,1393108,23000000,24000000,23.5,1000000,4-fold,CDS_DEG_4,default,Average Hudson's FST,0.0011305840199048,0.0005202585920185,20,success,,2.1731193626584018
Selected_6pairs_1Mb_scan_3R_X,Nigeria_Gombe_vs_Mali_Faladje,NG_Gombe_vs_ML_Faladje,NG_Gombe vs ML_Faladje,With Nigeria,Nigeria_Gombe,Mali_Faladje,Nigeria,Mali,Gombe,Faladje,Nigeria vs Mali,Gombe vs Faladje,57,75,57,X,X:393109-1393108,393109,1393108,23000000,24000000,23.5,1000000,0-fold,CDS_DEG_0,default,Average Hudson's FST,0.0007833865460258,0.0005671991835866,20,success,,1.3811489309137774
Selected_6pairs_1Mb_scan_3R_X,BurkinaFaso_BanaVillage_vs_Guinea_Siguiri_Dankakoro,BF_BanaVil_vs_GN_Siguiri,BF_BanaVil vs GN_Siguiri,Without Nigeria,BurkinaFaso_BanaVillage,Guinea_Siguiri_Dankakoro,Burkina Faso,Guinea,Bana Village,Siguiri_Dankakoro,Burkina Faso vs Guinea,Bana Village vs Siguiri_Dankakoro,120,81,81,3R,3R:52200685-53200684,52200685,53200684,0,1000000,0.5,1000000,4-fold,CDS_DEG_4,default,Average Hudson's FST,0.0099333044524616,0.007745736055588,20,success,,1.2824222748069791
Selected_6pairs_1Mb_scan_3R_X,BurkinaFaso_BanaVillage_vs_Guinea_Siguiri_Dankakoro,BF_BanaVil_vs_GN_Siguiri,BF_BanaVil vs GN_Siguiri,Without Nigeria,BurkinaFaso_BanaVillage,Guinea_Siguiri_Dankakoro,Burkina Faso,Guinea,Bana Village,Siguiri_Dankakoro,Burkina Faso vs Guinea,Bana Village vs Siguiri_Dankakoro,120,81,81,3R,3R:52200685-53200684,52200685,53200684,0,1000000,0.5,1000000,0-fold,CDS_DEG_0,default,Average Hudson's FST,0.0035548556123291,0.0022608914570223,20,success,,1.5723247576913806
Selected_6pairs_1Mb_scan_3R_X,BurkinaFaso_BanaVillage_vs_Guinea_Siguiri_Dankakoro,BF_BanaVil_vs_GN_Siguiri,BF_BanaVil vs GN_Siguiri,Without Nigeria,BurkinaFaso_BanaVillage,Guinea_Siguiri_Dankakoro,Burkina Faso,Guinea,Bana Village,Siguiri_Dankakoro,Burkina Faso vs Guinea,Bana Village vs Siguiri_Dankakoro,120,81,81,3R,3R:51200685-52200684,51200685,52200684,1000000,2000000,1.5,1000000,4-fold,CDS_DEG_4,default,Average Hudson's FST,0.0002315560136876,0.0004561760580242,20,success,,0.5076022943652952
Selected_6pairs_1Mb_scan_3R_X,BurkinaFaso_BanaVillage_vs_Guinea_Siguiri_Dankakoro,BF_BanaVil_vs_GN_Siguiri,BF_BanaVil vs GN_Siguiri,Without Nigeria,BurkinaFaso_BanaVillage,Guinea_Siguiri_Dankakoro,Burkina Faso,Guinea,Bana Village,Siguiri_Dankakoro,Burkina Faso vs Guinea,Bana Village vs Siguiri_Dankakoro,120,81,81,3R,3R:51200685-52200684,51200685,52200684,1000000,2000000,1.5,1000000,0-fold,CDS_DEG_0,default,Average Hudson's FST,0.0,0.0004217162902181,20,success,,0.0
Selected_6pairs_1Mb_scan_3R_X,BurkinaFaso_BanaVillage_vs_Guinea_Siguiri_Dankakoro,BF_BanaVil_vs_GN_Siguiri,BF_BanaVil vs GN_Siguiri,Without Nigeria,BurkinaFaso_BanaVillage,Guinea_Siguiri_Dankakoro,Burkina Faso,Guinea,Bana Village,Siguiri_Dankakoro,Burkina Faso vs Guinea,Bana Village vs Siguiri_Dankakoro,120,81,81,3R,3R:50200685-51200684,50200685,51200684,2000000,3000000,2.5,1000000,4-fold,CDS_DEG_4,default,Average Hudson's FST,0.0,0.0003575267077728,20,success,,0.0
Selected_6pairs_1Mb_scan_3R_X,BurkinaFaso_BanaVillage_vs_Guinea_Siguiri_Dankakoro,BF_BanaVil_vs_GN_Siguiri,BF_BanaVil vs GN_Siguiri,Without Nigeria,BurkinaFaso_BanaVillage,Guinea_Siguiri_Dankakoro,Burkina Faso,Guinea,Bana Village,Siguiri_Dankakoro,Burkina Faso vs Guinea,Bana Village vs Siguiri_Dankakoro,120,81,81,3R,3R:50200685-51200684,50200685,51200684,2000000,3000000,2.5,1000000,0-fold,CDS_DEG_0,default,Average Hudson's FST,0.0,0.0004639711113034,20,success,,0.0
Selected_6pairs_1Mb_scan_3R_X,BurkinaFaso_BanaVillage_vs_Guinea_Siguiri_Dankakoro,BF_BanaVil_vs_GN_Siguiri,BF_BanaVil vs GN_Siguiri,Without Nigeria,BurkinaFaso_BanaVillage,Guinea_Siguiri_Dankakoro,Burkina Faso,Guinea,Bana Village,Siguiri_Dankakoro,Burkina Faso vs Guinea,Bana Village vs Siguiri_Dankakoro,120,81,81,3R,3R:49200685-50200684,49200685,50200684,3000000,4000000,3.5,1000000,4-fold,CDS_DEG_4,default,Average Hudson's FST,0.0004055002200681,0.0005000315062033,20,success,,0.8109493402666391
Selected_6pairs_1Mb_scan_3R_X,BurkinaFaso_BanaVillage_vs_Guinea_Siguiri_Dankakoro,BF_BanaVil_vs_GN_Siguiri,BF_BanaVil vs GN_Siguiri,Without Nigeria,BurkinaFaso_BanaVillage,Guinea_Siguiri_Dankakoro,Burkina Faso,Guinea,Bana Village,Siguiri_Dankakoro,Burkina Faso vs Guinea,Bana Village vs Siguiri_Dankakoro,120,81,81,3R,3R:49200685-50200684,49200685,50200684,3000000,4000000,3.5,1000000,0-fold,CDS_DEG_0,default,Average Hudson's FST,0.0,0.000372426803975,20,success,,0.0
Selected_6pairs_1Mb_scan_3R_X,BurkinaFaso_BanaVillage_vs_Guinea_Siguiri_Dankakoro,BF_BanaVil_vs_GN_Siguiri,BF_BanaVil vs GN_Siguiri,Without Nigeria,BurkinaFaso_BanaVillage,Guinea_Siguiri_Dankakoro,Burkina Faso,Guinea,Bana Village,Siguiri_Dankakoro,Burkina Faso vs Guinea,Bana Village vs Siguiri_Dankakoro,120,81,81,3R,3R:48200685-49200684,48200685,49200684,4000000,5000000,4.5,1000000,4-fold,CDS_DEG_4,default,Average Hudson's FST,0.0,0.0003921758675882,20,success,,0.0
Selected_6pairs_1Mb_scan_3R_X,BurkinaFaso_BanaVillage_vs_Guinea_Siguiri_Dankakoro,BF_BanaVil_vs_GN_Siguiri,BF_BanaVil vs GN_Siguiri,Without Nigeria,BurkinaFaso_BanaVillage,Guinea_Siguiri_Dankakoro,Burkina Faso,Guinea,Bana Village,Siguiri_Dankakoro,Burkina Faso vs Guinea,Bana Village vs Siguiri_Dankakoro,120,81,81,3R,3R:48200685-49200684,48200685,49200684,4000000,5000000,4.5,1000000,0-fold,CDS_DEG_0,default,Average Hudson's FST,0.0004332348338812,0.0006727283505859,20,success,,0.6439966942137675
Selected_6pairs_1Mb_scan_3R_X,BurkinaFaso_BanaVillage_vs_Guinea_Siguiri_Dankakoro,BF_BanaVil_vs_GN_Siguiri,BF_BanaVil vs GN_Siguiri,Without Nigeria,BurkinaFaso_BanaVillage,Guinea_Siguiri_Dankakoro,Burkina Faso,Guinea,Bana Village,Siguiri_Dankakoro,Burkina Faso vs Guinea,Bana Village vs Siguiri_Dankakoro,120,81,81,3R,3R:47200685-48200684,47200685,48200684,5000000,6000000,5.5,1000000,4-fold,CDS_DEG_4,default,Average Hudson's FST,0.0001172557938965,0.000420371807834,20,success,,0.2789335338653418
Selected_6pairs_1Mb_scan_3R_X,BurkinaFaso_BanaVillage_vs_Guinea_Siguiri_Dankakoro,BF_BanaVil_vs_GN_Siguiri,BF_BanaVil vs GN_Siguiri,Without Nigeria,BurkinaFaso_BanaVillage,Guinea_Siguiri_Dankakoro,Burkina Faso,Guinea,Bana Village,Siguiri_Dankakoro,Burkina Faso vs Guinea,Bana Village vs Siguiri_Dankakoro,120,81,81,3R,3R:47200685-48200684,47200685,48200684,5000000,6000000,5.5,1000000,0-fold,CDS_DEG_0,default,Average Hudson's FST,0.0,0.000490313378948,20,success,,0.0
Selected_6pairs_1Mb_scan_3R_X,BurkinaFaso_BanaVillage_vs_Guinea_Siguiri_Dankakoro,BF_BanaVil_vs_GN_Siguiri,BF_BanaVil vs GN_Siguiri,Without Nigeria,BurkinaFaso_BanaVillage,Guinea_Siguiri_Dankakoro,Burkina Faso,Guinea,Bana Village,Siguiri_Dankakoro,Burkina Faso vs Guinea,Bana Village vs Siguiri_Dankakoro,120,81,81,3R,3R:46200685-47200684,46200685,47200684,6000000,7000000,6.5,1000000,4-fold,CDS_DEG_4,default,Average Hudson's FST,0.0,0.0003519386461627,20,success,,0.0
Selected_6pairs_1Mb_scan_3R_X,BurkinaFaso_BanaVillage_vs_Guinea_Siguiri_Dankakoro,BF_BanaVil_vs_GN_Siguiri,BF_BanaVil vs GN_Siguiri,Without Nigeria,BurkinaFaso_BanaVillage,Guinea_Siguiri_Dankakoro,Burkina Faso,Guinea,Bana Village,Siguiri_Dankakoro,Burkina Faso vs Guinea,Bana Village vs Siguiri_Dankakoro,120,81,81,3R,3R:46200685-47200684,46200685,47200684,6000000,7000000,6.5,1000000,0-fold,CDS_DEG_0,default,Average Hudson's FST,0.0,0.0004754496850898,20,success,,0.0
Selected_6pairs_1Mb_scan_3R_X,BurkinaFaso_BanaVillage_vs_Guinea_Siguiri_Dankakoro,BF_BanaVil_vs_GN_Siguiri,BF_BanaVil vs GN_Siguiri,Without Nigeria,BurkinaFaso_BanaVillage,Guinea_Siguiri_Dankakoro,Burkina Faso,Guinea,Bana Village,Siguiri_Dankakoro,Burkina Faso vs Guinea,Bana Village vs Siguiri_Dankakoro,120,81,81,3R,3R:45200685-46200684,45200685,46200684,7000000,8000000,7.5,1000000,4-fold,CDS_DEG_4,default,Average Hudson's FST,0.0008167882470794,0.0005757595095566,20,success,,1.418627453862498
Selected_6pairs_1Mb_scan_3R_X,BurkinaFaso_BanaVillage_vs_Guinea_Siguiri_Dankakoro,BF_BanaVil_vs_GN_Siguiri,BF_BanaVil vs GN_Siguiri,Without Nigeria,BurkinaFaso_BanaVillage,Guinea_Siguiri_Dankakoro,Burkina Faso,Guinea,Bana Village,Siguiri_Dankakoro,Burkina Faso vs Guinea,Bana Village vs Siguiri_Dankakoro,120,81,81,3R,3R:45200685-46200684,45200685,46200684,7000000,8000000,7.5,1000000,0-fold,CDS_DEG_0,default,Average Hudson's FST,0.0012981841206191,0.0007444626089173,20,success,,1.7437868672908878
Selected_6pairs_1Mb_scan_3R_X,BurkinaFaso_BanaVillage_vs_Guinea_Siguiri_Dankakoro,BF_BanaVil_vs_GN_Siguiri,BF_BanaVil vs GN_Siguiri,Without Nigeria,BurkinaFaso_BanaVillage,Guinea_Siguiri_Dankakoro,Burkina Faso,Guinea,Bana Village,Siguiri_Dankakoro,Burkina Faso vs Guinea,Bana Village vs Siguiri_Dankakoro,120,81,81,3R,3R:44200685-45200684,44200685,45200684,8000000,9000000,8.5,1000000,4-fold,CDS_DEG_4,default,Average Hudson's FST,0.0004650246636588,0.0004407685152073,20,success,,1.0550314907136502
Selected_6pairs_1Mb_scan_3R_X,BurkinaFaso_BanaVillage_vs_Guinea_Siguiri_Dankakoro,BF_BanaVil_vs_GN_Siguiri,BF_BanaVil vs GN_Siguiri,Without Nigeria,BurkinaFaso_BanaVillage,Guinea_Siguiri_Dankakoro,Burkina Faso,Guinea,Bana Village,Siguiri_Dankakoro,Burkina Faso vs Guinea,Bana Village vs Siguiri_Dankakoro,120,81,81,3R,3R:44200685-45200684,44200685,45200684,8000000,9000000,8.5,1000000,0-fold,CDS_DEG_0,default,Average Hudson's FST,0.0005010231092312,0.0004800248288107,20,success,,1.043744154802419
Selected_6pairs_1Mb_scan_3R_X,BurkinaFaso_BanaVillage_vs_Guinea_Siguiri_Dankakoro,BF_BanaVil_vs_GN_Siguiri,BF_BanaVil vs GN_Siguiri,Without Nigeria,BurkinaFaso_BanaVillage,Guinea_Siguiri_Dankakoro,Burkina Faso,Guinea,Bana Village,Siguiri_Dankakoro,Burkina Faso vs Guinea,Bana Village vs Siguiri_Dankakoro,120,81,81,3R,3R:43200685-44200684,43200685,44200684,9000000,10000000,9.5,1000000,4-fold,CDS_DEG_4,default,Average Hudson's FST,0.0002100401559859,0.000329863744759,20,success,,0.6367482311199624
Selected_6pairs_1Mb_scan_3R_X,BurkinaFaso_BanaVillage_vs_Guinea_Siguiri_Dankakoro,BF_BanaVil_vs_GN_Siguiri,BF_BanaVil vs GN_Siguiri,Without Nigeria,BurkinaFaso_BanaVillage,Guinea_Siguiri_Dankakoro,Burkina Faso,Guinea,Bana Village,Siguiri_Dankakoro,Burkina Faso vs Guinea,Bana Village vs Siguiri_Dankakoro,120,81,81,3R,3R:43200685-44200684,43200685,44200684,9000000,10000000,9.5,1000000,0-fold,CDS_DEG_0,default,Average Hudson's FST,0.0004354868235955,0.0004177972074404,20,success,,1.042340197205898
Selected_6pairs_1Mb_scan_3R_X,BurkinaFaso_BanaVillage_vs_Guinea_Siguiri_Dankakoro,BF_BanaVil_vs_GN_Siguiri,BF_BanaVil vs GN_Siguiri,Without Nigeria,BurkinaFaso_BanaVillage,Guinea_Siguiri_Dankakoro,Burkina Faso,Guinea,Bana Village,Siguiri_Dankakoro,Burkina Faso vs Guinea,Bana Village vs Siguiri_Dankakoro,120,81,81,3R,3R:42200685-43200684,42200685,43200684,10000000,11000000,10.5,1000000,4-fold,CDS_DEG_4,default,Average Hudson's FST,0.0006381544123626,0.0006652764985644,20,success,,0.9592318588431625
Selected_6pairs_1Mb_scan_3R_X,BurkinaFaso_BanaVillage_vs_Guinea_Siguiri_Dankakoro,BF_BanaVil_vs_GN_Siguiri,BF_BanaVil vs GN_Siguiri,Without Nigeria,BurkinaFaso_BanaVillage,Guinea_Siguiri_Dankakoro,Burkina Faso,Guinea,Bana Village,Siguiri_Dankakoro,Burkina Faso vs Guinea,Bana Village vs Siguiri_Dankakoro,120,81,81,3R,3R:42200685-43200684,42200685,43200684,10000000,11000000,10.5,1000000,0-fold,CDS_DEG_0,default,Average Hudson's FST,0.0,0.0005450187643064,20,success,,0.0
Selected_6pairs_1Mb_scan_3R_X,BurkinaFaso_BanaVillage_vs_Guinea_Siguiri_Dankakoro,BF_BanaVil_vs_GN_Siguiri,BF_BanaVil vs GN_Siguiri,Without Nigeria,BurkinaFaso_BanaVillage,Guinea_Siguiri_Dankakoro,Burkina Faso,Guinea,Bana Village,Siguiri_Dankakoro,Burkina Faso vs Guinea,Bana Village vs Siguiri_Dankakoro,120,81,81,3R,3R:41200685-42200684,41200685,42200684,11000000,12000000,11.5,1000000,4-fold,CDS_DEG_4,default,Average Hudson's FST,0.0005286045655293,0.0005485444590032,20,success,,0.9636494487427069
Selected_6pairs_1Mb_scan_3R_X,BurkinaFaso_BanaVillage_vs_Guinea_Siguiri_Dankakoro,BF_BanaVil_vs_GN_Siguiri,BF_BanaVil vs GN_Siguiri,Without Nigeria,BurkinaFaso_BanaVillage,Guinea_Siguiri_Dankakoro,Burkina Faso,Guinea,Bana Village,Siguiri_Dankakoro,Burkina Faso vs Guinea,Bana Village vs Siguiri_Dankakoro,120,81,81,3R,3R:41200685-42200684,41200685,42200684,11000000,12000000,11.5,1000000,0-fold,CDS_DEG_0,default,Average Hudson's FST,0.0010578482183179,0.0010387405774672,20,success,,1.0183950076325032
Selected_6pairs_1Mb_scan_3R_X,BurkinaFaso_BanaVillage_vs_Guinea_Siguiri_Dankakoro,BF_BanaVil_vs_GN_Siguiri,BF_BanaVil vs GN_Siguiri,Without Nigeria,BurkinaFaso_BanaVillage,Guinea_Siguiri_Dankakoro,Burkina Faso,Guinea,Bana Village,Siguiri_Dankakoro,Burkina Faso vs Guinea,Bana Village vs Siguiri_Dankakoro,120,81,81,3R,3R:40200685-41200684,40200685,41200684,12000000,13000000,12.5,1000000,4-fold,CDS_DEG_4,default,Average Hudson's FST,0.0,0.0009038809494965,20,success,,0.0
Selected_6pairs_1Mb_scan_3R_X,BurkinaFaso_BanaVillage_vs_Guinea_Siguiri_Dankakoro,BF_BanaVil_vs_GN_Siguiri,BF_BanaVil vs GN_Siguiri,Without Nigeria,BurkinaFaso_BanaVillage,Guinea_Siguiri_Dankakoro,Burkina Faso,Guinea,Bana Village,Siguiri_Dankakoro,Burkina Faso vs Guinea,Bana Village vs Siguiri_Dankakoro,120,81,81,3R,3R:40200685-41200684,40200685,41200684,12000000,13000000,12.5,1000000,0-fold,CDS_DEG_0,default,Average Hudson's FST,0.0,0.0008842905514794,20,success,,0.0
Selected_6pairs_1Mb_scan_3R_X,BurkinaFaso_BanaVillage_vs_Guinea_Siguiri_Dankakoro,BF_BanaVil_vs_GN_Siguiri,BF_BanaVil vs GN_Siguiri,Without Nigeria,BurkinaFaso_BanaVillage,Guinea_Siguiri_Dankakoro,Burkina Faso,Guinea,Bana Village,Siguiri_Dankakoro,Burkina Faso vs Guinea,Bana Village vs Siguiri_Dankakoro,120,81,81,3R,3R:39200685-40200684,39200685,40200684,13000000,14000000,13.5,1000000,4-fold,CDS_DEG_4,default,Average Hudson's FST,0.0036285125475884,0.0019283967237466,20,success,,1.881621402331942
Selected_6pairs_1Mb_scan_3R_X,BurkinaFaso_BanaVillage_vs_Guinea_Siguiri_Dankakoro,BF_BanaVil_vs_GN_Siguiri,BF_BanaVil vs GN_Siguiri,Without Nigeria,BurkinaFaso_BanaVillage,Guinea_Siguiri_Dankakoro,Burkina Faso,Guinea,Bana Village,Siguiri_Dankakoro,Burkina Faso vs Guinea,Bana Village vs Siguiri_Dankakoro,120,81,81,3R,3R:39200685-40200684,39200685,40200684,13000000,14000000,13.5,1000000,0-fold,CDS_DEG_0,default,Average Hudson's FST,0.0054313245501015,0.0014399623448084,20,success,,3.771851791599583
Selected_6pairs_1Mb_scan_3R_X,BurkinaFaso_BanaVillage_vs_Guinea_Siguiri_Dankakoro,BF_BanaVil_vs_GN_Siguiri,BF_BanaVil vs GN_Siguiri,Without Nigeria,BurkinaFaso_BanaVillage,Guinea_Siguiri_Dankakoro,Burkina Faso,Guinea,Bana Village,Siguiri_Dankakoro,Burkina Faso vs Guinea,Bana Village vs Siguiri_Dankakoro,120,81,81,3R,3R:38200685-39200684,38200685,39200684,14000000,15000000,14.5,1000000,4-fold,CDS_DEG_4,default,Average Hudson's FST,0.0,0.0004681667705467,20,success,,0.0
Selected_6pairs_1Mb_scan_3R_X,BurkinaFaso_BanaVillage_vs_Guinea_Siguiri_Dankakoro,BF_BanaVil_vs_GN_Siguiri,BF_BanaVil vs GN_Siguiri,Without Nigeria,BurkinaFaso_BanaVillage,Guinea_Siguiri_Dankakoro,Burkina Faso,Guinea,Bana Village,Siguiri_Dankakoro,Burkina Faso vs Guinea,Bana Village vs Siguiri_Dankakoro,120,81,81,3R,3R:38200685-39200684,38200685,39200684,14000000,15000000,14.5,1000000,0-fold,CDS_DEG_0,default,Average Hudson's FST,0.0,0.0005952344419148,20,success,,0.0
Selected_6pairs_1Mb_scan_3R_X,BurkinaFaso_BanaVillage_vs_Guinea_Siguiri_Dankakoro,BF_BanaVil_vs_GN_Siguiri,BF_BanaVil vs GN_Siguiri,Without Nigeria,BurkinaFaso_BanaVillage,Guinea_Siguiri_Dankakoro,Burkina Faso,Guinea,Bana Village,Siguiri_Dankakoro,Burkina Faso vs Guinea,Bana Village vs Siguiri_Dankakoro,120,81,81,3R,3R:37200685-38200684,37200685,38200684,15000000,16000000,15.5,1000000,4-fold,CDS_DEG_4,default,Average Hudson's FST,0.0003367438615767,0.0005121682388761,20,success,,0.6574868100287699
Selected_6pairs_1Mb_scan_3R_X,BurkinaFaso_BanaVillage_vs_Guinea_Siguiri_Dankakoro,BF_BanaVil_vs_GN_Siguiri,BF_BanaVil vs GN_Siguiri,Without Nigeria,BurkinaFaso_BanaVillage,Guinea_Siguiri_Dankakoro,Burkina Faso,Guinea,Bana Village,Siguiri_Dankakoro,Burkina Faso vs Guinea,Bana Village vs Siguiri_Dankakoro,120,81,81,3R,3R:37200685-38200684,37200685,38200684,15000000,16000000,15.5,1000000,0-fold,CDS_DEG_0,default,Average Hudson's FST,0.0,0.0004214510580163,20,success,,0.0
Selected_6pairs_1Mb_scan_3R_X,BurkinaFaso_BanaVillage_vs_Guinea_Siguiri_Dankakoro,BF_BanaVil_vs_GN_Siguiri,BF_BanaVil vs GN_Siguiri,Without Nigeria,BurkinaFaso_BanaVillage,Guinea_Siguiri_Dankakoro,Burkina Faso,Guinea,Bana Village,Siguiri_Dankakoro,Burkina Faso vs Guinea,Bana Village vs Siguiri_Dankakoro,120,81,81,3R,3R:36200685-37200684,36200685,37200684,16000000,17000000,16.5,1000000,4-fold,CDS_DEG_4,default,Average Hudson's FST,9.205242572406476e-05,0.0002392131217165,20,success,,0.38481344611672
Selected_6pairs_1Mb_scan_3R_X,BurkinaFaso_BanaVillage_vs_Guinea_Siguiri_Dankakoro,BF_BanaVil_vs_GN_Siguiri,BF_BanaVil vs GN_Siguiri,Without Nigeria,BurkinaFaso_BanaVillage,Guinea_Siguiri_Dankakoro,Burkina Faso,Guinea,Bana Village,Siguiri_Dankakoro,Burkina Faso vs Guinea,Bana Village vs Siguiri_Dankakoro,120,81,81,3R,3R:36200685-37200684,36200685,37200684,16000000,17000000,16.5,1000000,0-fold,CDS_DEG_0,default,Average Hudson's FST,0.0006543595995997,0.0004134248261523,20,success,,1.582777710012613
Selected_6pairs_1Mb_scan_3R_X,BurkinaFaso_BanaVillage_vs_Guinea_Siguiri_Dankakoro,BF_BanaVil_vs_GN_Siguiri,BF_BanaVil vs GN_Siguiri,Without Nigeria,BurkinaFaso_BanaVillage,Guinea_Siguiri_Dankakoro,Burkina Faso,Guinea,Bana Village,Siguiri_Dankakoro,Burkina Faso vs Guinea,Bana Village vs Siguiri_Dankakoro,120,81,81,3R,3R:35200685-36200684,35200685,36200684,17000000,18000000,17.5,1000000,4-fold,CDS_DEG_4,default,Average Hudson's FST,0.0004253757712632,0.0002665302204503,20,success,,1.595975760439218
Selected_6pairs_1Mb_scan_3R_X,BurkinaFaso_BanaVillage_vs_Guinea_Siguiri_Dankakoro,BF_BanaVil_vs_GN_Siguiri,BF_BanaVil vs GN_Siguiri,Without Nigeria,BurkinaFaso_BanaVillage,Guinea_Siguiri_Dankakoro,Burkina Faso,Guinea,Bana Village,Siguiri_Dankakoro,Burkina Faso vs Guinea,Bana Village vs Siguiri_Dankakoro,120,81,81,3R,3R:35200685-36200684,35200685,36200684,17000000,18000000,17.5,1000000,0-fold,CDS_DEG_0,default,Average Hudson's FST,0.0008135474534167,0.0004318472826332,20,success,,1.8838776718845451
Selected_6pairs_1Mb_scan_3R_X,BurkinaFaso_BanaVillage_vs_Guinea_Siguiri_Dankakoro,BF_BanaVil_vs_GN_Siguiri,BF_BanaVil vs GN_Siguiri,Without Nigeria,BurkinaFaso_BanaVillage,Guinea_Siguiri_Dankakoro,Burkina Faso,Guinea,Bana Village,Siguiri_Dankakoro,Burkina Faso vs Guinea,Bana Village vs Siguiri_Dankakoro,120,81,81,3R,3R:34200685-35200684,34200685,35200684,18000000,19000000,18.5,1000000,4-fold,CDS_DEG_4,default,Average Hudson's FST,0.0,0.0002132504200306,20,success,,0.0
Selected_6pairs_1Mb_scan_3R_X,BurkinaFaso_BanaVillage_vs_Guinea_Siguiri_Dankakoro,BF_BanaVil_vs_GN_Siguiri,BF_BanaVil vs GN_Siguiri,Without Nigeria,BurkinaFaso_BanaVillage,Guinea_Siguiri_Dankakoro,Burkina Faso,Guinea,Bana Village,Siguiri_Dankakoro,Burkina Faso vs Guinea,Bana Village vs Siguiri_Dankakoro,120,81,81,3R,3R:34200685-35200684,34200685,35200684,18000000,19000000,18.5,1000000,0-fold,CDS_DEG_0,default,Average Hudson's FST,0.0002515890568711,0.0005085677905783,20,success,,0.49470112250918274
Selected_6pairs_1Mb_scan_3R_X,BurkinaFaso_BanaVillage_vs_Guinea_Siguiri_Dankakoro,BF_BanaVil_vs_GN_Siguiri,BF_BanaVil vs GN_Siguiri,Without Nigeria,BurkinaFaso_BanaVillage,Guinea_Siguiri_Dankakoro,Burkina Faso,Guinea,Bana Village,Siguiri_Dankakoro,Burkina Faso vs Guinea,Bana Village vs Siguiri_Dankakoro,120,81,81,3R,3R:33200685-34200684,33200685,34200684,19000000,20000000,19.5,1000000,4-fold,CDS_DEG_4,default,Average Hudson's FST,0.0,0.000286610130516,20,success,,0.0
Selected_6pairs_1Mb_scan_3R_X,BurkinaFaso_BanaVillage_vs_Guinea_Siguiri_Dankakoro,BF_BanaVil_vs_GN_Siguiri,BF_BanaVil vs GN_Siguiri,Without Nigeria,BurkinaFaso_BanaVillage,Guinea_Siguiri_Dankakoro,Burkina Faso,Guinea,Bana Village,Siguiri_Dankakoro,Burkina Faso vs Guinea,Bana Village vs Siguiri_Dankakoro,120,81,81,3R,3R:33200685-34200684,33200685,34200684,19000000,20000000,19.5,1000000,0-fold,CDS_DEG_0,default,Average Hudson's FST,0.0,0.0004364456323192,20,success,,0.0
Selected_6pairs_1Mb_scan_3R_X,BurkinaFaso_BanaVillage_vs_Guinea_Siguiri_Dankakoro,BF_BanaVil_vs_GN_Siguiri,BF_BanaVil vs GN_Siguiri,Without Nigeria,BurkinaFaso_BanaVillage,Guinea_Siguiri_Dankakoro,Burkina Faso,Guinea,Bana Village,Siguiri_Dankakoro,Burkina Faso vs Guinea,Bana Village vs Siguiri_Dankakoro,120,81,81,3R,3R:32200685-33200684,32200685,33200684,20000000,21000000,20.5,1000000,4-fold,CDS_DEG_4,default,Average Hudson's FST,0.0011060632110469,0.0006092643127838,20,success,,1.815407841619949
Selected_6pairs_1Mb_scan_3R_X,BurkinaFaso_BanaVillage_vs_Guinea_Siguiri_Dankakoro,BF_BanaVil_vs_GN_Siguiri,BF_BanaVil vs GN_Siguiri,Without Nigeria,BurkinaFaso_BanaVillage,Guinea_Siguiri_Dankakoro,Burkina Faso,Guinea,Bana Village,Siguiri_Dankakoro,Burkina Faso vs Guinea,Bana Village vs Siguiri_Dankakoro,120,81,81,3R,3R:32200685-33200684,32200685,33200684,20000000,21000000,20.5,1000000,0-fold,CDS_DEG_0,default,Average Hudson's FST,0.0006531708798531,0.0009031887681093,20,success,,0.7231831295028418
Selected_6pairs_1Mb_scan_3R_X,BurkinaFaso_BanaVillage_vs_Guinea_Siguiri_Dankakoro,BF_BanaVil_vs_GN_Siguiri,BF_BanaVil vs GN_Siguiri,Without Nigeria,BurkinaFaso_BanaVillage,Guinea_Siguiri_Dankakoro,Burkina Faso,Guinea,Bana Village,Siguiri_Dankakoro,Burkina Faso vs Guinea,Bana Village vs Siguiri_Dankakoro,120,81,81,3R,3R:31200685-32200684,31200685,32200684,21000000,22000000,21.5,1000000,4-fold,CDS_DEG_4,default,Average Hudson's FST,0.0,0.0001885265897373,20,success,,0.0
Selected_6pairs_1Mb_scan_3R_X,BurkinaFaso_BanaVillage_vs_Guinea_Siguiri_Dankakoro,BF_BanaVil_vs_GN_Siguiri,BF_BanaVil vs GN_Siguiri,Without Nigeria,BurkinaFaso_BanaVillage,Guinea_Siguiri_Dankakoro,Burkina Faso,Guinea,Bana Village,Siguiri_Dankakoro,Burkina Faso vs Guinea,Bana Village vs Siguiri_Dankakoro,120,81,81,3R,3R:31200685-32200684,31200685,32200684,21000000,22000000,21.5,1000000,0-fold,CDS_DEG_0,default,Average Hudson's FST,0.0,0.0003111611515087,20,success,,0.0
Selected_6pairs_1Mb_scan_3R_X,BurkinaFaso_BanaVillage_vs_Guinea_Siguiri_Dankakoro,BF_BanaVil_vs_GN_Siguiri,BF_BanaVil vs GN_Siguiri,Without Nigeria,BurkinaFaso_BanaVillage,Guinea_Siguiri_Dankakoro,Burkina Faso,Guinea,Bana Village,Siguiri_Dankakoro,Burkina Faso vs Guinea,Bana Village vs Siguiri_Dankakoro,120,81,81,3R,3R:30200685-31200684,30200685,31200684,22000000,23000000,22.5,1000000,4-fold,CDS_DEG_4,default,Average Hudson's FST,0.0,0.0002130425983001,20,success,,0.0
Selected_6pairs_1Mb_scan_3R_X,BurkinaFaso_BanaVillage_vs_Guinea_Siguiri_Dankakoro,BF_BanaVil_vs_GN_Siguiri,BF_BanaVil vs GN_Siguiri,Without Nigeria,BurkinaFaso_BanaVillage,Guinea_Siguiri_Dankakoro,Burkina Faso,Guinea,Bana Village,Siguiri_Dankakoro,Burkina Faso vs Guinea,Bana Village vs Siguiri_Dankakoro,120,81,81,3R,3R:30200685-31200684,30200685,31200684,22000000,23000000,22.5,1000000,0-fold,CDS_DEG_0,default,Average Hudson's FST,0.000497089443349,0.0004731636684256,20,success,,1.0505655368743978
Selected_6pairs_1Mb_scan_3R_X,BurkinaFaso_BanaVillage_vs_Guinea_Siguiri_Dankakoro,BF_BanaVil_vs_GN_Siguiri,BF_BanaVil vs GN_Siguiri,Without Nigeria,BurkinaFaso_BanaVillage,Guinea_Siguiri_Dankakoro,Burkina Faso,Guinea,Bana Village,Siguiri_Dankakoro,Burkina Faso vs Guinea,Bana Village vs Siguiri_Dankakoro,120,81,81,3R,3R:29200685-30200684,29200685,30200684,23000000,24000000,23.5,1000000,4-fold,CDS_DEG_4,default,Average Hudson's FST,0.0,0.0003427312304544,20,success,,0.0
Selected_6pairs_1Mb_scan_3R_X,BurkinaFaso_BanaVillage_vs_Guinea_Siguiri_Dankakoro,BF_BanaVil_vs_GN_Siguiri,BF_BanaVil vs GN_Siguiri,Without Nigeria,BurkinaFaso_BanaVillage,Guinea_Siguiri_Dankakoro,Burkina Faso,Guinea,Bana Village,Siguiri_Dankakoro,Burkina Faso vs Guinea,Bana Village vs Siguiri_Dankakoro,120,81,81,3R,3R:29200685-30200684,29200685,30200684,23000000,24000000,23.5,1000000,0-fold,CDS_DEG_0,default,Average Hudson's FST,0.0002383507462243,0.0006244932048556,20,success,,0.3816706801147873
Selected_6pairs_1Mb_scan_3R_X,BurkinaFaso_BanaVillage_vs_Guinea_Siguiri_Dankakoro,BF_BanaVil_vs_GN_Siguiri,BF_BanaVil vs GN_Siguiri,Without Nigeria,BurkinaFaso_BanaVillage,Guinea_Siguiri_Dankakoro,Burkina Faso,Guinea,Bana Village,Siguiri_Dankakoro,Burkina Faso vs Guinea,Bana Village vs Siguiri_Dankakoro,120,81,81,3R,3R:28200685-29200684,28200685,29200684,24000000,25000000,24.5,1000000,4-fold,CDS_DEG_4,default,Average Hudson's FST,0.0016848738085999,0.0008683377740426,20,success,,1.9403437912828163
Selected_6pairs_1Mb_scan_3R_X,BurkinaFaso_BanaVillage_vs_Guinea_Siguiri_Dankakoro,BF_BanaVil_vs_GN_Siguiri,BF_BanaVil vs GN_Siguiri,Without Nigeria,BurkinaFaso_BanaVillage,Guinea_Siguiri_Dankakoro,Burkina Faso,Guinea,Bana Village,Siguiri_Dankakoro,Burkina Faso vs Guinea,Bana Village vs Siguiri_Dankakoro,120,81,81,3R,3R:28200685-29200684,28200685,29200684,24000000,25000000,24.5,1000000,0-fold,CDS_DEG_0,default,Average Hudson's FST,0.0016748395130472,0.0010444527423936,20,success,,1.6035570065227902
Selected_6pairs_1Mb_scan_3R_X,BurkinaFaso_BanaVillage_vs_Guinea_Siguiri_Dankakoro,BF_BanaVil_vs_GN_Siguiri,BF_BanaVil vs GN_Siguiri,Without Nigeria,BurkinaFaso_BanaVillage,Guinea_Siguiri_Dankakoro,Burkina Faso,Guinea,Bana Village,Siguiri_Dankakoro,Burkina Faso vs Guinea,Bana Village vs Siguiri_Dankakoro,120,81,81,X,X:23393109-24393108,23393109,24393108,0,1000000,0.5,1000000,4-fold,CDS_DEG_4,default,Average Hudson's FST,0.0,0.0002608660094051,20,success,,0.0
Selected_6pairs_1Mb_scan_3R_X,BurkinaFaso_BanaVillage_vs_Guinea_Siguiri_Dankakoro,BF_BanaVil_vs_GN_Siguiri,BF_BanaVil vs GN_Siguiri,Without Nigeria,BurkinaFaso_BanaVillage,Guinea_Siguiri_Dankakoro,Burkina Faso,Guinea,Bana Village,Siguiri_Dankakoro,Burkina Faso vs Guinea,Bana Village vs Siguiri_Dankakoro,120,81,81,X,X:23393109-24393108,23393109,24393108,0,1000000,0.5,1000000,0-fold,CDS_DEG_0,default,Average Hudson's FST,0.0014017447343615,0.0014406406215541,20,success,,0.973000978446213
Selected_6pairs_1Mb_scan_3R_X,BurkinaFaso_BanaVillage_vs_Guinea_Siguiri_Dankakoro,BF_BanaVil_vs_GN_Siguiri,BF_BanaVil vs GN_Siguiri,Without Nigeria,BurkinaFaso_BanaVillage,Guinea_Siguiri_Dankakoro,Burkina Faso,Guinea,Bana Village,Siguiri_Dankakoro,Burkina Faso vs Guinea,Bana Village vs Siguiri_Dankakoro,120,81,81,X,X:22393109-23393108,22393109,23393108,1000000,2000000,1.5,1000000,4-fold,CDS_DEG_4,default,Average Hudson's FST,0.0,0.0007013632036142,20,success,,0.0
Selected_6pairs_1Mb_scan_3R_X,BurkinaFaso_BanaVillage_vs_Guinea_Siguiri_Dankakoro,BF_BanaVil_vs_GN_Siguiri,BF_BanaVil vs GN_Siguiri,Without Nigeria,BurkinaFaso_BanaVillage,Guinea_Siguiri_Dankakoro,Burkina Faso,Guinea,Bana Village,Siguiri_Dankakoro,Burkina Faso vs Guinea,Bana Village vs Siguiri_Dankakoro,120,81,81,X,X:22393109-23393108,22393109,23393108,1000000,2000000,1.5,1000000,0-fold,CDS_DEG_0,default,Average Hudson's FST,0.0008962256632227,0.0004301513038974,20,success,,2.083512603826649
Selected_6pairs_1Mb_scan_3R_X,BurkinaFaso_BanaVillage_vs_Guinea_Siguiri_Dankakoro,BF_BanaVil_vs_GN_Siguiri,BF_BanaVil vs GN_Siguiri,Without Nigeria,BurkinaFaso_BanaVillage,Guinea_Siguiri_Dankakoro,Burkina Faso,Guinea,Bana Village,Siguiri_Dankakoro,Burkina Faso vs Guinea,Bana Village vs Siguiri_Dankakoro,120,81,81,X,X:21393109-22393108,21393109,22393108,2000000,3000000,2.5,1000000,4-fold,CDS_DEG_4,default,Average Hudson's FST,0.0020682717563895,0.0030278752824799,20,success,,0.6830769313244427
Selected_6pairs_1Mb_scan_3R_X,BurkinaFaso_BanaVillage_vs_Guinea_Siguiri_Dankakoro,BF_BanaVil_vs_GN_Siguiri,BF_BanaVil vs GN_Siguiri,Without Nigeria,BurkinaFaso_BanaVillage,Guinea_Siguiri_Dankakoro,Burkina Faso,Guinea,Bana Village,Siguiri_Dankakoro,Burkina Faso vs Guinea,Bana Village vs Siguiri_Dankakoro,120,81,81,X,X:21393109-22393108,21393109,22393108,2000000,3000000,2.5,1000000,0-fold,CDS_DEG_0,default,Average Hudson's FST,0.0018841882038346,0.0048700743800674,20,success,,0.38689105274168806
Selected_6pairs_1Mb_scan_3R_X,BurkinaFaso_BanaVillage_vs_Guinea_Siguiri_Dankakoro,BF_BanaVil_vs_GN_Siguiri,BF_BanaVil vs GN_Siguiri,Without Nigeria,BurkinaFaso_BanaVillage,Guinea_Siguiri_Dankakoro,Burkina Faso,Guinea,Bana Village,Siguiri_Dankakoro,Burkina Faso vs Guinea,Bana Village vs Siguiri_Dankakoro,120,81,81,X,X:20393109-21393108,20393109,21393108,3000000,4000000,3.5,1000000,4-fold,CDS_DEG_4,default,Average Hudson's FST,0.0,0.0019906946046909,20,success,,0.0
Selected_6pairs_1Mb_scan_3R_X,BurkinaFaso_BanaVillage_vs_Guinea_Siguiri_Dankakoro,BF_BanaVil_vs_GN_Siguiri,BF_BanaVil vs GN_Siguiri,Without Nigeria,BurkinaFaso_BanaVillage,Guinea_Siguiri_Dankakoro,Burkina Faso,Guinea,Bana Village,Siguiri_Dankakoro,Burkina Faso vs Guinea,Bana Village vs Siguiri_Dankakoro,120,81,81,X,X:20393109-21393108,20393109,21393108,3000000,4000000,3.5,1000000,0-fold,CDS_DEG_0,default,Average Hudson's FST,0.0013657617760542,0.0024821145592573,20,success,,0.550241233209987
Selected_6pairs_1Mb_scan_3R_X,BurkinaFaso_BanaVillage_vs_Guinea_Siguiri_Dankakoro,BF_BanaVil_vs_GN_Siguiri,BF_BanaVil vs GN_Siguiri,Without Nigeria,BurkinaFaso_BanaVillage,Guinea_Siguiri_Dankakoro,Burkina Faso,Guinea,Bana Village,Siguiri_Dankakoro,Burkina Faso vs Guinea,Bana Village vs Siguiri_Dankakoro,120,81,81,X,X:19393109-20393108,19393109,20393108,4000000,5000000,4.5,1000000,4-fold,CDS_DEG_4,default,Average Hudson's FST,0.0003494846526758,0.0011296754774351,20,success,,0.30936730030583315
Selected_6pairs_1Mb_scan_3R_X,BurkinaFaso_BanaVillage_vs_Guinea_Siguiri_Dankakoro,BF_BanaVil_vs_GN_Siguiri,BF_BanaVil vs GN_Siguiri,Without Nigeria,BurkinaFaso_BanaVillage,Guinea_Siguiri_Dankakoro,Burkina Faso,Guinea,Bana Village,Siguiri_Dankakoro,Burkina Faso vs Guinea,Bana Village vs Siguiri_Dankakoro,120,81,81,X,X:19393109-20393108,19393109,20393108,4000000,5000000,4.5,1000000,0-fold,CDS_DEG_0,default,Average Hudson's FST,0.0026735037672811,0.0008584002037287,20,success,,3.114519026985307
Selected_6pairs_1Mb_scan_3R_X,BurkinaFaso_BanaVillage_vs_Guinea_Siguiri_Dankakoro,BF_BanaVil_vs_GN_Siguiri,BF_BanaVil vs GN_Siguiri,Without Nigeria,BurkinaFaso_BanaVillage,Guinea_Siguiri_Dankakoro,Burkina Faso,Guinea,Bana Village,Siguiri_Dankakoro,Burkina Faso vs Guinea,Bana Village vs Siguiri_Dankakoro,120,81,81,X,X:18393109-19393108,18393109,19393108,5000000,6000000,5.5,1000000,4-fold,CDS_DEG_4,default,Average Hudson's FST,0.0,0.0010814008218582,20,success,,0.0
Selected_6pairs_1Mb_scan_3R_X,BurkinaFaso_BanaVillage_vs_Guinea_Siguiri_Dankakoro,BF_BanaVil_vs_GN_Siguiri,BF_BanaVil vs GN_Siguiri,Without Nigeria,BurkinaFaso_BanaVillage,Guinea_Siguiri_Dankakoro,Burkina Faso,Guinea,Bana Village,Siguiri_Dankakoro,Burkina Faso vs Guinea,Bana Village vs Siguiri_Dankakoro,120,81,81,X,X:18393109-19393108,18393109,19393108,5000000,6000000,5.5,1000000,0-fold,CDS_DEG_0,default,Average Hudson's FST,0.0,0.0005179746896729,20,success,,0.0
Selected_6pairs_1Mb_scan_3R_X,BurkinaFaso_BanaVillage_vs_Guinea_Siguiri_Dankakoro,BF_BanaVil_vs_GN_Siguiri,BF_BanaVil vs GN_Siguiri,Without Nigeria,BurkinaFaso_BanaVillage,Guinea_Siguiri_Dankakoro,Burkina Faso,Guinea,Bana Village,Siguiri_Dankakoro,Burkina Faso vs Guinea,Bana Village vs Siguiri_Dankakoro,120,81,81,X,X:17393109-18393108,17393109,18393108,6000000,7000000,6.5,1000000,4-fold,CDS_DEG_4,default,Average Hudson's FST,0.0,0.0004747332117317,20,success,,0.0
Selected_6pairs_1Mb_scan_3R_X,BurkinaFaso_BanaVillage_vs_Guinea_Siguiri_Dankakoro,BF_BanaVil_vs_GN_Siguiri,BF_BanaVil vs GN_Siguiri,Without Nigeria,BurkinaFaso_BanaVillage,Guinea_Siguiri_Dankakoro,Burkina Faso,Guinea,Bana Village,Siguiri_Dankakoro,Burkina Faso vs Guinea,Bana Village vs Siguiri_Dankakoro,120,81,81,X,X:17393109-18393108,17393109,18393108,6000000,7000000,6.5,1000000,0-fold,CDS_DEG_0,default,Average Hudson's FST,0.0021908933545374,0.0008072170302694,20,success,,2.7141317296120637
Selected_6pairs_1Mb_scan_3R_X,BurkinaFaso_BanaVillage_vs_Guinea_Siguiri_Dankakoro,BF_BanaVil_vs_GN_Siguiri,BF_BanaVil vs GN_Siguiri,Without Nigeria,BurkinaFaso_BanaVillage,Guinea_Siguiri_Dankakoro,Burkina Faso,Guinea,Bana Village,Siguiri_Dankakoro,Burkina Faso vs Guinea,Bana Village vs Siguiri_Dankakoro,120,81,81,X,X:16393109-17393108,16393109,17393108,7000000,8000000,7.5,1000000,4-fold,CDS_DEG_4,default,Average Hudson's FST,0.0011638199960371,0.0009162478573234,20,success,,1.2702021475247134
Selected_6pairs_1Mb_scan_3R_X,BurkinaFaso_BanaVillage_vs_Guinea_Siguiri_Dankakoro,BF_BanaVil_vs_GN_Siguiri,BF_BanaVil vs GN_Siguiri,Without Nigeria,BurkinaFaso_BanaVillage,Guinea_Siguiri_Dankakoro,Burkina Faso,Guinea,Bana Village,Siguiri_Dankakoro,Burkina Faso vs Guinea,Bana Village vs Siguiri_Dankakoro,120,81,81,X,X:16393109-17393108,16393109,17393108,7000000,8000000,7.5,1000000,0-fold,CDS_DEG_0,default,Average Hudson's FST,0.0,0.0003146463080549,20,success,,0.0
Selected_6pairs_1Mb_scan_3R_X,BurkinaFaso_BanaVillage_vs_Guinea_Siguiri_Dankakoro,BF_BanaVil_vs_GN_Siguiri,BF_BanaVil vs GN_Siguiri,Without Nigeria,BurkinaFaso_BanaVillage,Guinea_Siguiri_Dankakoro,Burkina Faso,Guinea,Bana Village,Siguiri_Dankakoro,Burkina Faso vs Guinea,Bana Village vs Siguiri_Dankakoro,120,81,81,X,X:15393109-16393108,15393109,16393108,8000000,9000000,8.5,1000000,4-fold,CDS_DEG_4,default,Average Hudson's FST,0.0028584079238474,0.0014391361160886,20,success,,1.9861970607868635
Selected_6pairs_1Mb_scan_3R_X,BurkinaFaso_BanaVillage_vs_Guinea_Siguiri_Dankakoro,BF_BanaVil_vs_GN_Siguiri,BF_BanaVil vs GN_Siguiri,Without Nigeria,BurkinaFaso_BanaVillage,Guinea_Siguiri_Dankakoro,Burkina Faso,Guinea,Bana Village,Siguiri_Dankakoro,Burkina Faso vs Guinea,Bana Village vs Siguiri_Dankakoro,120,81,81,X,X:15393109-16393108,15393109,16393108,8000000,9000000,8.5,1000000,0-fold,CDS_DEG_0,default,Average Hudson's FST,0.0018391363788068,0.0009878211983101,20,success,,1.8618110058308879
Selected_6pairs_1Mb_scan_3R_X,BurkinaFaso_BanaVillage_vs_Guinea_Siguiri_Dankakoro,BF_BanaVil_vs_GN_Siguiri,BF_BanaVil vs GN_Siguiri,Without Nigeria,BurkinaFaso_BanaVillage,Guinea_Siguiri_Dankakoro,Burkina Faso,Guinea,Bana Village,Siguiri_Dankakoro,Burkina Faso vs Guinea,Bana Village vs Siguiri_Dankakoro,120,81,81,X,X:14393109-15393108,14393109,15393108,9000000,10000000,9.5,1000000,4-fold,CDS_DEG_4,default,Average Hudson's FST,0.0,0.0005000197060948,20,success,,0.0
Selected_6pairs_1Mb_scan_3R_X,BurkinaFaso_BanaVillage_vs_Guinea_Siguiri_Dankakoro,BF_BanaVil_vs_GN_Siguiri,BF_BanaVil vs GN_Siguiri,Without Nigeria,BurkinaFaso_BanaVillage,Guinea_Siguiri_Dankakoro,Burkina Faso,Guinea,Bana Village,Siguiri_Dankakoro,Burkina Faso vs Guinea,Bana Village vs Siguiri_Dankakoro,120,81,81,X,X:14393109-15393108,14393109,15393108,9000000,10000000,9.5,1000000,0-fold,CDS_DEG_0,default,Average Hudson's FST,0.0,0.0006215110213768,20,success,,0.0
Selected_6pairs_1Mb_scan_3R_X,BurkinaFaso_BanaVillage_vs_Guinea_Siguiri_Dankakoro,BF_BanaVil_vs_GN_Siguiri,BF_BanaVil vs GN_Siguiri,Without Nigeria,BurkinaFaso_BanaVillage,Guinea_Siguiri_Dankakoro,Burkina Faso,Guinea,Bana Village,Siguiri_Dankakoro,Burkina Faso vs Guinea,Bana Village vs Siguiri_Dankakoro,120,81,81,X,X:13393109-14393108,13393109,14393108,10000000,11000000,10.5,1000000,4-fold,CDS_DEG_4,default,Average Hudson's FST,0.000635243546126,0.0007937301472606,20,success,,0.8003268470000987
Selected_6pairs_1Mb_scan_3R_X,BurkinaFaso_BanaVillage_vs_Guinea_Siguiri_Dankakoro,BF_BanaVil_vs_GN_Siguiri,BF_BanaVil vs GN_Siguiri,Without Nigeria,BurkinaFaso_BanaVillage,Guinea_Siguiri_Dankakoro,Burkina Faso,Guinea,Bana Village,Siguiri_Dankakoro,Burkina Faso vs Guinea,Bana Village vs Siguiri_Dankakoro,120,81,81,X,X:13393109-14393108,13393109,14393108,10000000,11000000,10.5,1000000,0-fold,CDS_DEG_0,default,Average Hudson's FST,0.0004764744014315,0.0008089775139622,20,success,,0.5889834923814257
Selected_6pairs_1Mb_scan_3R_X,BurkinaFaso_BanaVillage_vs_Guinea_Siguiri_Dankakoro,BF_BanaVil_vs_GN_Siguiri,BF_BanaVil vs GN_Siguiri,Without Nigeria,BurkinaFaso_BanaVillage,Guinea_Siguiri_Dankakoro,Burkina Faso,Guinea,Bana Village,Siguiri_Dankakoro,Burkina Faso vs Guinea,Bana Village vs Siguiri_Dankakoro,120,81,81,X,X:12393109-13393108,12393109,13393108,11000000,12000000,11.5,1000000,4-fold,CDS_DEG_4,default,Average Hudson's FST,0.000351754640296,0.0003764378037932,20,success,,0.9344296368524136
Selected_6pairs_1Mb_scan_3R_X,BurkinaFaso_BanaVillage_vs_Guinea_Siguiri_Dankakoro,BF_BanaVil_vs_GN_Siguiri,BF_BanaVil vs GN_Siguiri,Without Nigeria,BurkinaFaso_BanaVillage,Guinea_Siguiri_Dankakoro,Burkina Faso,Guinea,Bana Village,Siguiri_Dankakoro,Burkina Faso vs Guinea,Bana Village vs Siguiri_Dankakoro,120,81,81,X,X:12393109-13393108,12393109,13393108,11000000,12000000,11.5,1000000,0-fold,CDS_DEG_0,default,Average Hudson's FST,0.0007575427310545,0.0007756800410004,20,success,,0.9766175368873637
Selected_6pairs_1Mb_scan_3R_X,BurkinaFaso_BanaVillage_vs_Guinea_Siguiri_Dankakoro,BF_BanaVil_vs_GN_Siguiri,BF_BanaVil vs GN_Siguiri,Without Nigeria,BurkinaFaso_BanaVillage,Guinea_Siguiri_Dankakoro,Burkina Faso,Guinea,Bana Village,Siguiri_Dankakoro,Burkina Faso vs Guinea,Bana Village vs Siguiri_Dankakoro,120,81,81,X,X:11393109-12393108,11393109,12393108,12000000,13000000,12.5,1000000,4-fold,CDS_DEG_4,default,Average Hudson's FST,0.0004475525770572,0.0002285792919851,20,success,,1.9579751655122541
Selected_6pairs_1Mb_scan_3R_X,BurkinaFaso_BanaVillage_vs_Guinea_Siguiri_Dankakoro,BF_BanaVil_vs_GN_Siguiri,BF_BanaVil vs GN_Siguiri,Without Nigeria,BurkinaFaso_BanaVillage,Guinea_Siguiri_Dankakoro,Burkina Faso,Guinea,Bana Village,Siguiri_Dankakoro,Burkina Faso vs Guinea,Bana Village vs Siguiri_Dankakoro,120,81,81,X,X:11393109-12393108,11393109,12393108,12000000,13000000,12.5,1000000,0-fold,CDS_DEG_0,default,Average Hudson's FST,0.0003233578101039,0.0004778436219949,20,success,,0.6767021578188004
Selected_6pairs_1Mb_scan_3R_X,BurkinaFaso_BanaVillage_vs_Guinea_Siguiri_Dankakoro,BF_BanaVil_vs_GN_Siguiri,BF_BanaVil vs GN_Siguiri,Without Nigeria,BurkinaFaso_BanaVillage,Guinea_Siguiri_Dankakoro,Burkina Faso,Guinea,Bana Village,Siguiri_Dankakoro,Burkina Faso vs Guinea,Bana Village vs Siguiri_Dankakoro,120,81,81,X,X:10393109-11393108,10393109,11393108,13000000,14000000,13.5,1000000,4-fold,CDS_DEG_4,default,Average Hudson's FST,0.0001773002038402,0.0003585669408849,20,success,,0.49446890837912855
Selected_6pairs_1Mb_scan_3R_X,BurkinaFaso_BanaVillage_vs_Guinea_Siguiri_Dankakoro,BF_BanaVil_vs_GN_Siguiri,BF_BanaVil vs GN_Siguiri,Without Nigeria,BurkinaFaso_BanaVillage,Guinea_Siguiri_Dankakoro,Burkina Faso,Guinea,Bana Village,Siguiri_Dankakoro,Burkina Faso vs Guinea,Bana Village vs Siguiri_Dankakoro,120,81,81,X,X:10393109-11393108,10393109,11393108,13000000,14000000,13.5,1000000,0-fold,CDS_DEG_0,default,Average Hudson's FST,0.0006608036344542,0.0005160194489405,20,success,,1.2805789312999218
Selected_6pairs_1Mb_scan_3R_X,BurkinaFaso_BanaVillage_vs_Guinea_Siguiri_Dankakoro,BF_BanaVil_vs_GN_Siguiri,BF_BanaVil vs GN_Siguiri,Without Nigeria,BurkinaFaso_BanaVillage,Guinea_Siguiri_Dankakoro,Burkina Faso,Guinea,Bana Village,Siguiri_Dankakoro,Burkina Faso vs Guinea,Bana Village vs Siguiri_Dankakoro,120,81,81,X,X:9393109-10393108,9393109,10393108,14000000,15000000,14.5,1000000,4-fold,CDS_DEG_4,default,Average Hudson's FST,0.0022018980068147,0.000561943851043,20,success,,3.9183594637219556
Selected_6pairs_1Mb_scan_3R_X,BurkinaFaso_BanaVillage_vs_Guinea_Siguiri_Dankakoro,BF_BanaVil_vs_GN_Siguiri,BF_BanaVil vs GN_Siguiri,Without Nigeria,BurkinaFaso_BanaVillage,Guinea_Siguiri_Dankakoro,Burkina Faso,Guinea,Bana Village,Siguiri_Dankakoro,Burkina Faso vs Guinea,Bana Village vs Siguiri_Dankakoro,120,81,81,X,X:9393109-10393108,9393109,10393108,14000000,15000000,14.5,1000000,0-fold,CDS_DEG_0,default,Average Hudson's FST,0.0037440247833892,0.0010517333581291,20,success,,3.5598612085950614
Selected_6pairs_1Mb_scan_3R_X,BurkinaFaso_BanaVillage_vs_Guinea_Siguiri_Dankakoro,BF_BanaVil_vs_GN_Siguiri,BF_BanaVil vs GN_Siguiri,Without Nigeria,BurkinaFaso_BanaVillage,Guinea_Siguiri_Dankakoro,Burkina Faso,Guinea,Bana Village,Siguiri_Dankakoro,Burkina Faso vs Guinea,Bana Village vs Siguiri_Dankakoro,120,81,81,X,X:8393109-9393108,8393109,9393108,15000000,16000000,15.5,1000000,4-fold,CDS_DEG_4,default,Average Hudson's FST,0.0081173738199912,0.002833327059556,20,success,,2.864961809690705
Selected_6pairs_1Mb_scan_3R_X,BurkinaFaso_BanaVillage_vs_Guinea_Siguiri_Dankakoro,BF_BanaVil_vs_GN_Siguiri,BF_BanaVil vs GN_Siguiri,Without Nigeria,BurkinaFaso_BanaVillage,Guinea_Siguiri_Dankakoro,Burkina Faso,Guinea,Bana Village,Siguiri_Dankakoro,Burkina Faso vs Guinea,Bana Village vs Siguiri_Dankakoro,120,81,81,X,X:8393109-9393108,8393109,9393108,15000000,16000000,15.5,1000000,0-fold,CDS_DEG_0,default,Average Hudson's FST,0.013081620214665,0.0056815247246309,20,success,,2.302484077549244
Selected_6pairs_1Mb_scan_3R_X,BurkinaFaso_BanaVillage_vs_Guinea_Siguiri_Dankakoro,BF_BanaVil_vs_GN_Siguiri,BF_BanaVil vs GN_Siguiri,Without Nigeria,BurkinaFaso_BanaVillage,Guinea_Siguiri_Dankakoro,Burkina Faso,Guinea,Bana Village,Siguiri_Dankakoro,Burkina Faso vs Guinea,Bana Village vs Siguiri_Dankakoro,120,81,81,X,X:7393109-8393108,7393109,8393108,16000000,17000000,16.5,1000000,4-fold,CDS_DEG_4,default,Average Hudson's FST,0.0003708515648588,0.0004171486149632,20,success,,0.8890154529016374
Selected_6pairs_1Mb_scan_3R_X,BurkinaFaso_BanaVillage_vs_Guinea_Siguiri_Dankakoro,BF_BanaVil_vs_GN_Siguiri,BF_BanaVil vs GN_Siguiri,Without Nigeria,BurkinaFaso_BanaVillage,Guinea_Siguiri_Dankakoro,Burkina Faso,Guinea,Bana Village,Siguiri_Dankakoro,Burkina Faso vs Guinea,Bana Village vs Siguiri_Dankakoro,120,81,81,X,X:7393109-8393108,7393109,8393108,16000000,17000000,16.5,1000000,0-fold,CDS_DEG_0,default,Average Hudson's FST,0.0,0.0003233958708334,20,success,,0.0
Selected_6pairs_1Mb_scan_3R_X,BurkinaFaso_BanaVillage_vs_Guinea_Siguiri_Dankakoro,BF_BanaVil_vs_GN_Siguiri,BF_BanaVil vs GN_Siguiri,Without Nigeria,BurkinaFaso_BanaVillage,Guinea_Siguiri_Dankakoro,Burkina Faso,Guinea,Bana Village,Siguiri_Dankakoro,Burkina Faso vs Guinea,Bana Village vs Siguiri_Dankakoro,120,81,81,X,X:6393109-7393108,6393109,7393108,17000000,18000000,17.5,1000000,4-fold,CDS_DEG_4,default,Average Hudson's FST,0.0,0.0003289036186835,20,success,,0.0
Selected_6pairs_1Mb_scan_3R_X,BurkinaFaso_BanaVillage_vs_Guinea_Siguiri_Dankakoro,BF_BanaVil_vs_GN_Siguiri,BF_BanaVil vs GN_Siguiri,Without Nigeria,BurkinaFaso_BanaVillage,Guinea_Siguiri_Dankakoro,Burkina Faso,Guinea,Bana Village,Siguiri_Dankakoro,Burkina Faso vs Guinea,Bana Village vs Siguiri_Dankakoro,120,81,81,X,X:6393109-7393108,6393109,7393108,17000000,18000000,17.5,1000000,0-fold,CDS_DEG_0,default,Average Hudson's FST,0.0,0.0003406960918185,20,success,,0.0
Selected_6pairs_1Mb_scan_3R_X,BurkinaFaso_BanaVillage_vs_Guinea_Siguiri_Dankakoro,BF_BanaVil_vs_GN_Siguiri,BF_BanaVil vs GN_Siguiri,Without Nigeria,BurkinaFaso_BanaVillage,Guinea_Siguiri_Dankakoro,Burkina Faso,Guinea,Bana Village,Siguiri_Dankakoro,Burkina Faso vs Guinea,Bana Village vs Siguiri_Dankakoro,120,81,81,X,X:5393109-6393108,5393109,6393108,18000000,19000000,18.5,1000000,4-fold,CDS_DEG_4,default,Average Hudson's FST,0.0,0.000269410230956,20,success,,0.0
Selected_6pairs_1Mb_scan_3R_X,BurkinaFaso_BanaVillage_vs_Guinea_Siguiri_Dankakoro,BF_BanaVil_vs_GN_Siguiri,BF_BanaVil vs GN_Siguiri,Without Nigeria,BurkinaFaso_BanaVillage,Guinea_Siguiri_Dankakoro,Burkina Faso,Guinea,Bana Village,Siguiri_Dankakoro,Burkina Faso vs Guinea,Bana Village vs Siguiri_Dankakoro,120,81,81,X,X:5393109-6393108,5393109,6393108,18000000,19000000,18.5,1000000,0-fold,CDS_DEG_0,default,Average Hudson's FST,0.0,0.0004032444674849,20,success,,0.0
Selected_6pairs_1Mb_scan_3R_X,BurkinaFaso_BanaVillage_vs_Guinea_Siguiri_Dankakoro,BF_BanaVil_vs_GN_Siguiri,BF_BanaVil vs GN_Siguiri,Without Nigeria,BurkinaFaso_BanaVillage,Guinea_Siguiri_Dankakoro,Burkina Faso,Guinea,Bana Village,Siguiri_Dankakoro,Burkina Faso vs Guinea,Bana Village vs Siguiri_Dankakoro,120,81,81,X,X:4393109-5393108,4393109,5393108,19000000,20000000,19.5,1000000,4-fold,CDS_DEG_4,default,Average Hudson's FST,0.0,0.0003083022141741,20,success,,0.0
Selected_6pairs_1Mb_scan_3R_X,BurkinaFaso_BanaVillage_vs_Guinea_Siguiri_Dankakoro,BF_BanaVil_vs_GN_Siguiri,BF_BanaVil vs GN_Siguiri,Without Nigeria,BurkinaFaso_BanaVillage,Guinea_Siguiri_Dankakoro,Burkina Faso,Guinea,Bana Village,Siguiri_Dankakoro,Burkina Faso vs Guinea,Bana Village vs Siguiri_Dankakoro,120,81,81,X,X:4393109-5393108,4393109,5393108,19000000,20000000,19.5,1000000,0-fold,CDS_DEG_0,default,Average Hudson's FST,0.0003838561618709,0.0006347998267537,20,success,,0.6046885107607863
Selected_6pairs_1Mb_scan_3R_X,BurkinaFaso_BanaVillage_vs_Guinea_Siguiri_Dankakoro,BF_BanaVil_vs_GN_Siguiri,BF_BanaVil vs GN_Siguiri,Without Nigeria,BurkinaFaso_BanaVillage,Guinea_Siguiri_Dankakoro,Burkina Faso,Guinea,Bana Village,Siguiri_Dankakoro,Burkina Faso vs Guinea,Bana Village vs Siguiri_Dankakoro,120,81,81,X,X:3393109-4393108,3393109,4393108,20000000,21000000,20.5,1000000,4-fold,CDS_DEG_4,default,Average Hudson's FST,0.0,0.0002286504376606,20,success,,0.0
Selected_6pairs_1Mb_scan_3R_X,BurkinaFaso_BanaVillage_vs_Guinea_Siguiri_Dankakoro,BF_BanaVil_vs_GN_Siguiri,BF_BanaVil vs GN_Siguiri,Without Nigeria,BurkinaFaso_BanaVillage,Guinea_Siguiri_Dankakoro,Burkina Faso,Guinea,Bana Village,Siguiri_Dankakoro,Burkina Faso vs Guinea,Bana Village vs Siguiri_Dankakoro,120,81,81,X,X:3393109-4393108,3393109,4393108,20000000,21000000,20.5,1000000,0-fold,CDS_DEG_0,default,Average Hudson's FST,0.0,0.0004874141163822,20,success,,0.0
Selected_6pairs_1Mb_scan_3R_X,BurkinaFaso_BanaVillage_vs_Guinea_Siguiri_Dankakoro,BF_BanaVil_vs_GN_Siguiri,BF_BanaVil vs GN_Siguiri,Without Nigeria,BurkinaFaso_BanaVillage,Guinea_Siguiri_Dankakoro,Burkina Faso,Guinea,Bana Village,Siguiri_Dankakoro,Burkina Faso vs Guinea,Bana Village vs Siguiri_Dankakoro,120,81,81,X,X:2393109-3393108,2393109,3393108,21000000,22000000,21.5,1000000,4-fold,CDS_DEG_4,default,Average Hudson's FST,0.0,0.0001343216889415,20,success,,0.0
Selected_6pairs_1Mb_scan_3R_X,BurkinaFaso_BanaVillage_vs_Guinea_Siguiri_Dankakoro,BF_BanaVil_vs_GN_Siguiri,BF_BanaVil vs GN_Siguiri,Without Nigeria,BurkinaFaso_BanaVillage,Guinea_Siguiri_Dankakoro,Burkina Faso,Guinea,Bana Village,Siguiri_Dankakoro,Burkina Faso vs Guinea,Bana Village vs Siguiri_Dankakoro,120,81,81,X,X:2393109-3393108,2393109,3393108,21000000,22000000,21.5,1000000,0-fold,CDS_DEG_0,default,Average Hudson's FST,7.966192013253982e-05,0.0002396069505133,20,success,,0.33246915401194915
Selected_6pairs_1Mb_scan_3R_X,BurkinaFaso_BanaVillage_vs_Guinea_Siguiri_Dankakoro,BF_BanaVil_vs_GN_Siguiri,BF_BanaVil vs GN_Siguiri,Without Nigeria,BurkinaFaso_BanaVillage,Guinea_Siguiri_Dankakoro,Burkina Faso,Guinea,Bana Village,Siguiri_Dankakoro,Burkina Faso vs Guinea,Bana Village vs Siguiri_Dankakoro,120,81,81,X,X:1393109-2393108,1393109,2393108,22000000,23000000,22.5,1000000,4-fold,CDS_DEG_4,default,Average Hudson's FST,0.0,0.0003454895898635,20,success,,0.0
Selected_6pairs_1Mb_scan_3R_X,BurkinaFaso_BanaVillage_vs_Guinea_Siguiri_Dankakoro,BF_BanaVil_vs_GN_Siguiri,BF_BanaVil vs GN_Siguiri,Without Nigeria,BurkinaFaso_BanaVillage,Guinea_Siguiri_Dankakoro,Burkina Faso,Guinea,Bana Village,Siguiri_Dankakoro,Burkina Faso vs Guinea,Bana Village vs Siguiri_Dankakoro,120,81,81,X,X:1393109-2393108,1393109,2393108,22000000,23000000,22.5,1000000,0-fold,CDS_DEG_0,default,Average Hudson's FST,0.0,0.0002295743881424,20,success,,0.0
Selected_6pairs_1Mb_scan_3R_X,BurkinaFaso_BanaVillage_vs_Guinea_Siguiri_Dankakoro,BF_BanaVil_vs_GN_Siguiri,BF_BanaVil vs GN_Siguiri,Without Nigeria,BurkinaFaso_BanaVillage,Guinea_Siguiri_Dankakoro,Burkina Faso,Guinea,Bana Village,Siguiri_Dankakoro,Burkina Faso vs Guinea,Bana Village vs Siguiri_Dankakoro,120,81,81,X,X:393109-1393108,393109,1393108,23000000,24000000,23.5,1000000,4-fold,CDS_DEG_4,default,Average Hudson's FST,0.0,0.0002098634955373,20,success,,0.0
Selected_6pairs_1Mb_scan_3R_X,BurkinaFaso_BanaVillage_vs_Guinea_Siguiri_Dankakoro,BF_BanaVil_vs_GN_Siguiri,BF_BanaVil vs GN_Siguiri,Without Nigeria,BurkinaFaso_BanaVillage,Guinea_Siguiri_Dankakoro,Burkina Faso,Guinea,Bana Village,Siguiri_Dankakoro,Burkina Faso vs Guinea,Bana Village vs Siguiri_Dankakoro,120,81,81,X,X:393109-1393108,393109,1393108,23000000,24000000,23.5,1000000,0-fold,CDS_DEG_0,default,Average Hudson's FST,0.0,0.0002877383021022,20,success,,0.0
Selected_6pairs_1Mb_scan_3R_X,BurkinaFaso_BanaVillage_vs_Mali_Faladje,BF_BanaVil_vs_ML_Faladje,BF_BanaVil vs ML_Faladje,Without Nigeria,BurkinaFaso_BanaVillage,Mali_Faladje,Burkina Faso,Mali,Bana Village,Faladje,Burkina Faso vs Mali,Bana Village vs Faladje,120,75,75,3R,3R:52200685-53200684,52200685,53200684,0,1000000,0.5,1000000,4-fold,CDS_DEG_4,default,Average Hudson's FST,0.0,0.0022975413082107,20,success,,0.0
Selected_6pairs_1Mb_scan_3R_X,BurkinaFaso_BanaVillage_vs_Mali_Faladje,BF_BanaVil_vs_ML_Faladje,BF_BanaVil vs ML_Faladje,Without Nigeria,BurkinaFaso_BanaVillage,Mali_Faladje,Burkina Faso,Mali,Bana Village,Faladje,Burkina Faso vs Mali,Bana Village vs Faladje,120,75,75,3R,3R:52200685-53200684,52200685,53200684,0,1000000,0.5,1000000,0-fold,CDS_DEG_0,default,Average Hudson's FST,0.0,0.0009273258238438,20,success,,0.0
Selected_6pairs_1Mb_scan_3R_X,BurkinaFaso_BanaVillage_vs_Mali_Faladje,BF_BanaVil_vs_ML_Faladje,BF_BanaVil vs ML_Faladje,Without Nigeria,BurkinaFaso_BanaVillage,Mali_Faladje,Burkina Faso,Mali,Bana Village,Faladje,Burkina Faso vs Mali,Bana Village vs Faladje,120,75,75,3R,3R:51200685-52200684,51200685,52200684,1000000,2000000,1.5,1000000,4-fold,CDS_DEG_4,default,Average Hudson's FST,0.000148907931492,0.0004379720038044,20,success,,0.33999417816327565
Selected_6pairs_1Mb_scan_3R_X,BurkinaFaso_BanaVillage_vs_Mali_Faladje,BF_BanaVil_vs_ML_Faladje,BF_BanaVil vs ML_Faladje,Without Nigeria,BurkinaFaso_BanaVillage,Mali_Faladje,Burkina Faso,Mali,Bana Village,Faladje,Burkina Faso vs Mali,Bana Village vs Faladje,120,75,75,3R,3R:51200685-52200684,51200685,52200684,1000000,2000000,1.5,1000000,0-fold,CDS_DEG_0,default,Average Hudson's FST,0.0,0.000452797468505,20,success,,0.0
Selected_6pairs_1Mb_scan_3R_X,BurkinaFaso_BanaVillage_vs_Mali_Faladje,BF_BanaVil_vs_ML_Faladje,BF_BanaVil vs ML_Faladje,Without Nigeria,BurkinaFaso_BanaVillage,Mali_Faladje,Burkina Faso,Mali,Bana Village,Faladje,Burkina Faso vs Mali,Bana Village vs Faladje,120,75,75,3R,3R:50200685-51200684,50200685,51200684,2000000,3000000,2.5,1000000,4-fold,CDS_DEG_4,default,Average Hudson's FST,0.0,0.0005105100637134,20,success,,0.0
Selected_6pairs_1Mb_scan_3R_X,BurkinaFaso_BanaVillage_vs_Mali_Faladje,BF_BanaVil_vs_ML_Faladje,BF_BanaVil vs ML_Faladje,Without Nigeria,BurkinaFaso_BanaVillage,Mali_Faladje,Burkina Faso,Mali,Bana Village,Faladje,Burkina Faso vs Mali,Bana Village vs Faladje,120,75,75,3R,3R:50200685-51200684,50200685,51200684,2000000,3000000,2.5,1000000,0-fold,CDS_DEG_0,default,Average Hudson's FST,0.0,0.000525271565035,20,success,,0.0
Selected_6pairs_1Mb_scan_3R_X,BurkinaFaso_BanaVillage_vs_Mali_Faladje,BF_BanaVil_vs_ML_Faladje,BF_BanaVil vs ML_Faladje,Without Nigeria,BurkinaFaso_BanaVillage,Mali_Faladje,Burkina Faso,Mali,Bana Village,Faladje,Burkina Faso vs Mali,Bana Village vs Faladje,120,75,75,3R,3R:49200685-50200684,49200685,50200684,3000000,4000000,3.5,1000000,4-fold,CDS_DEG_4,default,Average Hudson's FST,0.0005041029129544,0.0009662367747991,20,success,,0.521717788126221
Selected_6pairs_1Mb_scan_3R_X,BurkinaFaso_BanaVillage_vs_Mali_Faladje,BF_BanaVil_vs_ML_Faladje,BF_BanaVil vs ML_Faladje,Without Nigeria,BurkinaFaso_BanaVillage,Mali_Faladje,Burkina Faso,Mali,Bana Village,Faladje,Burkina Faso vs Mali,Bana Village vs Faladje,120,75,75,3R,3R:49200685-50200684,49200685,50200684,3000000,4000000,3.5,1000000,0-fold,CDS_DEG_0,default,Average Hudson's FST,0.0012551691174269,0.0017410741871832,20,success,,0.7209165046881647
Selected_6pairs_1Mb_scan_3R_X,BurkinaFaso_BanaVillage_vs_Mali_Faladje,BF_BanaVil_vs_ML_Faladje,BF_BanaVil vs ML_Faladje,Without Nigeria,BurkinaFaso_BanaVillage,Mali_Faladje,Burkina Faso,Mali,Bana Village,Faladje,Burkina Faso vs Mali,Bana Village vs Faladje,120,75,75,3R,3R:48200685-49200684,48200685,49200684,4000000,5000000,4.5,1000000,4-fold,CDS_DEG_4,default,Average Hudson's FST,0.0,0.0006199981948813,20,success,,0.0
Selected_6pairs_1Mb_scan_3R_X,BurkinaFaso_BanaVillage_vs_Mali_Faladje,BF_BanaVil_vs_ML_Faladje,BF_BanaVil vs ML_Faladje,Without Nigeria,BurkinaFaso_BanaVillage,Mali_Faladje,Burkina Faso,Mali,Bana Village,Faladje,Burkina Faso vs Mali,Bana Village vs Faladje,120,75,75,3R,3R:48200685-49200684,48200685,49200684,4000000,5000000,4.5,1000000,0-fold,CDS_DEG_0,default,Average Hudson's FST,0.0,0.0002494274133973,20,success,,0.0
Selected_6pairs_1Mb_scan_3R_X,BurkinaFaso_BanaVillage_vs_Mali_Faladje,BF_BanaVil_vs_ML_Faladje,BF_BanaVil vs ML_Faladje,Without Nigeria,BurkinaFaso_BanaVillage,Mali_Faladje,Burkina Faso,Mali,Bana Village,Faladje,Burkina Faso vs Mali,Bana Village vs Faladje,120,75,75,3R,3R:47200685-48200684,47200685,48200684,5000000,6000000,5.5,1000000,4-fold,CDS_DEG_4,default,Average Hudson's FST,0.0,0.0002403612651155,20,success,,0.0
Selected_6pairs_1Mb_scan_3R_X,BurkinaFaso_BanaVillage_vs_Mali_Faladje,BF_BanaVil_vs_ML_Faladje,BF_BanaVil vs ML_Faladje,Without Nigeria,BurkinaFaso_BanaVillage,Mali_Faladje,Burkina Faso,Mali,Bana Village,Faladje,Burkina Faso vs Mali,Bana Village vs Faladje,120,75,75,3R,3R:47200685-48200684,47200685,48200684,5000000,6000000,5.5,1000000,0-fold,CDS_DEG_0,default,Average Hudson's FST,0.0,0.0002649232573654,20,success,,0.0
Selected_6pairs_1Mb_scan_3R_X,BurkinaFaso_BanaVillage_vs_Mali_Faladje,BF_BanaVil_vs_ML_Faladje,BF_BanaVil vs ML_Faladje,Without Nigeria,BurkinaFaso_BanaVillage,Mali_Faladje,Burkina Faso,Mali,Bana Village,Faladje,Burkina Faso vs Mali,Bana Village vs Faladje,120,75,75,3R,3R:46200685-47200684,46200685,47200684,6000000,7000000,6.5,1000000,4-fold,CDS_DEG_4,default,Average Hudson's FST,0.0,0.0005956291833609,20,success,,0.0
Selected_6pairs_1Mb_scan_3R_X,BurkinaFaso_BanaVillage_vs_Mali_Faladje,BF_BanaVil_vs_ML_Faladje,BF_BanaVil vs ML_Faladje,Without Nigeria,BurkinaFaso_BanaVillage,Mali_Faladje,Burkina Faso,Mali,Bana Village,Faladje,Burkina Faso vs Mali,Bana Village vs Faladje,120,75,75,3R,3R:46200685-47200684,46200685,47200684,6000000,7000000,6.5,1000000,0-fold,CDS_DEG_0,default,Average Hudson's FST,0.0007069429201109,0.0007843828729905,20,success,,0.9012727641740108
Selected_6pairs_1Mb_scan_3R_X,BurkinaFaso_BanaVillage_vs_Mali_Faladje,BF_BanaVil_vs_ML_Faladje,BF_BanaVil vs ML_Faladje,Without Nigeria,BurkinaFaso_BanaVillage,Mali_Faladje,Burkina Faso,Mali,Bana Village,Faladje,Burkina Faso vs Mali,Bana Village vs Faladje,120,75,75,3R,3R:45200685-46200684,45200685,46200684,7000000,8000000,7.5,1000000,4-fold,CDS_DEG_4,default,Average Hudson's FST,3.603897359602083e-06,0.0007848862613758,20,success,,0.00459161732973251
Selected_6pairs_1Mb_scan_3R_X,BurkinaFaso_BanaVillage_vs_Mali_Faladje,BF_BanaVil_vs_ML_Faladje,BF_BanaVil vs ML_Faladje,Without Nigeria,BurkinaFaso_BanaVillage,Mali_Faladje,Burkina Faso,Mali,Bana Village,Faladje,Burkina Faso vs Mali,Bana Village vs Faladje,120,75,75,3R,3R:45200685-46200684,45200685,46200684,7000000,8000000,7.5,1000000,0-fold,CDS_DEG_0,default,Average Hudson's FST,0.0015412186937861,0.0012400344793913,20,success,,1.2428837418638903
Selected_6pairs_1Mb_scan_3R_X,BurkinaFaso_BanaVillage_vs_Mali_Faladje,BF_BanaVil_vs_ML_Faladje,BF_BanaVil vs ML_Faladje,Without Nigeria,BurkinaFaso_BanaVillage,Mali_Faladje,Burkina Faso,Mali,Bana Village,Faladje,Burkina Faso vs Mali,Bana Village vs Faladje,120,75,75,3R,3R:44200685-45200684,44200685,45200684,8000000,9000000,8.5,1000000,4-fold,CDS_DEG_4,default,Average Hudson's FST,0.000220646297647,0.0004498067444334,20,success,,0.4905357698114055
Selected_6pairs_1Mb_scan_3R_X,BurkinaFaso_BanaVillage_vs_Mali_Faladje,BF_BanaVil_vs_ML_Faladje,BF_BanaVil vs ML_Faladje,Without Nigeria,BurkinaFaso_BanaVillage,Mali_Faladje,Burkina Faso,Mali,Bana Village,Faladje,Burkina Faso vs Mali,Bana Village vs Faladje,120,75,75,3R,3R:44200685-45200684,44200685,45200684,8000000,9000000,8.5,1000000,0-fold,CDS_DEG_0,default,Average Hudson's FST,0.0,0.0003925625963912,20,success,,0.0
Selected_6pairs_1Mb_scan_3R_X,BurkinaFaso_BanaVillage_vs_Mali_Faladje,BF_BanaVil_vs_ML_Faladje,BF_BanaVil vs ML_Faladje,Without Nigeria,BurkinaFaso_BanaVillage,Mali_Faladje,Burkina Faso,Mali,Bana Village,Faladje,Burkina Faso vs Mali,Bana Village vs Faladje,120,75,75,3R,3R:43200685-44200684,43200685,44200684,9000000,10000000,9.5,1000000,4-fold,CDS_DEG_4,default,Average Hudson's FST,0.0003303188168994,0.0004262586867047,20,success,,0.7749257134277138
Selected_6pairs_1Mb_scan_3R_X,BurkinaFaso_BanaVillage_vs_Mali_Faladje,BF_BanaVil_vs_ML_Faladje,BF_BanaVil vs ML_Faladje,Without Nigeria,BurkinaFaso_BanaVillage,Mali_Faladje,Burkina Faso,Mali,Bana Village,Faladje,Burkina Faso vs Mali,Bana Village vs Faladje,120,75,75,3R,3R:43200685-44200684,43200685,44200684,9000000,10000000,9.5,1000000,0-fold,CDS_DEG_0,default,Average Hudson's FST,0.0007418012160646,0.0006850126792891,20,success,,1.0829014388966267
Selected_6pairs_1Mb_scan_3R_X,BurkinaFaso_BanaVillage_vs_Mali_Faladje,BF_BanaVil_vs_ML_Faladje,BF_BanaVil vs ML_Faladje,Without Nigeria,BurkinaFaso_BanaVillage,Mali_Faladje,Burkina Faso,Mali,Bana Village,Faladje,Burkina Faso vs Mali,Bana Village vs Faladje,120,75,75,3R,3R:42200685-43200684,42200685,43200684,10000000,11000000,10.5,1000000,4-fold,CDS_DEG_4,default,Average Hudson's FST,9.2817861032108e-05,0.0004664743642878,20,success,,0.19897741041744002
Selected_6pairs_1Mb_scan_3R_X,BurkinaFaso_BanaVillage_vs_Mali_Faladje,BF_BanaVil_vs_ML_Faladje,BF_BanaVil vs ML_Faladje,Without Nigeria,BurkinaFaso_BanaVillage,Mali_Faladje,Burkina Faso,Mali,Bana Village,Faladje,Burkina Faso vs Mali,Bana Village vs Faladje,120,75,75,3R,3R:42200685-43200684,42200685,43200684,10000000,11000000,10.5,1000000,0-fold,CDS_DEG_0,default,Average Hudson's FST,0.0,0.0002957964913676,20,success,,0.0
Selected_6pairs_1Mb_scan_3R_X,BurkinaFaso_BanaVillage_vs_Mali_Faladje,BF_BanaVil_vs_ML_Faladje,BF_BanaVil vs ML_Faladje,Without Nigeria,BurkinaFaso_BanaVillage,Mali_Faladje,Burkina Faso,Mali,Bana Village,Faladje,Burkina Faso vs Mali,Bana Village vs Faladje,120,75,75,3R,3R:41200685-42200684,41200685,42200684,11000000,12000000,11.5,1000000,4-fold,CDS_DEG_4,default,Average Hudson's FST,3.733477884340288e-05,0.000476180845817,20,success,,0.07840462120929352
Selected_6pairs_1Mb_scan_3R_X,BurkinaFaso_BanaVillage_vs_Mali_Faladje,BF_BanaVil_vs_ML_Faladje,BF_BanaVil vs ML_Faladje,Without Nigeria,BurkinaFaso_BanaVillage,Mali_Faladje,Burkina Faso,Mali,Bana Village,Faladje,Burkina Faso vs Mali,Bana Village vs Faladje,120,75,75,3R,3R:41200685-42200684,41200685,42200684,11000000,12000000,11.5,1000000,0-fold,CDS_DEG_0,default,Average Hudson's FST,0.0001202097074738,0.0004808217905446,20,success,,0.2500088594937538
Selected_6pairs_1Mb_scan_3R_X,BurkinaFaso_BanaVillage_vs_Mali_Faladje,BF_BanaVil_vs_ML_Faladje,BF_BanaVil vs ML_Faladje,Without Nigeria,BurkinaFaso_BanaVillage,Mali_Faladje,Burkina Faso,Mali,Bana Village,Faladje,Burkina Faso vs Mali,Bana Village vs Faladje,120,75,75,3R,3R:40200685-41200684,40200685,41200684,12000000,13000000,12.5,1000000,4-fold,CDS_DEG_4,default,Average Hudson's FST,0.0,0.0011041124931971,20,success,,0.0
Selected_6pairs_1Mb_scan_3R_X,BurkinaFaso_BanaVillage_vs_Mali_Faladje,BF_BanaVil_vs_ML_Faladje,BF_BanaVil vs ML_Faladje,Without Nigeria,BurkinaFaso_BanaVillage,Mali_Faladje,Burkina Faso,Mali,Bana Village,Faladje,Burkina Faso vs Mali,Bana Village vs Faladje,120,75,75,3R,3R:40200685-41200684,40200685,41200684,12000000,13000000,12.5,1000000,0-fold,CDS_DEG_0,default,Average Hudson's FST,0.0,0.0010268398381908,20,success,,0.0
Selected_6pairs_1Mb_scan_3R_X,BurkinaFaso_BanaVillage_vs_Mali_Faladje,BF_BanaVil_vs_ML_Faladje,BF_BanaVil vs ML_Faladje,Without Nigeria,BurkinaFaso_BanaVillage,Mali_Faladje,Burkina Faso,Mali,Bana Village,Faladje,Burkina Faso vs Mali,Bana Village vs Faladje,120,75,75,3R,3R:39200685-40200684,39200685,40200684,13000000,14000000,13.5,1000000,4-fold,CDS_DEG_4,default,Average Hudson's FST,0.0,0.0005007164352431,20,success,,0.0
Selected_6pairs_1Mb_scan_3R_X,BurkinaFaso_BanaVillage_vs_Mali_Faladje,BF_BanaVil_vs_ML_Faladje,BF_BanaVil vs ML_Faladje,Without Nigeria,BurkinaFaso_BanaVillage,Mali_Faladje,Burkina Faso,Mali,Bana Village,Faladje,Burkina Faso vs Mali,Bana Village vs Faladje,120,75,75,3R,3R:39200685-40200684,39200685,40200684,13000000,14000000,13.5,1000000,0-fold,CDS_DEG_0,default,Average Hudson's FST,0.0002542812892158,0.0008747419705838,20,success,,0.29069291032885214
Selected_6pairs_1Mb_scan_3R_X,BurkinaFaso_BanaVillage_vs_Mali_Faladje,BF_BanaVil_vs_ML_Faladje,BF_BanaVil vs ML_Faladje,Without Nigeria,BurkinaFaso_BanaVillage,Mali_Faladje,Burkina Faso,Mali,Bana Village,Faladje,Burkina Faso vs Mali,Bana Village vs Faladje,120,75,75,3R,3R:38200685-39200684,38200685,39200684,14000000,15000000,14.5,1000000,4-fold,CDS_DEG_4,default,Average Hudson's FST,0.0,0.0005968334004948,20,success,,0.0
Selected_6pairs_1Mb_scan_3R_X,BurkinaFaso_BanaVillage_vs_Mali_Faladje,BF_BanaVil_vs_ML_Faladje,BF_BanaVil vs ML_Faladje,Without Nigeria,BurkinaFaso_BanaVillage,Mali_Faladje,Burkina Faso,Mali,Bana Village,Faladje,Burkina Faso vs Mali,Bana Village vs Faladje,120,75,75,3R,3R:38200685-39200684,38200685,39200684,14000000,15000000,14.5,1000000,0-fold,CDS_DEG_0,default,Average Hudson's FST,0.0,0.0008254677008365,20,success,,0.0
Selected_6pairs_1Mb_scan_3R_X,BurkinaFaso_BanaVillage_vs_Mali_Faladje,BF_BanaVil_vs_ML_Faladje,BF_BanaVil vs ML_Faladje,Without Nigeria,BurkinaFaso_BanaVillage,Mali_Faladje,Burkina Faso,Mali,Bana Village,Faladje,Burkina Faso vs Mali,Bana Village vs Faladje,120,75,75,3R,3R:37200685-38200684,37200685,38200684,15000000,16000000,15.5,1000000,4-fold,CDS_DEG_4,default,Average Hudson's FST,0.0,0.0003217807036255,20,success,,0.0
Selected_6pairs_1Mb_scan_3R_X,BurkinaFaso_BanaVillage_vs_Mali_Faladje,BF_BanaVil_vs_ML_Faladje,BF_BanaVil vs ML_Faladje,Without Nigeria,BurkinaFaso_BanaVillage,Mali_Faladje,Burkina Faso,Mali,Bana Village,Faladje,Burkina Faso vs Mali,Bana Village vs Faladje,120,75,75,3R,3R:37200685-38200684,37200685,38200684,15000000,16000000,15.5,1000000,0-fold,CDS_DEG_0,default,Average Hudson's FST,0.0,0.0001994071286857,20,success,,0.0
Selected_6pairs_1Mb_scan_3R_X,BurkinaFaso_BanaVillage_vs_Mali_Faladje,BF_BanaVil_vs_ML_Faladje,BF_BanaVil vs ML_Faladje,Without Nigeria,BurkinaFaso_BanaVillage,Mali_Faladje,Burkina Faso,Mali,Bana Village,Faladje,Burkina Faso vs Mali,Bana Village vs Faladje,120,75,75,3R,3R:36200685-37200684,36200685,37200684,16000000,17000000,16.5,1000000,4-fold,CDS_DEG_4,default,Average Hudson's FST,0.0001677200211747,0.0003791880697543,20,success,,0.4423135497996454
Selected_6pairs_1Mb_scan_3R_X,BurkinaFaso_BanaVillage_vs_Mali_Faladje,BF_BanaVil_vs_ML_Faladje,BF_BanaVil vs ML_Faladje,Without Nigeria,BurkinaFaso_BanaVillage,Mali_Faladje,Burkina Faso,Mali,Bana Village,Faladje,Burkina Faso vs Mali,Bana Village vs Faladje,120,75,75,3R,3R:36200685-37200684,36200685,37200684,16000000,17000000,16.5,1000000,0-fold,CDS_DEG_0,default,Average Hudson's FST,3.242862968651179e-05,0.0003182368076278,20,success,,0.10190093951809409
Selected_6pairs_1Mb_scan_3R_X,BurkinaFaso_BanaVillage_vs_Mali_Faladje,BF_BanaVil_vs_ML_Faladje,BF_BanaVil vs ML_Faladje,Without Nigeria,BurkinaFaso_BanaVillage,Mali_Faladje,Burkina Faso,Mali,Bana Village,Faladje,Burkina Faso vs Mali,Bana Village vs Faladje,120,75,75,3R,3R:35200685-36200684,35200685,36200684,17000000,18000000,17.5,1000000,4-fold,CDS_DEG_4,default,Average Hudson's FST,2.986698023094614e-05,0.0002925557455881,20,success,,0.10208987750661702
Selected_6pairs_1Mb_scan_3R_X,BurkinaFaso_BanaVillage_vs_Mali_Faladje,BF_BanaVil_vs_ML_Faladje,BF_BanaVil vs ML_Faladje,Without Nigeria,BurkinaFaso_BanaVillage,Mali_Faladje,Burkina Faso,Mali,Bana Village,Faladje,Burkina Faso vs Mali,Bana Village vs Faladje,120,75,75,3R,3R:35200685-36200684,35200685,36200684,17000000,18000000,17.5,1000000,0-fold,CDS_DEG_0,default,Average Hudson's FST,0.0008872800352832,0.0005638877614739,20,success,,1.5735046864007325
Selected_6pairs_1Mb_scan_3R_X,BurkinaFaso_BanaVillage_vs_Mali_Faladje,BF_BanaVil_vs_ML_Faladje,BF_BanaVil vs ML_Faladje,Without Nigeria,BurkinaFaso_BanaVillage,Mali_Faladje,Burkina Faso,Mali,Bana Village,Faladje,Burkina Faso vs Mali,Bana Village vs Faladje,120,75,75,3R,3R:34200685-35200684,34200685,35200684,18000000,19000000,18.5,1000000,4-fold,CDS_DEG_4,default,Average Hudson's FST,0.0001553980893935,0.0003692234830283,20,success,,0.4208781308246019
Selected_6pairs_1Mb_scan_3R_X,BurkinaFaso_BanaVillage_vs_Mali_Faladje,BF_BanaVil_vs_ML_Faladje,BF_BanaVil vs ML_Faladje,Without Nigeria,BurkinaFaso_BanaVillage,Mali_Faladje,Burkina Faso,Mali,Bana Village,Faladje,Burkina Faso vs Mali,Bana Village vs Faladje,120,75,75,3R,3R:34200685-35200684,34200685,35200684,18000000,19000000,18.5,1000000,0-fold,CDS_DEG_0,default,Average Hudson's FST,0.0008558343636373,0.000995269162691,20,success,,0.85990242209786
Selected_6pairs_1Mb_scan_3R_X,BurkinaFaso_BanaVillage_vs_Mali_Faladje,BF_BanaVil_vs_ML_Faladje,BF_BanaVil vs ML_Faladje,Without Nigeria,BurkinaFaso_BanaVillage,Mali_Faladje,Burkina Faso,Mali,Bana Village,Faladje,Burkina Faso vs Mali,Bana Village vs Faladje,120,75,75,3R,3R:33200685-34200684,33200685,34200684,19000000,20000000,19.5,1000000,4-fold,CDS_DEG_4,default,Average Hudson's FST,0.0002935202442422,0.0002855793918227,20,success,,1.0278061115293293
Selected_6pairs_1Mb_scan_3R_X,BurkinaFaso_BanaVillage_vs_Mali_Faladje,BF_BanaVil_vs_ML_Faladje,BF_BanaVil vs ML_Faladje,Without Nigeria,BurkinaFaso_BanaVillage,Mali_Faladje,Burkina Faso,Mali,Bana Village,Faladje,Burkina Faso vs Mali,Bana Village vs Faladje,120,75,75,3R,3R:33200685-34200684,33200685,34200684,19000000,20000000,19.5,1000000,0-fold,CDS_DEG_0,default,Average Hudson's FST,0.0001404194788944,0.0005495884012524,20,success,,0.25549934928468765
Selected_6pairs_1Mb_scan_3R_X,BurkinaFaso_BanaVillage_vs_Mali_Faladje,BF_BanaVil_vs_ML_Faladje,BF_BanaVil vs ML_Faladje,Without Nigeria,BurkinaFaso_BanaVillage,Mali_Faladje,Burkina Faso,Mali,Bana Village,Faladje,Burkina Faso vs Mali,Bana Village vs Faladje,120,75,75,3R,3R:32200685-33200684,32200685,33200684,20000000,21000000,20.5,1000000,4-fold,CDS_DEG_4,default,Average Hudson's FST,0.0011482561582479,0.0009630291278,20,success,,1.1923379315338505
Selected_6pairs_1Mb_scan_3R_X,BurkinaFaso_BanaVillage_vs_Mali_Faladje,BF_BanaVil_vs_ML_Faladje,BF_BanaVil vs ML_Faladje,Without Nigeria,BurkinaFaso_BanaVillage,Mali_Faladje,Burkina Faso,Mali,Bana Village,Faladje,Burkina Faso vs Mali,Bana Village vs Faladje,120,75,75,3R,3R:32200685-33200684,32200685,33200684,20000000,21000000,20.5,1000000,0-fold,CDS_DEG_0,default,Average Hudson's FST,0.0004169489982799,0.0007608010786168,20,success,,0.5480394415816919
Selected_6pairs_1Mb_scan_3R_X,BurkinaFaso_BanaVillage_vs_Mali_Faladje,BF_BanaVil_vs_ML_Faladje,BF_BanaVil vs ML_Faladje,Without Nigeria,BurkinaFaso_BanaVillage,Mali_Faladje,Burkina Faso,Mali,Bana Village,Faladje,Burkina Faso vs Mali,Bana Village vs Faladje,120,75,75,3R,3R:31200685-32200684,31200685,32200684,21000000,22000000,21.5,1000000,4-fold,CDS_DEG_4,default,Average Hudson's FST,0.0,0.0002461988017432,20,success,,0.0
Selected_6pairs_1Mb_scan_3R_X,BurkinaFaso_BanaVillage_vs_Mali_Faladje,BF_BanaVil_vs_ML_Faladje,BF_BanaVil vs ML_Faladje,Without Nigeria,BurkinaFaso_BanaVillage,Mali_Faladje,Burkina Faso,Mali,Bana Village,Faladje,Burkina Faso vs Mali,Bana Village vs Faladje,120,75,75,3R,3R:31200685-32200684,31200685,32200684,21000000,22000000,21.5,1000000,0-fold,CDS_DEG_0,default,Average Hudson's FST,0.0001872830727215,0.0004437979778716,20,success,,0.4220007347029528
Selected_6pairs_1Mb_scan_3R_X,BurkinaFaso_BanaVillage_vs_Mali_Faladje,BF_BanaVil_vs_ML_Faladje,BF_BanaVil vs ML_Faladje,Without Nigeria,BurkinaFaso_BanaVillage,Mali_Faladje,Burkina Faso,Mali,Bana Village,Faladje,Burkina Faso vs Mali,Bana Village vs Faladje,120,75,75,3R,3R:30200685-31200684,30200685,31200684,22000000,23000000,22.5,1000000,4-fold,CDS_DEG_4,default,Average Hudson's FST,0.0,0.0002603344662229,20,success,,0.0
Selected_6pairs_1Mb_scan_3R_X,BurkinaFaso_BanaVillage_vs_Mali_Faladje,BF_BanaVil_vs_ML_Faladje,BF_BanaVil vs ML_Faladje,Without Nigeria,BurkinaFaso_BanaVillage,Mali_Faladje,Burkina Faso,Mali,Bana Village,Faladje,Burkina Faso vs Mali,Bana Village vs Faladje,120,75,75,3R,3R:30200685-31200684,30200685,31200684,22000000,23000000,22.5,1000000,0-fold,CDS_DEG_0,default,Average Hudson's FST,0.0001104161944663,0.0005419197308281,20,success,,0.20375009099147312
Selected_6pairs_1Mb_scan_3R_X,BurkinaFaso_BanaVillage_vs_Mali_Faladje,BF_BanaVil_vs_ML_Faladje,BF_BanaVil vs ML_Faladje,Without Nigeria,BurkinaFaso_BanaVillage,Mali_Faladje,Burkina Faso,Mali,Bana Village,Faladje,Burkina Faso vs Mali,Bana Village vs Faladje,120,75,75,3R,3R:29200685-30200684,29200685,30200684,23000000,24000000,23.5,1000000,4-fold,CDS_DEG_4,default,Average Hudson's FST,0.0,0.0003543799392118,20,success,,0.0
Selected_6pairs_1Mb_scan_3R_X,BurkinaFaso_BanaVillage_vs_Mali_Faladje,BF_BanaVil_vs_ML_Faladje,BF_BanaVil vs ML_Faladje,Without Nigeria,BurkinaFaso_BanaVillage,Mali_Faladje,Burkina Faso,Mali,Bana Village,Faladje,Burkina Faso vs Mali,Bana Village vs Faladje,120,75,75,3R,3R:29200685-30200684,29200685,30200684,23000000,24000000,23.5,1000000,0-fold,CDS_DEG_0,default,Average Hudson's FST,0.0,0.0008584179172027,20,success,,0.0
Selected_6pairs_1Mb_scan_3R_X,BurkinaFaso_BanaVillage_vs_Mali_Faladje,BF_BanaVil_vs_ML_Faladje,BF_BanaVil vs ML_Faladje,Without Nigeria,BurkinaFaso_BanaVillage,Mali_Faladje,Burkina Faso,Mali,Bana Village,Faladje,Burkina Faso vs Mali,Bana Village vs Faladje,120,75,75,3R,3R:28200685-29200684,28200685,29200684,24000000,25000000,24.5,1000000,4-fold,CDS_DEG_4,default,Average Hudson's FST,0.0001110535351978,0.0004180243359206,20,success,,0.2656628470044233
Selected_6pairs_1Mb_scan_3R_X,BurkinaFaso_BanaVillage_vs_Mali_Faladje,BF_BanaVil_vs_ML_Faladje,BF_BanaVil vs ML_Faladje,Without Nigeria,BurkinaFaso_BanaVillage,Mali_Faladje,Burkina Faso,Mali,Bana Village,Faladje,Burkina Faso vs Mali,Bana Village vs Faladje,120,75,75,3R,3R:28200685-29200684,28200685,29200684,24000000,25000000,24.5,1000000,0-fold,CDS_DEG_0,default,Average Hudson's FST,0.0,0.0002109131583906,20,success,,0.0
Selected_6pairs_1Mb_scan_3R_X,BurkinaFaso_BanaVillage_vs_Mali_Faladje,BF_BanaVil_vs_ML_Faladje,BF_BanaVil vs ML_Faladje,Without Nigeria,BurkinaFaso_BanaVillage,Mali_Faladje,Burkina Faso,Mali,Bana Village,Faladje,Burkina Faso vs Mali,Bana Village vs Faladje,120,75,75,X,X:23393109-24393108,23393109,24393108,0,1000000,0.5,1000000,4-fold,CDS_DEG_4,default,Average Hudson's FST,0.0,0.000560832239045,20,success,,0.0
Selected_6pairs_1Mb_scan_3R_X,BurkinaFaso_BanaVillage_vs_Mali_Faladje,BF_BanaVil_vs_ML_Faladje,BF_BanaVil vs ML_Faladje,Without Nigeria,BurkinaFaso_BanaVillage,Mali_Faladje,Burkina Faso,Mali,Bana Village,Faladje,Burkina Faso vs Mali,Bana Village vs Faladje,120,75,75,X,X:23393109-24393108,23393109,24393108,0,1000000,0.5,1000000,0-fold,CDS_DEG_0,default,Average Hudson's FST,0.0004875210444696,0.0008941172596602,20,success,,0.5452540359805573
Selected_6pairs_1Mb_scan_3R_X,BurkinaFaso_BanaVillage_vs_Mali_Faladje,BF_BanaVil_vs_ML_Faladje,BF_BanaVil vs ML_Faladje,Without Nigeria,BurkinaFaso_BanaVillage,Mali_Faladje,Burkina Faso,Mali,Bana Village,Faladje,Burkina Faso vs Mali,Bana Village vs Faladje,120,75,75,X,X:22393109-23393108,22393109,23393108,1000000,2000000,1.5,1000000,4-fold,CDS_DEG_4,default,Average Hudson's FST,0.0,0.0024380340673941,20,success,,0.0
Selected_6pairs_1Mb_scan_3R_X,BurkinaFaso_BanaVillage_vs_Mali_Faladje,BF_BanaVil_vs_ML_Faladje,BF_BanaVil vs ML_Faladje,Without Nigeria,BurkinaFaso_BanaVillage,Mali_Faladje,Burkina Faso,Mali,Bana Village,Faladje,Burkina Faso vs Mali,Bana Village vs Faladje,120,75,75,X,X:22393109-23393108,22393109,23393108,1000000,2000000,1.5,1000000,0-fold,CDS_DEG_0,default,Average Hudson's FST,0.0001864740145412,0.0005588451485083,20,success,,0.3336774328970138
Selected_6pairs_1Mb_scan_3R_X,BurkinaFaso_BanaVillage_vs_Mali_Faladje,BF_BanaVil_vs_ML_Faladje,BF_BanaVil vs ML_Faladje,Without Nigeria,BurkinaFaso_BanaVillage,Mali_Faladje,Burkina Faso,Mali,Bana Village,Faladje,Burkina Faso vs Mali,Bana Village vs Faladje,120,75,75,X,X:21393109-22393108,21393109,22393108,2000000,3000000,2.5,1000000,4-fold,CDS_DEG_4,default,Average Hudson's FST,0.0007408373723515,0.0017183966984618,20,success,,0.43112127311152937
Selected_6pairs_1Mb_scan_3R_X,BurkinaFaso_BanaVillage_vs_Mali_Faladje,BF_BanaVil_vs_ML_Faladje,BF_BanaVil vs ML_Faladje,Without Nigeria,BurkinaFaso_BanaVillage,Mali_Faladje,Burkina Faso,Mali,Bana Village,Faladje,Burkina Faso vs Mali,Bana Village vs Faladje,120,75,75,X,X:21393109-22393108,21393109,22393108,2000000,3000000,2.5,1000000,0-fold,CDS_DEG_0,default,Average Hudson's FST,0.0029094701775721,0.0018094483494941,20,success,,1.6079321514679061
Selected_6pairs_1Mb_scan_3R_X,BurkinaFaso_BanaVillage_vs_Mali_Faladje,BF_BanaVil_vs_ML_Faladje,BF_BanaVil vs ML_Faladje,Without Nigeria,BurkinaFaso_BanaVillage,Mali_Faladje,Burkina Faso,Mali,Bana Village,Faladje,Burkina Faso vs Mali,Bana Village vs Faladje,120,75,75,X,X:20393109-21393108,20393109,21393108,3000000,4000000,3.5,1000000,4-fold,CDS_DEG_4,default,Average Hudson's FST,0.0,0.0015734667884357,20,success,,0.0
Selected_6pairs_1Mb_scan_3R_X,BurkinaFaso_BanaVillage_vs_Mali_Faladje,BF_BanaVil_vs_ML_Faladje,BF_BanaVil vs ML_Faladje,Without Nigeria,BurkinaFaso_BanaVillage,Mali_Faladje,Burkina Faso,Mali,Bana Village,Faladje,Burkina Faso vs Mali,Bana Village vs Faladje,120,75,75,X,X:20393109-21393108,20393109,21393108,3000000,4000000,3.5,1000000,0-fold,CDS_DEG_0,default,Average Hudson's FST,0.0,0.0008101059175072,20,success,,0.0
Selected_6pairs_1Mb_scan_3R_X,BurkinaFaso_BanaVillage_vs_Mali_Faladje,BF_BanaVil_vs_ML_Faladje,BF_BanaVil vs ML_Faladje,Without Nigeria,BurkinaFaso_BanaVillage,Mali_Faladje,Burkina Faso,Mali,Bana Village,Faladje,Burkina Faso vs Mali,Bana Village vs Faladje,120,75,75,X,X:19393109-20393108,19393109,20393108,4000000,5000000,4.5,1000000,4-fold,CDS_DEG_4,default,Average Hudson's FST,0.0,0.0007468399478584,20,success,,0.0
Selected_6pairs_1Mb_scan_3R_X,BurkinaFaso_BanaVillage_vs_Mali_Faladje,BF_BanaVil_vs_ML_Faladje,BF_BanaVil vs ML_Faladje,Without Nigeria,BurkinaFaso_BanaVillage,Mali_Faladje,Burkina Faso,Mali,Bana Village,Faladje,Burkina Faso vs Mali,Bana Village vs Faladje,120,75,75,X,X:19393109-20393108,19393109,20393108,4000000,5000000,4.5,1000000,0-fold,CDS_DEG_0,default,Average Hudson's FST,0.000250215632285,0.0011940209865366,20,success,,0.20955714774392717
Selected_6pairs_1Mb_scan_3R_X,BurkinaFaso_BanaVillage_vs_Mali_Faladje,BF_BanaVil_vs_ML_Faladje,BF_BanaVil vs ML_Faladje,Without Nigeria,BurkinaFaso_BanaVillage,Mali_Faladje,Burkina Faso,Mali,Bana Village,Faladje,Burkina Faso vs Mali,Bana Village vs Faladje,120,75,75,X,X:18393109-19393108,18393109,19393108,5000000,6000000,5.5,1000000,4-fold,CDS_DEG_4,default,Average Hudson's FST,0.0,0.0004071392972534,20,success,,0.0
Selected_6pairs_1Mb_scan_3R_X,BurkinaFaso_BanaVillage_vs_Mali_Faladje,BF_BanaVil_vs_ML_Faladje,BF_BanaVil vs ML_Faladje,Without Nigeria,BurkinaFaso_BanaVillage,Mali_Faladje,Burkina Faso,Mali,Bana Village,Faladje,Burkina Faso vs Mali,Bana Village vs Faladje,120,75,75,X,X:18393109-19393108,18393109,19393108,5000000,6000000,5.5,1000000,0-fold,CDS_DEG_0,default,Average Hudson's FST,0.0001407002871034,0.0005063837293126,20,success,,0.27785309629595767
Selected_6pairs_1Mb_scan_3R_X,BurkinaFaso_BanaVillage_vs_Mali_Faladje,BF_BanaVil_vs_ML_Faladje,BF_BanaVil vs ML_Faladje,Without Nigeria,BurkinaFaso_BanaVillage,Mali_Faladje,Burkina Faso,Mali,Bana Village,Faladje,Burkina Faso vs Mali,Bana Village vs Faladje,120,75,75,X,X:17393109-18393108,17393109,18393108,6000000,7000000,6.5,1000000,4-fold,CDS_DEG_4,default,Average Hudson's FST,0.0005129310645462,0.0006129602003963,20,success,,0.8368097377522591
Selected_6pairs_1Mb_scan_3R_X,BurkinaFaso_BanaVillage_vs_Mali_Faladje,BF_BanaVil_vs_ML_Faladje,BF_BanaVil vs ML_Faladje,Without Nigeria,BurkinaFaso_BanaVillage,Mali_Faladje,Burkina Faso,Mali,Bana Village,Faladje,Burkina Faso vs Mali,Bana Village vs Faladje,120,75,75,X,X:17393109-18393108,17393109,18393108,6000000,7000000,6.5,1000000,0-fold,CDS_DEG_0,default,Average Hudson's FST,0.0014368254990421,0.000791204913063,20,success,,1.815996684701694
Selected_6pairs_1Mb_scan_3R_X,BurkinaFaso_BanaVillage_vs_Mali_Faladje,BF_BanaVil_vs_ML_Faladje,BF_BanaVil vs ML_Faladje,Without Nigeria,BurkinaFaso_BanaVillage,Mali_Faladje,Burkina Faso,Mali,Bana Village,Faladje,Burkina Faso vs Mali,Bana Village vs Faladje,120,75,75,X,X:16393109-17393108,16393109,17393108,7000000,8000000,7.5,1000000,4-fold,CDS_DEG_4,default,Average Hudson's FST,0.0012798515698825,0.000467303901452,20,success,,2.738799239436614
Selected_6pairs_1Mb_scan_3R_X,BurkinaFaso_BanaVillage_vs_Mali_Faladje,BF_BanaVil_vs_ML_Faladje,BF_BanaVil vs ML_Faladje,Without Nigeria,BurkinaFaso_BanaVillage,Mali_Faladje,Burkina Faso,Mali,Bana Village,Faladje,Burkina Faso vs Mali,Bana Village vs Faladje,120,75,75,X,X:16393109-17393108,16393109,17393108,7000000,8000000,7.5,1000000,0-fold,CDS_DEG_0,default,Average Hudson's FST,0.0003023056542377,0.0003806140069324,20,success,,0.7942578274356357
Selected_6pairs_1Mb_scan_3R_X,BurkinaFaso_BanaVillage_vs_Mali_Faladje,BF_BanaVil_vs_ML_Faladje,BF_BanaVil vs ML_Faladje,Without Nigeria,BurkinaFaso_BanaVillage,Mali_Faladje,Burkina Faso,Mali,Bana Village,Faladje,Burkina Faso vs Mali,Bana Village vs Faladje,120,75,75,X,X:15393109-16393108,15393109,16393108,8000000,9000000,8.5,1000000,4-fold,CDS_DEG_4,default,Average Hudson's FST,0.0019271292614401,0.0011323180981136,20,success,,1.7019327560432231
Selected_6pairs_1Mb_scan_3R_X,BurkinaFaso_BanaVillage_vs_Mali_Faladje,BF_BanaVil_vs_ML_Faladje,BF_BanaVil vs ML_Faladje,Without Nigeria,BurkinaFaso_BanaVillage,Mali_Faladje,Burkina Faso,Mali,Bana Village,Faladje,Burkina Faso vs Mali,Bana Village vs Faladje,120,75,75,X,X:15393109-16393108,15393109,16393108,8000000,9000000,8.5,1000000,0-fold,CDS_DEG_0,default,Average Hudson's FST,0.0018658469464928,0.0021534439520312,20,success,,0.8664478797940717
Selected_6pairs_1Mb_scan_3R_X,BurkinaFaso_BanaVillage_vs_Mali_Faladje,BF_BanaVil_vs_ML_Faladje,BF_BanaVil vs ML_Faladje,Without Nigeria,BurkinaFaso_BanaVillage,Mali_Faladje,Burkina Faso,Mali,Bana Village,Faladje,Burkina Faso vs Mali,Bana Village vs Faladje,120,75,75,X,X:14393109-15393108,14393109,15393108,9000000,10000000,9.5,1000000,4-fold,CDS_DEG_4,default,Average Hudson's FST,0.0013104743820207,0.0008910621896783,20,success,,1.470687901698332
Selected_6pairs_1Mb_scan_3R_X,BurkinaFaso_BanaVillage_vs_Mali_Faladje,BF_BanaVil_vs_ML_Faladje,BF_BanaVil vs ML_Faladje,Without Nigeria,BurkinaFaso_BanaVillage,Mali_Faladje,Burkina Faso,Mali,Bana Village,Faladje,Burkina Faso vs Mali,Bana Village vs Faladje,120,75,75,X,X:14393109-15393108,14393109,15393108,9000000,10000000,9.5,1000000,0-fold,CDS_DEG_0,default,Average Hudson's FST,0.0011275067985588,0.0008803591664181,20,success,,1.2807350017678178
Selected_6pairs_1Mb_scan_3R_X,BurkinaFaso_BanaVillage_vs_Mali_Faladje,BF_BanaVil_vs_ML_Faladje,BF_BanaVil vs ML_Faladje,Without Nigeria,BurkinaFaso_BanaVillage,Mali_Faladje,Burkina Faso,Mali,Bana Village,Faladje,Burkina Faso vs Mali,Bana Village vs Faladje,120,75,75,X,X:13393109-14393108,13393109,14393108,10000000,11000000,10.5,1000000,4-fold,CDS_DEG_4,default,Average Hudson's FST,8.962080812027449e-05,0.0005022216513368,20,success,,0.17844871458991113
Selected_6pairs_1Mb_scan_3R_X,BurkinaFaso_BanaVillage_vs_Mali_Faladje,BF_BanaVil_vs_ML_Faladje,BF_BanaVil vs ML_Faladje,Without Nigeria,BurkinaFaso_BanaVillage,Mali_Faladje,Burkina Faso,Mali,Bana Village,Faladje,Burkina Faso vs Mali,Bana Village vs Faladje,120,75,75,X,X:13393109-14393108,13393109,14393108,10000000,11000000,10.5,1000000,0-fold,CDS_DEG_0,default,Average Hudson's FST,0.0012412394901184,0.0006864418983948,20,success,,1.8082222151954275
Selected_6pairs_1Mb_scan_3R_X,BurkinaFaso_BanaVillage_vs_Mali_Faladje,BF_BanaVil_vs_ML_Faladje,BF_BanaVil vs ML_Faladje,Without Nigeria,BurkinaFaso_BanaVillage,Mali_Faladje,Burkina Faso,Mali,Bana Village,Faladje,Burkina Faso vs Mali,Bana Village vs Faladje,120,75,75,X,X:12393109-13393108,12393109,13393108,11000000,12000000,11.5,1000000,4-fold,CDS_DEG_4,default,Average Hudson's FST,0.0,0.0004352751824386,20,success,,0.0
Selected_6pairs_1Mb_scan_3R_X,BurkinaFaso_BanaVillage_vs_Mali_Faladje,BF_BanaVil_vs_ML_Faladje,BF_BanaVil vs ML_Faladje,Without Nigeria,BurkinaFaso_BanaVillage,Mali_Faladje,Burkina Faso,Mali,Bana Village,Faladje,Burkina Faso vs Mali,Bana Village vs Faladje,120,75,75,X,X:12393109-13393108,12393109,13393108,11000000,12000000,11.5,1000000,0-fold,CDS_DEG_0,default,Average Hudson's FST,0.0,0.0005781393082193,20,success,,0.0
Selected_6pairs_1Mb_scan_3R_X,BurkinaFaso_BanaVillage_vs_Mali_Faladje,BF_BanaVil_vs_ML_Faladje,BF_BanaVil vs ML_Faladje,Without Nigeria,BurkinaFaso_BanaVillage,Mali_Faladje,Burkina Faso,Mali,Bana Village,Faladje,Burkina Faso vs Mali,Bana Village vs Faladje,120,75,75,X,X:11393109-12393108,11393109,12393108,12000000,13000000,12.5,1000000,4-fold,CDS_DEG_4,default,Average Hudson's FST,0.0004101575047791,0.0002963768825938,20,success,,1.3839051858212648
Selected_6pairs_1Mb_scan_3R_X,BurkinaFaso_BanaVillage_vs_Mali_Faladje,BF_BanaVil_vs_ML_Faladje,BF_BanaVil vs ML_Faladje,Without Nigeria,BurkinaFaso_BanaVillage,Mali_Faladje,Burkina Faso,Mali,Bana Village,Faladje,Burkina Faso vs Mali,Bana Village vs Faladje,120,75,75,X,X:11393109-12393108,11393109,12393108,12000000,13000000,12.5,1000000,0-fold,CDS_DEG_0,default,Average Hudson's FST,0.0013456897827931,0.0005434403264288,20,success,,2.476242040476193
Selected_6pairs_1Mb_scan_3R_X,BurkinaFaso_BanaVillage_vs_Mali_Faladje,BF_BanaVil_vs_ML_Faladje,BF_BanaVil vs ML_Faladje,Without Nigeria,BurkinaFaso_BanaVillage,Mali_Faladje,Burkina Faso,Mali,Bana Village,Faladje,Burkina Faso vs Mali,Bana Village vs Faladje,120,75,75,X,X:10393109-11393108,10393109,11393108,13000000,14000000,13.5,1000000,4-fold,CDS_DEG_4,default,Average Hudson's FST,0.0002513598070699,0.0004439971568265,20,success,,0.566129316832818
Selected_6pairs_1Mb_scan_3R_X,BurkinaFaso_BanaVillage_vs_Mali_Faladje,BF_BanaVil_vs_ML_Faladje,BF_BanaVil vs ML_Faladje,Without Nigeria,BurkinaFaso_BanaVillage,Mali_Faladje,Burkina Faso,Mali,Bana Village,Faladje,Burkina Faso vs Mali,Bana Village vs Faladje,120,75,75,X,X:10393109-11393108,10393109,11393108,13000000,14000000,13.5,1000000,0-fold,CDS_DEG_0,default,Average Hudson's FST,0.0001360396429827,0.0003502373246157,20,success,,0.38842131726528667
Selected_6pairs_1Mb_scan_3R_X,BurkinaFaso_BanaVillage_vs_Mali_Faladje,BF_BanaVil_vs_ML_Faladje,BF_BanaVil vs ML_Faladje,Without Nigeria,BurkinaFaso_BanaVillage,Mali_Faladje,Burkina Faso,Mali,Bana Village,Faladje,Burkina Faso vs Mali,Bana Village vs Faladje,120,75,75,X,X:9393109-10393108,9393109,10393108,14000000,15000000,14.5,1000000,4-fold,CDS_DEG_4,default,Average Hudson's FST,0.001509182404376,0.0004770444716484,20,success,,3.163609462155816
Selected_6pairs_1Mb_scan_3R_X,BurkinaFaso_BanaVillage_vs_Mali_Faladje,BF_BanaVil_vs_ML_Faladje,BF_BanaVil vs ML_Faladje,Without Nigeria,BurkinaFaso_BanaVillage,Mali_Faladje,Burkina Faso,Mali,Bana Village,Faladje,Burkina Faso vs Mali,Bana Village vs Faladje,120,75,75,X,X:9393109-10393108,9393109,10393108,14000000,15000000,14.5,1000000,0-fold,CDS_DEG_0,default,Average Hudson's FST,0.0026682838411997,0.0008150394356688,20,success,,3.2738094924329353
Selected_6pairs_1Mb_scan_3R_X,BurkinaFaso_BanaVillage_vs_Mali_Faladje,BF_BanaVil_vs_ML_Faladje,BF_BanaVil vs ML_Faladje,Without Nigeria,BurkinaFaso_BanaVillage,Mali_Faladje,Burkina Faso,Mali,Bana Village,Faladje,Burkina Faso vs Mali,Bana Village vs Faladje,120,75,75,X,X:8393109-9393108,8393109,9393108,15000000,16000000,15.5,1000000,4-fold,CDS_DEG_4,default,Average Hudson's FST,0.0070122058105339,0.0021898810938187,20,success,,3.2020943193340523
Selected_6pairs_1Mb_scan_3R_X,BurkinaFaso_BanaVillage_vs_Mali_Faladje,BF_BanaVil_vs_ML_Faladje,BF_BanaVil vs ML_Faladje,Without Nigeria,BurkinaFaso_BanaVillage,Mali_Faladje,Burkina Faso,Mali,Bana Village,Faladje,Burkina Faso vs Mali,Bana Village vs Faladje,120,75,75,X,X:8393109-9393108,8393109,9393108,15000000,16000000,15.5,1000000,0-fold,CDS_DEG_0,default,Average Hudson's FST,0.0111048736965144,0.004398427434697,20,success,,2.5247372751710286
Selected_6pairs_1Mb_scan_3R_X,BurkinaFaso_BanaVillage_vs_Mali_Faladje,BF_BanaVil_vs_ML_Faladje,BF_BanaVil vs ML_Faladje,Without Nigeria,BurkinaFaso_BanaVillage,Mali_Faladje,Burkina Faso,Mali,Bana Village,Faladje,Burkina Faso vs Mali,Bana Village vs Faladje,120,75,75,X,X:7393109-8393108,7393109,8393108,16000000,17000000,16.5,1000000,4-fold,CDS_DEG_4,default,Average Hudson's FST,0.0,0.0002235960574792,20,success,,0.0
Selected_6pairs_1Mb_scan_3R_X,BurkinaFaso_BanaVillage_vs_Mali_Faladje,BF_BanaVil_vs_ML_Faladje,BF_BanaVil vs ML_Faladje,Without Nigeria,BurkinaFaso_BanaVillage,Mali_Faladje,Burkina Faso,Mali,Bana Village,Faladje,Burkina Faso vs Mali,Bana Village vs Faladje,120,75,75,X,X:7393109-8393108,7393109,8393108,16000000,17000000,16.5,1000000,0-fold,CDS_DEG_0,default,Average Hudson's FST,9.194190480236813e-05,0.0004784271643519,20,success,,0.19217534382044751
Selected_6pairs_1Mb_scan_3R_X,BurkinaFaso_BanaVillage_vs_Mali_Faladje,BF_BanaVil_vs_ML_Faladje,BF_BanaVil vs ML_Faladje,Without Nigeria,BurkinaFaso_BanaVillage,Mali_Faladje,Burkina Faso,Mali,Bana Village,Faladje,Burkina Faso vs Mali,Bana Village vs Faladje,120,75,75,X,X:6393109-7393108,6393109,7393108,17000000,18000000,17.5,1000000,4-fold,CDS_DEG_4,default,Average Hudson's FST,0.0,0.000170025447706,20,success,,0.0
Selected_6pairs_1Mb_scan_3R_X,BurkinaFaso_BanaVillage_vs_Mali_Faladje,BF_BanaVil_vs_ML_Faladje,BF_BanaVil vs ML_Faladje,Without Nigeria,BurkinaFaso_BanaVillage,Mali_Faladje,Burkina Faso,Mali,Bana Village,Faladje,Burkina Faso vs Mali,Bana Village vs Faladje,120,75,75,X,X:6393109-7393108,6393109,7393108,17000000,18000000,17.5,1000000,0-fold,CDS_DEG_0,default,Average Hudson's FST,0.000695776892193,0.0005484986884211,20,success,,1.2685114967108724
Selected_6pairs_1Mb_scan_3R_X,BurkinaFaso_BanaVillage_vs_Mali_Faladje,BF_BanaVil_vs_ML_Faladje,BF_BanaVil vs ML_Faladje,Without Nigeria,BurkinaFaso_BanaVillage,Mali_Faladje,Burkina Faso,Mali,Bana Village,Faladje,Burkina Faso vs Mali,Bana Village vs Faladje,120,75,75,X,X:5393109-6393108,5393109,6393108,18000000,19000000,18.5,1000000,4-fold,CDS_DEG_4,default,Average Hudson's FST,0.0,0.0002918466116095,20,success,,0.0
Selected_6pairs_1Mb_scan_3R_X,BurkinaFaso_BanaVillage_vs_Mali_Faladje,BF_BanaVil_vs_ML_Faladje,BF_BanaVil vs ML_Faladje,Without Nigeria,BurkinaFaso_BanaVillage,Mali_Faladje,Burkina Faso,Mali,Bana Village,Faladje,Burkina Faso vs Mali,Bana Village vs Faladje,120,75,75,X,X:5393109-6393108,5393109,6393108,18000000,19000000,18.5,1000000,0-fold,CDS_DEG_0,default,Average Hudson's FST,0.0,0.0003368388332728,20,success,,0.0
Selected_6pairs_1Mb_scan_3R_X,BurkinaFaso_BanaVillage_vs_Mali_Faladje,BF_BanaVil_vs_ML_Faladje,BF_BanaVil vs ML_Faladje,Without Nigeria,BurkinaFaso_BanaVillage,Mali_Faladje,Burkina Faso,Mali,Bana Village,Faladje,Burkina Faso vs Mali,Bana Village vs Faladje,120,75,75,X,X:4393109-5393108,4393109,5393108,19000000,20000000,19.5,1000000,4-fold,CDS_DEG_4,default,Average Hudson's FST,0.0,0.000325986087614,20,success,,0.0
Selected_6pairs_1Mb_scan_3R_X,BurkinaFaso_BanaVillage_vs_Mali_Faladje,BF_BanaVil_vs_ML_Faladje,BF_BanaVil vs ML_Faladje,Without Nigeria,BurkinaFaso_BanaVillage,Mali_Faladje,Burkina Faso,Mali,Bana Village,Faladje,Burkina Faso vs Mali,Bana Village vs Faladje,120,75,75,X,X:4393109-5393108,4393109,5393108,19000000,20000000,19.5,1000000,0-fold,CDS_DEG_0,default,Average Hudson's FST,0.0002521320375706,0.0002155956548098,20,success,,1.1694671573647097
Selected_6pairs_1Mb_scan_3R_X,BurkinaFaso_BanaVillage_vs_Mali_Faladje,BF_BanaVil_vs_ML_Faladje,BF_BanaVil vs ML_Faladje,Without Nigeria,BurkinaFaso_BanaVillage,Mali_Faladje,Burkina Faso,Mali,Bana Village,Faladje,Burkina Faso vs Mali,Bana Village vs Faladje,120,75,75,X,X:3393109-4393108,3393109,4393108,20000000,21000000,20.5,1000000,4-fold,CDS_DEG_4,default,Average Hudson's FST,0.0005261310362862,0.0006992409749039,20,success,,0.7524316439815454
Selected_6pairs_1Mb_scan_3R_X,BurkinaFaso_BanaVillage_vs_Mali_Faladje,BF_BanaVil_vs_ML_Faladje,BF_BanaVil vs ML_Faladje,Without Nigeria,BurkinaFaso_BanaVillage,Mali_Faladje,Burkina Faso,Mali,Bana Village,Faladje,Burkina Faso vs Mali,Bana Village vs Faladje,120,75,75,X,X:3393109-4393108,3393109,4393108,20000000,21000000,20.5,1000000,0-fold,CDS_DEG_0,default,Average Hudson's FST,0.0,0.0004496476675382,20,success,,0.0
Selected_6pairs_1Mb_scan_3R_X,BurkinaFaso_BanaVillage_vs_Mali_Faladje,BF_BanaVil_vs_ML_Faladje,BF_BanaVil vs ML_Faladje,Without Nigeria,BurkinaFaso_BanaVillage,Mali_Faladje,Burkina Faso,Mali,Bana Village,Faladje,Burkina Faso vs Mali,Bana Village vs Faladje,120,75,75,X,X:2393109-3393108,2393109,3393108,21000000,22000000,21.5,1000000,4-fold,CDS_DEG_4,default,Average Hudson's FST,0.0,0.0001974529582978,20,success,,0.0
Selected_6pairs_1Mb_scan_3R_X,BurkinaFaso_BanaVillage_vs_Mali_Faladje,BF_BanaVil_vs_ML_Faladje,BF_BanaVil vs ML_Faladje,Without Nigeria,BurkinaFaso_BanaVillage,Mali_Faladje,Burkina Faso,Mali,Bana Village,Faladje,Burkina Faso vs Mali,Bana Village vs Faladje,120,75,75,X,X:2393109-3393108,2393109,3393108,21000000,22000000,21.5,1000000,0-fold,CDS_DEG_0,default,Average Hudson's FST,0.0,0.0003116863515073,20,success,,0.0
Selected_6pairs_1Mb_scan_3R_X,BurkinaFaso_BanaVillage_vs_Mali_Faladje,BF_BanaVil_vs_ML_Faladje,BF_BanaVil vs ML_Faladje,Without Nigeria,BurkinaFaso_BanaVillage,Mali_Faladje,Burkina Faso,Mali,Bana Village,Faladje,Burkina Faso vs Mali,Bana Village vs Faladje,120,75,75,X,X:1393109-2393108,1393109,2393108,22000000,23000000,22.5,1000000,4-fold,CDS_DEG_4,default,Average Hudson's FST,2.9344009751872963e-05,0.0001962715860086,20,success,,0.14950717191732074
Selected_6pairs_1Mb_scan_3R_X,BurkinaFaso_BanaVillage_vs_Mali_Faladje,BF_BanaVil_vs_ML_Faladje,BF_BanaVil vs ML_Faladje,Without Nigeria,BurkinaFaso_BanaVillage,Mali_Faladje,Burkina Faso,Mali,Bana Village,Faladje,Burkina Faso vs Mali,Bana Village vs Faladje,120,75,75,X,X:1393109-2393108,1393109,2393108,22000000,23000000,22.5,1000000,0-fold,CDS_DEG_0,default,Average Hudson's FST,0.0,0.000412471499039,20,success,,0.0
Selected_6pairs_1Mb_scan_3R_X,BurkinaFaso_BanaVillage_vs_Mali_Faladje,BF_BanaVil_vs_ML_Faladje,BF_BanaVil vs ML_Faladje,Without Nigeria,BurkinaFaso_BanaVillage,Mali_Faladje,Burkina Faso,Mali,Bana Village,Faladje,Burkina Faso vs Mali,Bana Village vs Faladje,120,75,75,X,X:393109-1393108,393109,1393108,23000000,24000000,23.5,1000000,4-fold,CDS_DEG_4,default,Average Hudson's FST,0.0,0.0002829010611121,20,success,,0.0
Selected_6pairs_1Mb_scan_3R_X,BurkinaFaso_BanaVillage_vs_Mali_Faladje,BF_BanaVil_vs_ML_Faladje,BF_BanaVil vs ML_Faladje,Without Nigeria,BurkinaFaso_BanaVillage,Mali_Faladje,Burkina Faso,Mali,Bana Village,Faladje,Burkina Faso vs Mali,Bana Village vs Faladje,120,75,75,X,X:393109-1393108,393109,1393108,23000000,24000000,23.5,1000000,0-fold,CDS_DEG_0,default,Average Hudson's FST,0.0003665082102505,0.0004324840256645,20,success,,0.8474491276004242
Selected_6pairs_1Mb_scan_3R_X,Guinea_Siguiri_Dankakoro_vs_Mali_Faladje,GN_Siguiri_vs_ML_Faladje,GN_Siguiri vs ML_Faladje,Without Nigeria,Guinea_Siguiri_Dankakoro,Mali_Faladje,Guinea,Mali,Siguiri_Dankakoro,Faladje,Guinea vs Mali,Siguiri_Dankakoro vs Faladje,81,75,75,3R,3R:52200685-53200684,52200685,53200684,0,1000000,0.5,1000000,4-fold,CDS_DEG_4,default,Average Hudson's FST,0.0067977623313239,0.0051574267857858,20,success,,1.3180530938527273
Selected_6pairs_1Mb_scan_3R_X,Guinea_Siguiri_Dankakoro_vs_Mali_Faladje,GN_Siguiri_vs_ML_Faladje,GN_Siguiri vs ML_Faladje,Without Nigeria,Guinea_Siguiri_Dankakoro,Mali_Faladje,Guinea,Mali,Siguiri_Dankakoro,Faladje,Guinea vs Mali,Siguiri_Dankakoro vs Faladje,81,75,75,3R,3R:52200685-53200684,52200685,53200684,0,1000000,0.5,1000000,0-fold,CDS_DEG_0,default,Average Hudson's FST,0.0004851863327977,0.0013002545435538,20,success,,0.37314719275781916
Selected_6pairs_1Mb_scan_3R_X,Guinea_Siguiri_Dankakoro_vs_Mali_Faladje,GN_Siguiri_vs_ML_Faladje,GN_Siguiri vs ML_Faladje,Without Nigeria,Guinea_Siguiri_Dankakoro,Mali_Faladje,Guinea,Mali,Siguiri_Dankakoro,Faladje,Guinea vs Mali,Siguiri_Dankakoro vs Faladje,81,75,75,3R,3R:51200685-52200684,51200685,52200684,1000000,2000000,1.5,1000000,4-fold,CDS_DEG_4,default,Average Hudson's FST,0.001007736960455,0.0008642129106179,20,success,,1.1660748735337478
Selected_6pairs_1Mb_scan_3R_X,Guinea_Siguiri_Dankakoro_vs_Mali_Faladje,GN_Siguiri_vs_ML_Faladje,GN_Siguiri vs ML_Faladje,Without Nigeria,Guinea_Siguiri_Dankakoro,Mali_Faladje,Guinea,Mali,Siguiri_Dankakoro,Faladje,Guinea vs Mali,Siguiri_Dankakoro vs Faladje,81,75,75,3R,3R:51200685-52200684,51200685,52200684,1000000,2000000,1.5,1000000,0-fold,CDS_DEG_0,default,Average Hudson's FST,0.0004273679875018,0.0006880101010566,20,success,,0.6211652806339278
Selected_6pairs_1Mb_scan_3R_X,Guinea_Siguiri_Dankakoro_vs_Mali_Faladje,GN_Siguiri_vs_ML_Faladje,GN_Siguiri vs ML_Faladje,Without Nigeria,Guinea_Siguiri_Dankakoro,Mali_Faladje,Guinea,Mali,Siguiri_Dankakoro,Faladje,Guinea vs Mali,Siguiri_Dankakoro vs Faladje,81,75,75,3R,3R:50200685-51200684,50200685,51200684,2000000,3000000,2.5,1000000,4-fold,CDS_DEG_4,default,Average Hudson's FST,0.0,0.0006466018233143,20,success,,0.0
Selected_6pairs_1Mb_scan_3R_X,Guinea_Siguiri_Dankakoro_vs_Mali_Faladje,GN_Siguiri_vs_ML_Faladje,GN_Siguiri vs ML_Faladje,Without Nigeria,Guinea_Siguiri_Dankakoro,Mali_Faladje,Guinea,Mali,Siguiri_Dankakoro,Faladje,Guinea vs Mali,Siguiri_Dankakoro vs Faladje,81,75,75,3R,3R:50200685-51200684,50200685,51200684,2000000,3000000,2.5,1000000,0-fold,CDS_DEG_0,default,Average Hudson's FST,0.0,0.0009818880830935,20,success,,0.0
Selected_6pairs_1Mb_scan_3R_X,Guinea_Siguiri_Dankakoro_vs_Mali_Faladje,GN_Siguiri_vs_ML_Faladje,GN_Siguiri vs ML_Faladje,Without Nigeria,Guinea_Siguiri_Dankakoro,Mali_Faladje,Guinea,Mali,Siguiri_Dankakoro,Faladje,Guinea vs Mali,Siguiri_Dankakoro vs Faladje,81,75,75,3R,3R:49200685-50200684,49200685,50200684,3000000,4000000,3.5,1000000,4-fold,CDS_DEG_4,default,Average Hudson's FST,0.0008526104019142,0.0007113768553258,20,success,,1.1985354816241767
Selected_6pairs_1Mb_scan_3R_X,Guinea_Siguiri_Dankakoro_vs_Mali_Faladje,GN_Siguiri_vs_ML_Faladje,GN_Siguiri vs ML_Faladje,Without Nigeria,Guinea_Siguiri_Dankakoro,Mali_Faladje,Guinea,Mali,Siguiri_Dankakoro,Faladje,Guinea vs Mali,Siguiri_Dankakoro vs Faladje,81,75,75,3R,3R:49200685-50200684,49200685,50200684,3000000,4000000,3.5,1000000,0-fold,CDS_DEG_0,default,Average Hudson's FST,0.0005012480529087,0.0013404584409638,20,success,,0.3739377794870677
Selected_6pairs_1Mb_scan_3R_X,Guinea_Siguiri_Dankakoro_vs_Mali_Faladje,GN_Siguiri_vs_ML_Faladje,GN_Siguiri vs ML_Faladje,Without Nigeria,Guinea_Siguiri_Dankakoro,Mali_Faladje,Guinea,Mali,Siguiri_Dankakoro,Faladje,Guinea vs Mali,Siguiri_Dankakoro vs Faladje,81,75,75,3R,3R:48200685-49200684,48200685,49200684,4000000,5000000,4.5,1000000,4-fold,CDS_DEG_4,default,Average Hudson's FST,0.0,0.0004420464474685,20,success,,0.0
Selected_6pairs_1Mb_scan_3R_X,Guinea_Siguiri_Dankakoro_vs_Mali_Faladje,GN_Siguiri_vs_ML_Faladje,GN_Siguiri vs ML_Faladje,Without Nigeria,Guinea_Siguiri_Dankakoro,Mali_Faladje,Guinea,Mali,Siguiri_Dankakoro,Faladje,Guinea vs Mali,Siguiri_Dankakoro vs Faladje,81,75,75,3R,3R:48200685-49200684,48200685,49200684,4000000,5000000,4.5,1000000,0-fold,CDS_DEG_0,default,Average Hudson's FST,0.0,0.0003628592454966,20,success,,0.0
Selected_6pairs_1Mb_scan_3R_X,Guinea_Siguiri_Dankakoro_vs_Mali_Faladje,GN_Siguiri_vs_ML_Faladje,GN_Siguiri vs ML_Faladje,Without Nigeria,Guinea_Siguiri_Dankakoro,Mali_Faladje,Guinea,Mali,Siguiri_Dankakoro,Faladje,Guinea vs Mali,Siguiri_Dankakoro vs Faladje,81,75,75,3R,3R:47200685-48200684,47200685,48200684,5000000,6000000,5.5,1000000,4-fold,CDS_DEG_4,default,Average Hudson's FST,0.0006166801183076,0.0005623641426823,20,success,,1.0965850620671331
Selected_6pairs_1Mb_scan_3R_X,Guinea_Siguiri_Dankakoro_vs_Mali_Faladje,GN_Siguiri_vs_ML_Faladje,GN_Siguiri vs ML_Faladje,Without Nigeria,Guinea_Siguiri_Dankakoro,Mali_Faladje,Guinea,Mali,Siguiri_Dankakoro,Faladje,Guinea vs Mali,Siguiri_Dankakoro vs Faladje,81,75,75,3R,3R:47200685-48200684,47200685,48200684,5000000,6000000,5.5,1000000,0-fold,CDS_DEG_0,default,Average Hudson's FST,0.0,0.0004040019918571,20,success,,0.0
Selected_6pairs_1Mb_scan_3R_X,Guinea_Siguiri_Dankakoro_vs_Mali_Faladje,GN_Siguiri_vs_ML_Faladje,GN_Siguiri vs ML_Faladje,Without Nigeria,Guinea_Siguiri_Dankakoro,Mali_Faladje,Guinea,Mali,Siguiri_Dankakoro,Faladje,Guinea vs Mali,Siguiri_Dankakoro vs Faladje,81,75,75,3R,3R:46200685-47200684,46200685,47200684,6000000,7000000,6.5,1000000,4-fold,CDS_DEG_4,default,Average Hudson's FST,0.0,0.0004845855164608,20,success,,0.0
Selected_6pairs_1Mb_scan_3R_X,Guinea_Siguiri_Dankakoro_vs_Mali_Faladje,GN_Siguiri_vs_ML_Faladje,GN_Siguiri vs ML_Faladje,Without Nigeria,Guinea_Siguiri_Dankakoro,Mali_Faladje,Guinea,Mali,Siguiri_Dankakoro,Faladje,Guinea vs Mali,Siguiri_Dankakoro vs Faladje,81,75,75,3R,3R:46200685-47200684,46200685,47200684,6000000,7000000,6.5,1000000,0-fold,CDS_DEG_0,default,Average Hudson's FST,0.0004605968096854,0.0005481725906236,20,success,,0.8402404964491677
Selected_6pairs_1Mb_scan_3R_X,Guinea_Siguiri_Dankakoro_vs_Mali_Faladje,GN_Siguiri_vs_ML_Faladje,GN_Siguiri vs ML_Faladje,Without Nigeria,Guinea_Siguiri_Dankakoro,Mali_Faladje,Guinea,Mali,Siguiri_Dankakoro,Faladje,Guinea vs Mali,Siguiri_Dankakoro vs Faladje,81,75,75,3R,3R:45200685-46200684,45200685,46200684,7000000,8000000,7.5,1000000,4-fold,CDS_DEG_4,default,Average Hudson's FST,0.000340491978982,0.0007224831151487,20,success,,0.4712801888967615
Selected_6pairs_1Mb_scan_3R_X,Guinea_Siguiri_Dankakoro_vs_Mali_Faladje,GN_Siguiri_vs_ML_Faladje,GN_Siguiri vs ML_Faladje,Without Nigeria,Guinea_Siguiri_Dankakoro,Mali_Faladje,Guinea,Mali,Siguiri_Dankakoro,Faladje,Guinea vs Mali,Siguiri_Dankakoro vs Faladje,81,75,75,3R,3R:45200685-46200684,45200685,46200684,7000000,8000000,7.5,1000000,0-fold,CDS_DEG_0,default,Average Hudson's FST,0.0003410096136459,0.0007876347052879,20,success,,0.43295402215834633
Selected_6pairs_1Mb_scan_3R_X,Guinea_Siguiri_Dankakoro_vs_Mali_Faladje,GN_Siguiri_vs_ML_Faladje,GN_Siguiri vs ML_Faladje,Without Nigeria,Guinea_Siguiri_Dankakoro,Mali_Faladje,Guinea,Mali,Siguiri_Dankakoro,Faladje,Guinea vs Mali,Siguiri_Dankakoro vs Faladje,81,75,75,3R,3R:44200685-45200684,44200685,45200684,8000000,9000000,8.5,1000000,4-fold,CDS_DEG_4,default,Average Hudson's FST,0.0,0.0004654536622125,20,success,,0.0
Selected_6pairs_1Mb_scan_3R_X,Guinea_Siguiri_Dankakoro_vs_Mali_Faladje,GN_Siguiri_vs_ML_Faladje,GN_Siguiri vs ML_Faladje,Without Nigeria,Guinea_Siguiri_Dankakoro,Mali_Faladje,Guinea,Mali,Siguiri_Dankakoro,Faladje,Guinea vs Mali,Siguiri_Dankakoro vs Faladje,81,75,75,3R,3R:44200685-45200684,44200685,45200684,8000000,9000000,8.5,1000000,0-fold,CDS_DEG_0,default,Average Hudson's FST,0.0003821440249299,0.0005398690827396,20,success,,0.7078457299141596
Selected_6pairs_1Mb_scan_3R_X,Guinea_Siguiri_Dankakoro_vs_Mali_Faladje,GN_Siguiri_vs_ML_Faladje,GN_Siguiri vs ML_Faladje,Without Nigeria,Guinea_Siguiri_Dankakoro,Mali_Faladje,Guinea,Mali,Siguiri_Dankakoro,Faladje,Guinea vs Mali,Siguiri_Dankakoro vs Faladje,81,75,75,3R,3R:43200685-44200684,43200685,44200684,9000000,10000000,9.5,1000000,4-fold,CDS_DEG_4,default,Average Hudson's FST,0.0,0.0003659282822326,20,success,,0.0
Selected_6pairs_1Mb_scan_3R_X,Guinea_Siguiri_Dankakoro_vs_Mali_Faladje,GN_Siguiri_vs_ML_Faladje,GN_Siguiri vs ML_Faladje,Without Nigeria,Guinea_Siguiri_Dankakoro,Mali_Faladje,Guinea,Mali,Siguiri_Dankakoro,Faladje,Guinea vs Mali,Siguiri_Dankakoro vs Faladje,81,75,75,3R,3R:43200685-44200684,43200685,44200684,9000000,10000000,9.5,1000000,0-fold,CDS_DEG_0,default,Average Hudson's FST,0.0,0.0005210301058551,20,success,,0.0
Selected_6pairs_1Mb_scan_3R_X,Guinea_Siguiri_Dankakoro_vs_Mali_Faladje,GN_Siguiri_vs_ML_Faladje,GN_Siguiri vs ML_Faladje,Without Nigeria,Guinea_Siguiri_Dankakoro,Mali_Faladje,Guinea,Mali,Siguiri_Dankakoro,Faladje,Guinea vs Mali,Siguiri_Dankakoro vs Faladje,81,75,75,3R,3R:42200685-43200684,42200685,43200684,10000000,11000000,10.5,1000000,4-fold,CDS_DEG_4,default,Average Hudson's FST,0.0,0.0004249723449444,20,success,,0.0
Selected_6pairs_1Mb_scan_3R_X,Guinea_Siguiri_Dankakoro_vs_Mali_Faladje,GN_Siguiri_vs_ML_Faladje,GN_Siguiri vs ML_Faladje,Without Nigeria,Guinea_Siguiri_Dankakoro,Mali_Faladje,Guinea,Mali,Siguiri_Dankakoro,Faladje,Guinea vs Mali,Siguiri_Dankakoro vs Faladje,81,75,75,3R,3R:42200685-43200684,42200685,43200684,10000000,11000000,10.5,1000000,0-fold,CDS_DEG_0,default,Average Hudson's FST,0.0,0.000404411104123,20,success,,0.0
Selected_6pairs_1Mb_scan_3R_X,Guinea_Siguiri_Dankakoro_vs_Mali_Faladje,GN_Siguiri_vs_ML_Faladje,GN_Siguiri vs ML_Faladje,Without Nigeria,Guinea_Siguiri_Dankakoro,Mali_Faladje,Guinea,Mali,Siguiri_Dankakoro,Faladje,Guinea vs Mali,Siguiri_Dankakoro vs Faladje,81,75,75,3R,3R:41200685-42200684,41200685,42200684,11000000,12000000,11.5,1000000,4-fold,CDS_DEG_4,default,Average Hudson's FST,0.0006787445103755,0.000642569347073,20,success,,1.0562976797248163
Selected_6pairs_1Mb_scan_3R_X,Guinea_Siguiri_Dankakoro_vs_Mali_Faladje,GN_Siguiri_vs_ML_Faladje,GN_Siguiri vs ML_Faladje,Without Nigeria,Guinea_Siguiri_Dankakoro,Mali_Faladje,Guinea,Mali,Siguiri_Dankakoro,Faladje,Guinea vs Mali,Siguiri_Dankakoro vs Faladje,81,75,75,3R,3R:41200685-42200684,41200685,42200684,11000000,12000000,11.5,1000000,0-fold,CDS_DEG_0,default,Average Hudson's FST,0.0006782773626841,0.0006985816792933,20,success,,0.970934942597206
Selected_6pairs_1Mb_scan_3R_X,Guinea_Siguiri_Dankakoro_vs_Mali_Faladje,GN_Siguiri_vs_ML_Faladje,GN_Siguiri vs ML_Faladje,Without Nigeria,Guinea_Siguiri_Dankakoro,Mali_Faladje,Guinea,Mali,Siguiri_Dankakoro,Faladje,Guinea vs Mali,Siguiri_Dankakoro vs Faladje,81,75,75,3R,3R:40200685-41200684,40200685,41200684,12000000,13000000,12.5,1000000,4-fold,CDS_DEG_4,default,Average Hudson's FST,0.0,0.0015540643154459,20,success,,0.0
Selected_6pairs_1Mb_scan_3R_X,Guinea_Siguiri_Dankakoro_vs_Mali_Faladje,GN_Siguiri_vs_ML_Faladje,GN_Siguiri vs ML_Faladje,Without Nigeria,Guinea_Siguiri_Dankakoro,Mali_Faladje,Guinea,Mali,Siguiri_Dankakoro,Faladje,Guinea vs Mali,Siguiri_Dankakoro vs Faladje,81,75,75,3R,3R:40200685-41200684,40200685,41200684,12000000,13000000,12.5,1000000,0-fold,CDS_DEG_0,default,Average Hudson's FST,0.0,0.0012082125409143,20,success,,0.0
Selected_6pairs_1Mb_scan_3R_X,Guinea_Siguiri_Dankakoro_vs_Mali_Faladje,GN_Siguiri_vs_ML_Faladje,GN_Siguiri vs ML_Faladje,Without Nigeria,Guinea_Siguiri_Dankakoro,Mali_Faladje,Guinea,Mali,Siguiri_Dankakoro,Faladje,Guinea vs Mali,Siguiri_Dankakoro vs Faladje,81,75,75,3R,3R:39200685-40200684,39200685,40200684,13000000,14000000,13.5,1000000,4-fold,CDS_DEG_4,default,Average Hudson's FST,0.0010478917359261,0.0009099748069719,20,success,,1.151561260704725
Selected_6pairs_1Mb_scan_3R_X,Guinea_Siguiri_Dankakoro_vs_Mali_Faladje,GN_Siguiri_vs_ML_Faladje,GN_Siguiri vs ML_Faladje,Without Nigeria,Guinea_Siguiri_Dankakoro,Mali_Faladje,Guinea,Mali,Siguiri_Dankakoro,Faladje,Guinea vs Mali,Siguiri_Dankakoro vs Faladje,81,75,75,3R,3R:39200685-40200684,39200685,40200684,13000000,14000000,13.5,1000000,0-fold,CDS_DEG_0,default,Average Hudson's FST,0.0015388383340695,0.0010066917651725,20,success,,1.5286092399949402
Selected_6pairs_1Mb_scan_3R_X,Guinea_Siguiri_Dankakoro_vs_Mali_Faladje,GN_Siguiri_vs_ML_Faladje,GN_Siguiri vs ML_Faladje,Without Nigeria,Guinea_Siguiri_Dankakoro,Mali_Faladje,Guinea,Mali,Siguiri_Dankakoro,Faladje,Guinea vs Mali,Siguiri_Dankakoro vs Faladje,81,75,75,3R,3R:38200685-39200684,38200685,39200684,14000000,15000000,14.5,1000000,4-fold,CDS_DEG_4,default,Average Hudson's FST,9.134633755786316e-05,0.0007446549393873,20,success,,0.12266935022686168
Selected_6pairs_1Mb_scan_3R_X,Guinea_Siguiri_Dankakoro_vs_Mali_Faladje,GN_Siguiri_vs_ML_Faladje,GN_Siguiri vs ML_Faladje,Without Nigeria,Guinea_Siguiri_Dankakoro,Mali_Faladje,Guinea,Mali,Siguiri_Dankakoro,Faladje,Guinea vs Mali,Siguiri_Dankakoro vs Faladje,81,75,75,3R,3R:38200685-39200684,38200685,39200684,14000000,15000000,14.5,1000000,0-fold,CDS_DEG_0,default,Average Hudson's FST,0.0,0.0003897925531936,20,success,,0.0
Selected_6pairs_1Mb_scan_3R_X,Guinea_Siguiri_Dankakoro_vs_Mali_Faladje,GN_Siguiri_vs_ML_Faladje,GN_Siguiri vs ML_Faladje,Without Nigeria,Guinea_Siguiri_Dankakoro,Mali_Faladje,Guinea,Mali,Siguiri_Dankakoro,Faladje,Guinea vs Mali,Siguiri_Dankakoro vs Faladje,81,75,75,3R,3R:37200685-38200684,37200685,38200684,15000000,16000000,15.5,1000000,4-fold,CDS_DEG_4,default,Average Hudson's FST,0.0,0.0003582091859393,20,success,,0.0
Selected_6pairs_1Mb_scan_3R_X,Guinea_Siguiri_Dankakoro_vs_Mali_Faladje,GN_Siguiri_vs_ML_Faladje,GN_Siguiri vs ML_Faladje,Without Nigeria,Guinea_Siguiri_Dankakoro,Mali_Faladje,Guinea,Mali,Siguiri_Dankakoro,Faladje,Guinea vs Mali,Siguiri_Dankakoro vs Faladje,81,75,75,3R,3R:37200685-38200684,37200685,38200684,15000000,16000000,15.5,1000000,0-fold,CDS_DEG_0,default,Average Hudson's FST,0.0,0.0003280120233556,20,success,,0.0
Selected_6pairs_1Mb_scan_3R_X,Guinea_Siguiri_Dankakoro_vs_Mali_Faladje,GN_Siguiri_vs_ML_Faladje,GN_Siguiri vs ML_Faladje,Without Nigeria,Guinea_Siguiri_Dankakoro,Mali_Faladje,Guinea,Mali,Siguiri_Dankakoro,Faladje,Guinea vs Mali,Siguiri_Dankakoro vs Faladje,81,75,75,3R,3R:36200685-37200684,36200685,37200684,16000000,17000000,16.5,1000000,4-fold,CDS_DEG_4,default,Average Hudson's FST,0.0003342804142115,0.0003206548862952,20,success,,1.0424928123619988
Selected_6pairs_1Mb_scan_3R_X,Guinea_Siguiri_Dankakoro_vs_Mali_Faladje,GN_Siguiri_vs_ML_Faladje,GN_Siguiri vs ML_Faladje,Without Nigeria,Guinea_Siguiri_Dankakoro,Mali_Faladje,Guinea,Mali,Siguiri_Dankakoro,Faladje,Guinea vs Mali,Siguiri_Dankakoro vs Faladje,81,75,75,3R,3R:36200685-37200684,36200685,37200684,16000000,17000000,16.5,1000000,0-fold,CDS_DEG_0,default,Average Hudson's FST,0.0,0.0003705981822052,20,success,,0.0
Selected_6pairs_1Mb_scan_3R_X,Guinea_Siguiri_Dankakoro_vs_Mali_Faladje,GN_Siguiri_vs_ML_Faladje,GN_Siguiri vs ML_Faladje,Without Nigeria,Guinea_Siguiri_Dankakoro,Mali_Faladje,Guinea,Mali,Siguiri_Dankakoro,Faladje,Guinea vs Mali,Siguiri_Dankakoro vs Faladje,81,75,75,3R,3R:35200685-36200684,35200685,36200684,17000000,18000000,17.5,1000000,4-fold,CDS_DEG_4,default,Average Hudson's FST,0.0,0.0003194166058333,20,success,,0.0
Selected_6pairs_1Mb_scan_3R_X,Guinea_Siguiri_Dankakoro_vs_Mali_Faladje,GN_Siguiri_vs_ML_Faladje,GN_Siguiri vs ML_Faladje,Without Nigeria,Guinea_Siguiri_Dankakoro,Mali_Faladje,Guinea,Mali,Siguiri_Dankakoro,Faladje,Guinea vs Mali,Siguiri_Dankakoro vs Faladje,81,75,75,3R,3R:35200685-36200684,35200685,36200684,17000000,18000000,17.5,1000000,0-fold,CDS_DEG_0,default,Average Hudson's FST,0.0005027055351802,0.0004274941357681,20,success,,1.1759355114356456
Selected_6pairs_1Mb_scan_3R_X,Guinea_Siguiri_Dankakoro_vs_Mali_Faladje,GN_Siguiri_vs_ML_Faladje,GN_Siguiri vs ML_Faladje,Without Nigeria,Guinea_Siguiri_Dankakoro,Mali_Faladje,Guinea,Mali,Siguiri_Dankakoro,Faladje,Guinea vs Mali,Siguiri_Dankakoro vs Faladje,81,75,75,3R,3R:34200685-35200684,34200685,35200684,18000000,19000000,18.5,1000000,4-fold,CDS_DEG_4,default,Average Hudson's FST,0.0004009387594636,0.0003284531023102,20,success,,1.2206879966837476
Selected_6pairs_1Mb_scan_3R_X,Guinea_Siguiri_Dankakoro_vs_Mali_Faladje,GN_Siguiri_vs_ML_Faladje,GN_Siguiri vs ML_Faladje,Without Nigeria,Guinea_Siguiri_Dankakoro,Mali_Faladje,Guinea,Mali,Siguiri_Dankakoro,Faladje,Guinea vs Mali,Siguiri_Dankakoro vs Faladje,81,75,75,3R,3R:34200685-35200684,34200685,35200684,18000000,19000000,18.5,1000000,0-fold,CDS_DEG_0,default,Average Hudson's FST,0.0015257520120015,0.0009415496204889,20,success,,1.6204690425229555
Selected_6pairs_1Mb_scan_3R_X,Guinea_Siguiri_Dankakoro_vs_Mali_Faladje,GN_Siguiri_vs_ML_Faladje,GN_Siguiri vs ML_Faladje,Without Nigeria,Guinea_Siguiri_Dankakoro,Mali_Faladje,Guinea,Mali,Siguiri_Dankakoro,Faladje,Guinea vs Mali,Siguiri_Dankakoro vs Faladje,81,75,75,3R,3R:33200685-34200684,33200685,34200684,19000000,20000000,19.5,1000000,4-fold,CDS_DEG_4,default,Average Hudson's FST,9.27364372976356e-05,0.000324969233286,20,success,,0.2853698990513967
Selected_6pairs_1Mb_scan_3R_X,Guinea_Siguiri_Dankakoro_vs_Mali_Faladje,GN_Siguiri_vs_ML_Faladje,GN_Siguiri vs ML_Faladje,Without Nigeria,Guinea_Siguiri_Dankakoro,Mali_Faladje,Guinea,Mali,Siguiri_Dankakoro,Faladje,Guinea vs Mali,Siguiri_Dankakoro vs Faladje,81,75,75,3R,3R:33200685-34200684,33200685,34200684,19000000,20000000,19.5,1000000,0-fold,CDS_DEG_0,default,Average Hudson's FST,0.0,0.0003585455709113,20,success,,0.0
Selected_6pairs_1Mb_scan_3R_X,Guinea_Siguiri_Dankakoro_vs_Mali_Faladje,GN_Siguiri_vs_ML_Faladje,GN_Siguiri vs ML_Faladje,Without Nigeria,Guinea_Siguiri_Dankakoro,Mali_Faladje,Guinea,Mali,Siguiri_Dankakoro,Faladje,Guinea vs Mali,Siguiri_Dankakoro vs Faladje,81,75,75,3R,3R:32200685-33200684,32200685,33200684,20000000,21000000,20.5,1000000,4-fold,CDS_DEG_4,default,Average Hudson's FST,0.0009548451935008,0.0006400940203891,20,success,,1.491726469996344
Selected_6pairs_1Mb_scan_3R_X,Guinea_Siguiri_Dankakoro_vs_Mali_Faladje,GN_Siguiri_vs_ML_Faladje,GN_Siguiri vs ML_Faladje,Without Nigeria,Guinea_Siguiri_Dankakoro,Mali_Faladje,Guinea,Mali,Siguiri_Dankakoro,Faladje,Guinea vs Mali,Siguiri_Dankakoro vs Faladje,81,75,75,3R,3R:32200685-33200684,32200685,33200684,20000000,21000000,20.5,1000000,0-fold,CDS_DEG_0,default,Average Hudson's FST,0.0011301128755299,0.0012787637762137,20,success,,0.8837542136797609
Selected_6pairs_1Mb_scan_3R_X,Guinea_Siguiri_Dankakoro_vs_Mali_Faladje,GN_Siguiri_vs_ML_Faladje,GN_Siguiri vs ML_Faladje,Without Nigeria,Guinea_Siguiri_Dankakoro,Mali_Faladje,Guinea,Mali,Siguiri_Dankakoro,Faladje,Guinea vs Mali,Siguiri_Dankakoro vs Faladje,81,75,75,3R,3R:31200685-32200684,31200685,32200684,21000000,22000000,21.5,1000000,4-fold,CDS_DEG_4,default,Average Hudson's FST,0.0,0.0003446871585664,20,success,,0.0
Selected_6pairs_1Mb_scan_3R_X,Guinea_Siguiri_Dankakoro_vs_Mali_Faladje,GN_Siguiri_vs_ML_Faladje,GN_Siguiri vs ML_Faladje,Without Nigeria,Guinea_Siguiri_Dankakoro,Mali_Faladje,Guinea,Mali,Siguiri_Dankakoro,Faladje,Guinea vs Mali,Siguiri_Dankakoro vs Faladje,81,75,75,3R,3R:31200685-32200684,31200685,32200684,21000000,22000000,21.5,1000000,0-fold,CDS_DEG_0,default,Average Hudson's FST,0.0001704608776308,0.0003688914062114,20,success,,0.46208958723509613
Selected_6pairs_1Mb_scan_3R_X,Guinea_Siguiri_Dankakoro_vs_Mali_Faladje,GN_Siguiri_vs_ML_Faladje,GN_Siguiri vs ML_Faladje,Without Nigeria,Guinea_Siguiri_Dankakoro,Mali_Faladje,Guinea,Mali,Siguiri_Dankakoro,Faladje,Guinea vs Mali,Siguiri_Dankakoro vs Faladje,81,75,75,3R,3R:30200685-31200684,30200685,31200684,22000000,23000000,22.5,1000000,4-fold,CDS_DEG_4,default,Average Hudson's FST,0.0,0.0003183906925964,20,success,,0.0
Selected_6pairs_1Mb_scan_3R_X,Guinea_Siguiri_Dankakoro_vs_Mali_Faladje,GN_Siguiri_vs_ML_Faladje,GN_Siguiri vs ML_Faladje,Without Nigeria,Guinea_Siguiri_Dankakoro,Mali_Faladje,Guinea,Mali,Siguiri_Dankakoro,Faladje,Guinea vs Mali,Siguiri_Dankakoro vs Faladje,81,75,75,3R,3R:30200685-31200684,30200685,31200684,22000000,23000000,22.5,1000000,0-fold,CDS_DEG_0,default,Average Hudson's FST,0.0,0.0004583757809037,20,success,,0.0
Selected_6pairs_1Mb_scan_3R_X,Guinea_Siguiri_Dankakoro_vs_Mali_Faladje,GN_Siguiri_vs_ML_Faladje,GN_Siguiri vs ML_Faladje,Without Nigeria,Guinea_Siguiri_Dankakoro,Mali_Faladje,Guinea,Mali,Siguiri_Dankakoro,Faladje,Guinea vs Mali,Siguiri_Dankakoro vs Faladje,81,75,75,3R,3R:29200685-30200684,29200685,30200684,23000000,24000000,23.5,1000000,4-fold,CDS_DEG_4,default,Average Hudson's FST,0.0,0.0003601151720279,20,success,,0.0
Selected_6pairs_1Mb_scan_3R_X,Guinea_Siguiri_Dankakoro_vs_Mali_Faladje,GN_Siguiri_vs_ML_Faladje,GN_Siguiri vs ML_Faladje,Without Nigeria,Guinea_Siguiri_Dankakoro,Mali_Faladje,Guinea,Mali,Siguiri_Dankakoro,Faladje,Guinea vs Mali,Siguiri_Dankakoro vs Faladje,81,75,75,3R,3R:29200685-30200684,29200685,30200684,23000000,24000000,23.5,1000000,0-fold,CDS_DEG_0,default,Average Hudson's FST,1.960342752065685e-06,0.0005570824167156,20,success,,0.00351894565910608
Selected_6pairs_1Mb_scan_3R_X,Guinea_Siguiri_Dankakoro_vs_Mali_Faladje,GN_Siguiri_vs_ML_Faladje,GN_Siguiri vs ML_Faladje,Without Nigeria,Guinea_Siguiri_Dankakoro,Mali_Faladje,Guinea,Mali,Siguiri_Dankakoro,Faladje,Guinea vs Mali,Siguiri_Dankakoro vs Faladje,81,75,75,3R,3R:28200685-29200684,28200685,29200684,24000000,25000000,24.5,1000000,4-fold,CDS_DEG_4,default,Average Hudson's FST,0.0,0.0004054294391844,20,success,,0.0
Selected_6pairs_1Mb_scan_3R_X,Guinea_Siguiri_Dankakoro_vs_Mali_Faladje,GN_Siguiri_vs_ML_Faladje,GN_Siguiri vs ML_Faladje,Without Nigeria,Guinea_Siguiri_Dankakoro,Mali_Faladje,Guinea,Mali,Siguiri_Dankakoro,Faladje,Guinea vs Mali,Siguiri_Dankakoro vs Faladje,81,75,75,3R,3R:28200685-29200684,28200685,29200684,24000000,25000000,24.5,1000000,0-fold,CDS_DEG_0,default,Average Hudson's FST,0.0,0.0007030715971584,20,success,,0.0
Selected_6pairs_1Mb_scan_3R_X,Guinea_Siguiri_Dankakoro_vs_Mali_Faladje,GN_Siguiri_vs_ML_Faladje,GN_Siguiri vs ML_Faladje,Without Nigeria,Guinea_Siguiri_Dankakoro,Mali_Faladje,Guinea,Mali,Siguiri_Dankakoro,Faladje,Guinea vs Mali,Siguiri_Dankakoro vs Faladje,81,75,75,X,X:23393109-24393108,23393109,24393108,0,1000000,0.5,1000000,4-fold,CDS_DEG_4,default,Average Hudson's FST,0.0,0.0005881151558739,20,success,,0.0
Selected_6pairs_1Mb_scan_3R_X,Guinea_Siguiri_Dankakoro_vs_Mali_Faladje,GN_Siguiri_vs_ML_Faladje,GN_Siguiri vs ML_Faladje,Without Nigeria,Guinea_Siguiri_Dankakoro,Mali_Faladje,Guinea,Mali,Siguiri_Dankakoro,Faladje,Guinea vs Mali,Siguiri_Dankakoro vs Faladje,81,75,75,X,X:23393109-24393108,23393109,24393108,0,1000000,0.5,1000000,0-fold,CDS_DEG_0,default,Average Hudson's FST,0.0014140645647677,0.0015132179424842,20,success,,0.934475150649005
Selected_6pairs_1Mb_scan_3R_X,Guinea_Siguiri_Dankakoro_vs_Mali_Faladje,GN_Siguiri_vs_ML_Faladje,GN_Siguiri vs ML_Faladje,Without Nigeria,Guinea_Siguiri_Dankakoro,Mali_Faladje,Guinea,Mali,Siguiri_Dankakoro,Faladje,Guinea vs Mali,Siguiri_Dankakoro vs Faladje,81,75,75,X,X:22393109-23393108,22393109,23393108,1000000,2000000,1.5,1000000,4-fold,CDS_DEG_4,default,Average Hudson's FST,0.0001050937958415,0.0029380567984262,20,success,,0.03576983123600421
Selected_6pairs_1Mb_scan_3R_X,Guinea_Siguiri_Dankakoro_vs_Mali_Faladje,GN_Siguiri_vs_ML_Faladje,GN_Siguiri vs ML_Faladje,Without Nigeria,Guinea_Siguiri_Dankakoro,Mali_Faladje,Guinea,Mali,Siguiri_Dankakoro,Faladje,Guinea vs Mali,Siguiri_Dankakoro vs Faladje,81,75,75,X,X:22393109-23393108,22393109,23393108,1000000,2000000,1.5,1000000,0-fold,CDS_DEG_0,default,Average Hudson's FST,0.0,0.0002688852047833,20,success,,0.0
Selected_6pairs_1Mb_scan_3R_X,Guinea_Siguiri_Dankakoro_vs_Mali_Faladje,GN_Siguiri_vs_ML_Faladje,GN_Siguiri vs ML_Faladje,Without Nigeria,Guinea_Siguiri_Dankakoro,Mali_Faladje,Guinea,Mali,Siguiri_Dankakoro,Faladje,Guinea vs Mali,Siguiri_Dankakoro vs Faladje,81,75,75,X,X:21393109-22393108,21393109,22393108,2000000,3000000,2.5,1000000,4-fold,CDS_DEG_4,default,Average Hudson's FST,0.0013542056808177,0.0033005163626568,20,success,,0.41030115655224686
Selected_6pairs_1Mb_scan_3R_X,Guinea_Siguiri_Dankakoro_vs_Mali_Faladje,GN_Siguiri_vs_ML_Faladje,GN_Siguiri vs ML_Faladje,Without Nigeria,Guinea_Siguiri_Dankakoro,Mali_Faladje,Guinea,Mali,Siguiri_Dankakoro,Faladje,Guinea vs Mali,Siguiri_Dankakoro vs Faladje,81,75,75,X,X:21393109-22393108,21393109,22393108,2000000,3000000,2.5,1000000,0-fold,CDS_DEG_0,default,Average Hudson's FST,0.0008702269370961,0.0011213086965187,20,success,,0.7760815017290712
Selected_6pairs_1Mb_scan_3R_X,Guinea_Siguiri_Dankakoro_vs_Mali_Faladje,GN_Siguiri_vs_ML_Faladje,GN_Siguiri vs ML_Faladje,Without Nigeria,Guinea_Siguiri_Dankakoro,Mali_Faladje,Guinea,Mali,Siguiri_Dankakoro,Faladje,Guinea vs Mali,Siguiri_Dankakoro vs Faladje,81,75,75,X,X:20393109-21393108,20393109,21393108,3000000,4000000,3.5,1000000,4-fold,CDS_DEG_4,default,Average Hudson's FST,0.0025930848521487,0.0045983584550533,20,success,,0.5639153357648894
Selected_6pairs_1Mb_scan_3R_X,Guinea_Siguiri_Dankakoro_vs_Mali_Faladje,GN_Siguiri_vs_ML_Faladje,GN_Siguiri vs ML_Faladje,Without Nigeria,Guinea_Siguiri_Dankakoro,Mali_Faladje,Guinea,Mali,Siguiri_Dankakoro,Faladje,Guinea vs Mali,Siguiri_Dankakoro vs Faladje,81,75,75,X,X:20393109-21393108,20393109,21393108,3000000,4000000,3.5,1000000,0-fold,CDS_DEG_0,default,Average Hudson's FST,0.0015595594511491,0.0018612065558711,20,success,,0.8379292702518876
Selected_6pairs_1Mb_scan_3R_X,Guinea_Siguiri_Dankakoro_vs_Mali_Faladje,GN_Siguiri_vs_ML_Faladje,GN_Siguiri vs ML_Faladje,Without Nigeria,Guinea_Siguiri_Dankakoro,Mali_Faladje,Guinea,Mali,Siguiri_Dankakoro,Faladje,Guinea vs Mali,Siguiri_Dankakoro vs Faladje,81,75,75,X,X:19393109-20393108,19393109,20393108,4000000,5000000,4.5,1000000,4-fold,CDS_DEG_4,default,Average Hudson's FST,0.0,0.0011915085516137,20,success,,0.0
Selected_6pairs_1Mb_scan_3R_X,Guinea_Siguiri_Dankakoro_vs_Mali_Faladje,GN_Siguiri_vs_ML_Faladje,GN_Siguiri vs ML_Faladje,Without Nigeria,Guinea_Siguiri_Dankakoro,Mali_Faladje,Guinea,Mali,Siguiri_Dankakoro,Faladje,Guinea vs Mali,Siguiri_Dankakoro vs Faladje,81,75,75,X,X:19393109-20393108,19393109,20393108,4000000,5000000,4.5,1000000,0-fold,CDS_DEG_0,default,Average Hudson's FST,0.0002177307481033,0.0015485526974785,20,success,,0.14060273729000622
Selected_6pairs_1Mb_scan_3R_X,Guinea_Siguiri_Dankakoro_vs_Mali_Faladje,GN_Siguiri_vs_ML_Faladje,GN_Siguiri vs ML_Faladje,Without Nigeria,Guinea_Siguiri_Dankakoro,Mali_Faladje,Guinea,Mali,Siguiri_Dankakoro,Faladje,Guinea vs Mali,Siguiri_Dankakoro vs Faladje,81,75,75,X,X:18393109-19393108,18393109,19393108,5000000,6000000,5.5,1000000,4-fold,CDS_DEG_4,default,Average Hudson's FST,0.0,0.0008211202517243,20,success,,0.0
Selected_6pairs_1Mb_scan_3R_X,Guinea_Siguiri_Dankakoro_vs_Mali_Faladje,GN_Siguiri_vs_ML_Faladje,GN_Siguiri vs ML_Faladje,Without Nigeria,Guinea_Siguiri_Dankakoro,Mali_Faladje,Guinea,Mali,Siguiri_Dankakoro,Faladje,Guinea vs Mali,Siguiri_Dankakoro vs Faladje,81,75,75,X,X:18393109-19393108,18393109,19393108,5000000,6000000,5.5,1000000,0-fold,CDS_DEG_0,default,Average Hudson's FST,0.0,0.0006103914153817,20,success,,0.0
Selected_6pairs_1Mb_scan_3R_X,Guinea_Siguiri_Dankakoro_vs_Mali_Faladje,GN_Siguiri_vs_ML_Faladje,GN_Siguiri vs ML_Faladje,Without Nigeria,Guinea_Siguiri_Dankakoro,Mali_Faladje,Guinea,Mali,Siguiri_Dankakoro,Faladje,Guinea vs Mali,Siguiri_Dankakoro vs Faladje,81,75,75,X,X:17393109-18393108,17393109,18393108,6000000,7000000,6.5,1000000,4-fold,CDS_DEG_4,default,Average Hudson's FST,0.0,0.0004443408492103,20,success,,0.0
Selected_6pairs_1Mb_scan_3R_X,Guinea_Siguiri_Dankakoro_vs_Mali_Faladje,GN_Siguiri_vs_ML_Faladje,GN_Siguiri vs ML_Faladje,Without Nigeria,Guinea_Siguiri_Dankakoro,Mali_Faladje,Guinea,Mali,Siguiri_Dankakoro,Faladje,Guinea vs Mali,Siguiri_Dankakoro vs Faladje,81,75,75,X,X:17393109-18393108,17393109,18393108,6000000,7000000,6.5,1000000,0-fold,CDS_DEG_0,default,Average Hudson's FST,0.0,0.0004794449126005,20,success,,0.0
Selected_6pairs_1Mb_scan_3R_X,Guinea_Siguiri_Dankakoro_vs_Mali_Faladje,GN_Siguiri_vs_ML_Faladje,GN_Siguiri vs ML_Faladje,Without Nigeria,Guinea_Siguiri_Dankakoro,Mali_Faladje,Guinea,Mali,Siguiri_Dankakoro,Faladje,Guinea vs Mali,Siguiri_Dankakoro vs Faladje,81,75,75,X,X:16393109-17393108,16393109,17393108,7000000,8000000,7.5,1000000,4-fold,CDS_DEG_4,default,Average Hudson's FST,0.0,0.0007898607136737,20,success,,0.0
Selected_6pairs_1Mb_scan_3R_X,Guinea_Siguiri_Dankakoro_vs_Mali_Faladje,GN_Siguiri_vs_ML_Faladje,GN_Siguiri vs ML_Faladje,Without Nigeria,Guinea_Siguiri_Dankakoro,Mali_Faladje,Guinea,Mali,Siguiri_Dankakoro,Faladje,Guinea vs Mali,Siguiri_Dankakoro vs Faladje,81,75,75,X,X:16393109-17393108,16393109,17393108,7000000,8000000,7.5,1000000,0-fold,CDS_DEG_0,default,Average Hudson's FST,0.0,0.0003774833906339,20,success,,0.0
Selected_6pairs_1Mb_scan_3R_X,Guinea_Siguiri_Dankakoro_vs_Mali_Faladje,GN_Siguiri_vs_ML_Faladje,GN_Siguiri vs ML_Faladje,Without Nigeria,Guinea_Siguiri_Dankakoro,Mali_Faladje,Guinea,Mali,Siguiri_Dankakoro,Faladje,Guinea vs Mali,Siguiri_Dankakoro vs Faladje,81,75,75,X,X:15393109-16393108,15393109,16393108,8000000,9000000,8.5,1000000,4-fold,CDS_DEG_4,default,Average Hudson's FST,0.0,0.0003964476827691,20,success,,0.0
Selected_6pairs_1Mb_scan_3R_X,Guinea_Siguiri_Dankakoro_vs_Mali_Faladje,GN_Siguiri_vs_ML_Faladje,GN_Siguiri vs ML_Faladje,Without Nigeria,Guinea_Siguiri_Dankakoro,Mali_Faladje,Guinea,Mali,Siguiri_Dankakoro,Faladje,Guinea vs Mali,Siguiri_Dankakoro vs Faladje,81,75,75,X,X:15393109-16393108,15393109,16393108,8000000,9000000,8.5,1000000,0-fold,CDS_DEG_0,default,Average Hudson's FST,0.0,0.0007700142934711,20,success,,0.0
Selected_6pairs_1Mb_scan_3R_X,Guinea_Siguiri_Dankakoro_vs_Mali_Faladje,GN_Siguiri_vs_ML_Faladje,GN_Siguiri vs ML_Faladje,Without Nigeria,Guinea_Siguiri_Dankakoro,Mali_Faladje,Guinea,Mali,Siguiri_Dankakoro,Faladje,Guinea vs Mali,Siguiri_Dankakoro vs Faladje,81,75,75,X,X:14393109-15393108,14393109,15393108,9000000,10000000,9.5,1000000,4-fold,CDS_DEG_4,default,Average Hudson's FST,0.0,0.0004628703898917,20,success,,0.0
Selected_6pairs_1Mb_scan_3R_X,Guinea_Siguiri_Dankakoro_vs_Mali_Faladje,GN_Siguiri_vs_ML_Faladje,GN_Siguiri vs ML_Faladje,Without Nigeria,Guinea_Siguiri_Dankakoro,Mali_Faladje,Guinea,Mali,Siguiri_Dankakoro,Faladje,Guinea vs Mali,Siguiri_Dankakoro vs Faladje,81,75,75,X,X:14393109-15393108,14393109,15393108,9000000,10000000,9.5,1000000,0-fold,CDS_DEG_0,default,Average Hudson's FST,0.0002229787968081,0.0010194545728795,20,success,,0.21872362216031394
Selected_6pairs_1Mb_scan_3R_X,Guinea_Siguiri_Dankakoro_vs_Mali_Faladje,GN_Siguiri_vs_ML_Faladje,GN_Siguiri vs ML_Faladje,Without Nigeria,Guinea_Siguiri_Dankakoro,Mali_Faladje,Guinea,Mali,Siguiri_Dankakoro,Faladje,Guinea vs Mali,Siguiri_Dankakoro vs Faladje,81,75,75,X,X:13393109-14393108,13393109,14393108,10000000,11000000,10.5,1000000,4-fold,CDS_DEG_4,default,Average Hudson's FST,0.00031019062853959674,0.00037764009323975565,20,success,,0.8213922040916967
Selected_6pairs_1Mb_scan_3R_X,Guinea_Siguiri_Dankakoro_vs_Mali_Faladje,GN_Siguiri_vs_ML_Faladje,GN_Siguiri vs ML_Faladje,Without Nigeria,Guinea_Siguiri_Dankakoro,Mali_Faladje,Guinea,Mali,Siguiri_Dankakoro,Faladje,Guinea vs Mali,Siguiri_Dankakoro vs Faladje,81,75,75,X,X:13393109-14393108,13393109,14393108,10000000,11000000,10.5,1000000,0-fold,CDS_DEG_0,default,Average Hudson's FST,0.0,0.0006589208860961603,20,success,,0.0
Selected_6pairs_1Mb_scan_3R_X,Guinea_Siguiri_Dankakoro_vs_Mali_Faladje,GN_Siguiri_vs_ML_Faladje,GN_Siguiri vs ML_Faladje,Without Nigeria,Guinea_Siguiri_Dankakoro,Mali_Faladje,Guinea,Mali,Siguiri_Dankakoro,Faladje,Guinea vs Mali,Siguiri_Dankakoro vs Faladje,81,75,75,X,X:12393109-13393108,12393109,13393108,11000000,12000000,11.5,1000000,4-fold,CDS_DEG_4,default,Average Hudson's FST,0.0009341228770037039,0.000811730775250119,20,success,,1.1507791813312391
Selected_6pairs_1Mb_scan_3R_X,Guinea_Siguiri_Dankakoro_vs_Mali_Faladje,GN_Siguiri_vs_ML_Faladje,GN_Siguiri vs ML_Faladje,Without Nigeria,Guinea_Siguiri_Dankakoro,Mali_Faladje,Guinea,Mali,Siguiri_Dankakoro,Faladje,Guinea vs Mali,Siguiri_Dankakoro vs Faladje,81,75,75,X,X:12393109-13393108,12393109,13393108,11000000,12000000,11.5,1000000,0-fold,CDS_DEG_0,default,Average Hudson's FST,0.0016831620275673084,0.0014812449596162422,20,success,,1.136315783989826
Selected_6pairs_1Mb_scan_3R_X,Guinea_Siguiri_Dankakoro_vs_Mali_Faladje,GN_Siguiri_vs_ML_Faladje,GN_Siguiri vs ML_Faladje,Without Nigeria,Guinea_Siguiri_Dankakoro,Mali_Faladje,Guinea,Mali,Siguiri_Dankakoro,Faladje,Guinea vs Mali,Siguiri_Dankakoro vs Faladje,81,75,75,X,X:11393109-12393108,11393109,12393108,12000000,13000000,12.5,1000000,4-fold,CDS_DEG_4,default,Average Hudson's FST,0.000499530660978273,0.0004496574494097105,20,success,,1.1109137892278527
Selected_6pairs_1Mb_scan_3R_X,Guinea_Siguiri_Dankakoro_vs_Mali_Faladje,GN_Siguiri_vs_ML_Faladje,GN_Siguiri vs ML_Faladje,Without Nigeria,Guinea_Siguiri_Dankakoro,Mali_Faladje,Guinea,Mali,Siguiri_Dankakoro,Faladje,Guinea vs Mali,Siguiri_Dankakoro vs Faladje,81,75,75,X,X:11393109-12393108,11393109,12393108,12000000,13000000,12.5,1000000,0-fold,CDS_DEG_0,default,Average Hudson's FST,0.001177426825541712,0.0007110681536288696,20,success,,1.6558565019862366
Selected_6pairs_1Mb_scan_3R_X,Guinea_Siguiri_Dankakoro_vs_Mali_Faladje,GN_Siguiri_vs_ML_Faladje,GN_Siguiri vs ML_Faladje,Without Nigeria,Guinea_Siguiri_Dankakoro,Mali_Faladje,Guinea,Mali,Siguiri_Dankakoro,Faladje,Guinea vs Mali,Siguiri_Dankakoro vs Faladje,81,75,75,X,X:10393109-11393108,10393109,11393108,13000000,14000000,13.5,1000000,4-fold,CDS_DEG_4,default,Average Hudson's FST,0.0,0.0004936240729931082,20,success,,0.0
Selected_6pairs_1Mb_scan_3R_X,Guinea_Siguiri_Dankakoro_vs_Mali_Faladje,GN_Siguiri_vs_ML_Faladje,GN_Siguiri vs ML_Faladje,Without Nigeria,Guinea_Siguiri_Dankakoro,Mali_Faladje,Guinea,Mali,Siguiri_Dankakoro,Faladje,Guinea vs Mali,Siguiri_Dankakoro vs Faladje,81,75,75,X,X:10393109-11393108,10393109,11393108,13000000,14000000,13.5,1000000,0-fold,CDS_DEG_0,default,Average Hudson's FST,0.0,0.0005201155739518275,20,success,,0.0
Selected_6pairs_1Mb_scan_3R_X,Guinea_Siguiri_Dankakoro_vs_Mali_Faladje,GN_Siguiri_vs_ML_Faladje,GN_Siguiri vs ML_Faladje,Without Nigeria,Guinea_Siguiri_Dankakoro,Mali_Faladje,Guinea,Mali,Siguiri_Dankakoro,Faladje,Guinea vs Mali,Siguiri_Dankakoro vs Faladje,81,75,75,X,X:9393109-10393108,9393109,10393108,14000000,15000000,14.5,1000000,4-fold,CDS_DEG_4,default,Average Hudson's FST,0.0002329682280915578,0.0003910854650963382,20,success,,0.5956964624961695
Selected_6pairs_1Mb_scan_3R_X,Guinea_Siguiri_Dankakoro_vs_Mali_Faladje,GN_Siguiri_vs_ML_Faladje,GN_Siguiri vs ML_Faladje,Without Nigeria,Guinea_Siguiri_Dankakoro,Mali_Faladje,Guinea,Mali,Siguiri_Dankakoro,Faladje,Guinea vs Mali,Siguiri_Dankakoro vs Faladje,81,75,75,X,X:9393109-10393108,9393109,10393108,14000000,15000000,14.5,1000000,0-fold,CDS_DEG_0,default,Average Hudson's FST,0.0012469846852402001,0.000990216031288883,20,success,,1.2593056927356572
Selected_6pairs_1Mb_scan_3R_X,Guinea_Siguiri_Dankakoro_vs_Mali_Faladje,GN_Siguiri_vs_ML_Faladje,GN_Siguiri vs ML_Faladje,Without Nigeria,Guinea_Siguiri_Dankakoro,Mali_Faladje,Guinea,Mali,Siguiri_Dankakoro,Faladje,Guinea vs Mali,Siguiri_Dankakoro vs Faladje,81,75,75,X,X:8393109-9393108,8393109,9393108,15000000,16000000,15.5,1000000,4-fold,CDS_DEG_4,default,Average Hudson's FST,0.0,0.0003664524394157616,20,success,,0.0
Selected_6pairs_1Mb_scan_3R_X,Guinea_Siguiri_Dankakoro_vs_Mali_Faladje,GN_Siguiri_vs_ML_Faladje,GN_Siguiri vs ML_Faladje,Without Nigeria,Guinea_Siguiri_Dankakoro,Mali_Faladje,Guinea,Mali,Siguiri_Dankakoro,Faladje,Guinea vs Mali,Siguiri_Dankakoro vs Faladje,81,75,75,X,X:8393109-9393108,8393109,9393108,15000000,16000000,15.5,1000000,0-fold,CDS_DEG_0,default,Average Hudson's FST,0.0,0.0005429656653672731,20,success,,0.0
Selected_6pairs_1Mb_scan_3R_X,Guinea_Siguiri_Dankakoro_vs_Mali_Faladje,GN_Siguiri_vs_ML_Faladje,GN_Siguiri vs ML_Faladje,Without Nigeria,Guinea_Siguiri_Dankakoro,Mali_Faladje,Guinea,Mali,Siguiri_Dankakoro,Faladje,Guinea vs Mali,Siguiri_Dankakoro vs Faladje,81,75,75,X,X:7393109-8393108,7393109,8393108,16000000,17000000,16.5,1000000,4-fold,CDS_DEG_4,default,Average Hudson's FST,9.631118564099825e-05,0.0004914305603135075,20,success,,0.19598127063883994
Selected_6pairs_1Mb_scan_3R_X,Guinea_Siguiri_Dankakoro_vs_Mali_Faladje,GN_Siguiri_vs_ML_Faladje,GN_Siguiri vs ML_Faladje,Without Nigeria,Guinea_Siguiri_Dankakoro,Mali_Faladje,Guinea,Mali,Siguiri_Dankakoro,Faladje,Guinea vs Mali,Siguiri_Dankakoro vs Faladje,81,75,75,X,X:7393109-8393108,7393109,8393108,16000000,17000000,16.5,1000000,0-fold,CDS_DEG_0,default,Average Hudson's FST,0.0,0.00041447281899769923,20,success,,0.0
Selected_6pairs_1Mb_scan_3R_X,Guinea_Siguiri_Dankakoro_vs_Mali_Faladje,GN_Siguiri_vs_ML_Faladje,GN_Siguiri vs ML_Faladje,Without Nigeria,Guinea_Siguiri_Dankakoro,Mali_Faladje,Guinea,Mali,Siguiri_Dankakoro,Faladje,Guinea vs Mali,Siguiri_Dankakoro vs Faladje,81,75,75,X,X:6393109-7393108,6393109,7393108,17000000,18000000,17.5,1000000,4-fold,CDS_DEG_4,default,Average Hudson's FST,0.0,0.0002723929633982743,20,success,,0.0
Selected_6pairs_1Mb_scan_3R_X,Guinea_Siguiri_Dankakoro_vs_Mali_Faladje,GN_Siguiri_vs_ML_Faladje,GN_Siguiri vs ML_Faladje,Without Nigeria,Guinea_Siguiri_Dankakoro,Mali_Faladje,Guinea,Mali,Siguiri_Dankakoro,Faladje,Guinea vs Mali,Siguiri_Dankakoro vs Faladje,81,75,75,X,X:6393109-7393108,6393109,7393108,17000000,18000000,17.5,1000000,0-fold,CDS_DEG_0,default,Average Hudson's FST,0.0,0.0005373711189915909,20,success,,0.0
Selected_6pairs_1Mb_scan_3R_X,Guinea_Siguiri_Dankakoro_vs_Mali_Faladje,GN_Siguiri_vs_ML_Faladje,GN_Siguiri vs ML_Faladje,Without Nigeria,Guinea_Siguiri_Dankakoro,Mali_Faladje,Guinea,Mali,Siguiri_Dankakoro,Faladje,Guinea vs Mali,Siguiri_Dankakoro vs Faladje,81,75,75,X,X:5393109-6393108,5393109,6393108,18000000,19000000,18.5,1000000,4-fold,CDS_DEG_4,default,Average Hudson's FST,0.0,0.0003904852314740098,20,success,,0.0
Selected_6pairs_1Mb_scan_3R_X,Guinea_Siguiri_Dankakoro_vs_Mali_Faladje,GN_Siguiri_vs_ML_Faladje,GN_Siguiri vs ML_Faladje,Without Nigeria,Guinea_Siguiri_Dankakoro,Mali_Faladje,Guinea,Mali,Siguiri_Dankakoro,Faladje,Guinea vs Mali,Siguiri_Dankakoro vs Faladje,81,75,75,X,X:5393109-6393108,5393109,6393108,18000000,19000000,18.5,1000000,0-fold,CDS_DEG_0,default,Average Hudson's FST,0.0,0.0005360313928087456,20,success,,0.0
Selected_6pairs_1Mb_scan_3R_X,Guinea_Siguiri_Dankakoro_vs_Mali_Faladje,GN_Siguiri_vs_ML_Faladje,GN_Siguiri vs ML_Faladje,Without Nigeria,Guinea_Siguiri_Dankakoro,Mali_Faladje,Guinea,Mali,Siguiri_Dankakoro,Faladje,Guinea vs Mali,Siguiri_Dankakoro vs Faladje,81,75,75,X,X:4393109-5393108,4393109,5393108,19000000,20000000,19.5,1000000,4-fold,CDS_DEG_4,default,Average Hudson's FST,0.0,0.00045808862551844655,20,success,,0.0
Selected_6pairs_1Mb_scan_3R_X,Guinea_Siguiri_Dankakoro_vs_Mali_Faladje,GN_Siguiri_vs_ML_Faladje,GN_Siguiri vs ML_Faladje,Without Nigeria,Guinea_Siguiri_Dankakoro,Mali_Faladje,Guinea,Mali,Siguiri_Dankakoro,Faladje,Guinea vs Mali,Siguiri_Dankakoro vs Faladje,81,75,75,X,X:4393109-5393108,4393109,5393108,19000000,20000000,19.5,1000000,0-fold,CDS_DEG_0,default,Average Hudson's FST,5.402426104116693e-05,0.0004959564704451325,20,success,,0.10892944090976149
Selected_6pairs_1Mb_scan_3R_X,Guinea_Siguiri_Dankakoro_vs_Mali_Faladje,GN_Siguiri_vs_ML_Faladje,GN_Siguiri vs ML_Faladje,Without Nigeria,Guinea_Siguiri_Dankakoro,Mali_Faladje,Guinea,Mali,Siguiri_Dankakoro,Faladje,Guinea vs Mali,Siguiri_Dankakoro vs Faladje,81,75,75,X,X:3393109-4393108,3393109,4393108,20000000,21000000,20.5,1000000,4-fold,CDS_DEG_4,default,Average Hudson's FST,0.00025374729101431716,0.0005346261931877839,20,success,,0.47462562487130167
Selected_6pairs_1Mb_scan_3R_X,Guinea_Siguiri_Dankakoro_vs_Mali_Faladje,GN_Siguiri_vs_ML_Faladje,GN_Siguiri vs ML_Faladje,Without Nigeria,Guinea_Siguiri_Dankakoro,Mali_Faladje,Guinea,Mali,Siguiri_Dankakoro,Faladje,Guinea vs Mali,Siguiri_Dankakoro vs Faladje,81,75,75,X,X:3393109-4393108,3393109,4393108,20000000,21000000,20.5,1000000,0-fold,CDS_DEG_0,default,Average Hudson's FST,0.0,0.00030856457764582933,20,success,,0.0
Selected_6pairs_1Mb_scan_3R_X,Guinea_Siguiri_Dankakoro_vs_Mali_Faladje,GN_Siguiri_vs_ML_Faladje,GN_Siguiri vs ML_Faladje,Without Nigeria,Guinea_Siguiri_Dankakoro,Mali_Faladje,Guinea,Mali,Siguiri_Dankakoro,Faladje,Guinea vs Mali,Siguiri_Dankakoro vs Faladje,81,75,75,X,X:2393109-3393108,2393109,3393108,21000000,22000000,21.5,1000000,4-fold,CDS_DEG_4,default,Average Hudson's FST,0.0,0.0003091950698484834,20,success,,0.0
Selected_6pairs_1Mb_scan_3R_X,Guinea_Siguiri_Dankakoro_vs_Mali_Faladje,GN_Siguiri_vs_ML_Faladje,GN_Siguiri vs ML_Faladje,Without Nigeria,Guinea_Siguiri_Dankakoro,Mali_Faladje,Guinea,Mali,Siguiri_Dankakoro,Faladje,Guinea vs Mali,Siguiri_Dankakoro vs Faladje,81,75,75,X,X:2393109-3393108,2393109,3393108,21000000,22000000,21.5,1000000,0-fold,CDS_DEG_0,default,Average Hudson's FST,0.0,0.00034115468236397737,20,success,,0.0
Selected_6pairs_1Mb_scan_3R_X,Guinea_Siguiri_Dankakoro_vs_Mali_Faladje,GN_Siguiri_vs_ML_Faladje,GN_Siguiri vs ML_Faladje,Without Nigeria,Guinea_Siguiri_Dankakoro,Mali_Faladje,Guinea,Mali,Siguiri_Dankakoro,Faladje,Guinea vs Mali,Siguiri_Dankakoro vs Faladje,81,75,75,X,X:1393109-2393108,1393109,2393108,22000000,23000000,22.5,1000000,4-fold,CDS_DEG_4,default,Average Hudson's FST,0.0005696879816307277,0.0005358959460627156,20,success,,1.0630570837795765
Selected_6pairs_1Mb_scan_3R_X,Guinea_Siguiri_Dankakoro_vs_Mali_Faladje,GN_Siguiri_vs_ML_Faladje,GN_Siguiri vs ML_Faladje,Without Nigeria,Guinea_Siguiri_Dankakoro,Mali_Faladje,Guinea,Mali,Siguiri_Dankakoro,Faladje,Guinea vs Mali,Siguiri_Dankakoro vs Faladje,81,75,75,X,X:1393109-2393108,1393109,2393108,22000000,23000000,22.5,1000000,0-fold,CDS_DEG_0,default,Average Hudson's FST,0.0,0.00045452773849414564,20,success,,0.0
Selected_6pairs_1Mb_scan_3R_X,Guinea_Siguiri_Dankakoro_vs_Mali_Faladje,GN_Siguiri_vs_ML_Faladje,GN_Siguiri vs ML_Faladje,Without Nigeria,Guinea_Siguiri_Dankakoro,Mali_Faladje,Guinea,Mali,Siguiri_Dankakoro,Faladje,Guinea vs Mali,Siguiri_Dankakoro vs Faladje,81,75,75,X,X:393109-1393108,393109,1393108,23000000,24000000,23.5,1000000,4-fold,CDS_DEG_4,default,Average Hudson's FST,0.00014732959733510827,0.0003066962742059257,20,success,,0.48037622144762815
Selected_6pairs_1Mb_scan_3R_X,Guinea_Siguiri_Dankakoro_vs_Mali_Faladje,GN_Siguiri_vs_ML_Faladje,GN_Siguiri vs ML_Faladje,Without Nigeria,Guinea_Siguiri_Dankakoro,Mali_Faladje,Guinea,Mali,Siguiri_Dankakoro,Faladje,Guinea vs Mali,Siguiri_Dankakoro vs Faladje,81,75,75,X,X:393109-1393108,393109,1393108,23000000,24000000,23.5,1000000,0-fold,CDS_DEG_0,default,Average Hudson's FST,0.0,0.0004528486379365476,20,success,,0.0
