Population_ID,Short_ID,sample_id,partner_sample_id,sample_set,release,study_id,study_url,contributor,country,location,year,month,latitude,longitude,sex_call,taxon,aim_species,mean_cov,median_cov,modal_cov,frac_gen_cov,mean_cov_X,median_cov_X,mean_cov_3R,median_cov_3R
Nigeria_Gombe,NG_Gombe,VBS91713-7529STDY14534952,GO22GOWDE041,1338-VO-NG-ADEDAPO-VMF00268,3.12,1338-VO-NG-ADEDAPO,https://www.malariagen.net/network/where-we-work/1338-VO-NG-ADEDAPO,Adeogun Adedapo O.,Nigeria,Gombe,2022,10,10.298,11.173,F,coluzzii,coluzzii,19.63,19,18,0.939,22.12,20,18.98,18
Nigeria_Gombe,NG_Gombe,VBS91721-7529STDY14534960,GO22GOWDE023,1338-VO-NG-ADEDAPO-VMF00268,3.12,1338-VO-NG-ADEDAPO,https://www.malariagen.net/network/where-we-work/1338-VO-NG-ADEDAPO,Adeogun Adedapo O.,Nigeria,Gombe,2022,10,10.298,11.173,F,coluzzii,coluzzii,21.04,20,19,0.942,23.83,22,20.27,19
Nigeria_Gombe,NG_Gombe,VBS91737-7529STDY14534976,GO22GOWDE057,1338-VO-NG-ADEDAPO-VMF00268,3.12,1338-VO-NG-ADEDAPO,https://www.malariagen.net/network/where-we-work/1338-VO-NG-ADEDAPO,Adeogun Adedapo O.,Nigeria,Gombe,2022,10,10.298,11.173,F,coluzzii,coluzzii,30.41,28,27,0.943,35.17,31,29.14,28
Nigeria_Gombe,NG_Gombe,VBS91760-7529STDY14534999,GO22GOWDE016,1338-VO-NG-ADEDAPO-VMF00268,3.12,1338-VO-NG-ADEDAPO,https://www.malariagen.net/network/where-we-work/1338-VO-NG-ADEDAPO,Adeogun Adedapo O.,Nigeria,Gombe,2022,10,10.298,11.173,F,coluzzii,coluzzii,18.09,16,14,0.942,20.89,18,17.31,16
Nigeria_Gombe,NG_Gombe,VBS91776-7529STDY14535015,GO22GOWDE094,1338-VO-NG-ADEDAPO-VMF00268,3.12,1338-VO-NG-ADEDAPO,https://www.malariagen.net/network/where-we-work/1338-VO-NG-ADEDAPO,Adeogun Adedapo O.,Nigeria,Gombe,2022,10,10.298,11.173,F,coluzzii,coluzzii,15.49,14,13,0.935,17.75,16,14.87,14
Nigeria_Gombe,NG_Gombe,VBS91975-7529STDY14535225,BIAW031,1338-VO-NG-ADEDAPO-VMF00268,3.12,1338-VO-NG-ADEDAPO,https://www.malariagen.net/network/where-we-work/1338-VO-NG-ADEDAPO,Adeogun Adedapo O.,Nigeria,Gombe,2022,6,10.298,11.173,F,coluzzii,coluzzii,40.73,41,42,0.947,42.77,42,40.03,41
Nigeria_Gombe,NG_Gombe,VBS91983-7529STDY14535233,BIAW029,1338-VO-NG-ADEDAPO-VMF00268,3.12,1338-VO-NG-ADEDAPO,https://www.malariagen.net/network/where-we-work/1338-VO-NG-ADEDAPO,Adeogun Adedapo O.,Nigeria,Gombe,2022,6,10.298,11.173,F,coluzzii,coluzzii,30.56,31,31,0.946,32.12,31,29.99,30
Nigeria_Gombe,NG_Gombe,VBS91984-7529STDY14535234,BIAW049,1338-VO-NG-ADEDAPO-VMF00268,3.12,1338-VO-NG-ADEDAPO,https://www.malariagen.net/network/where-we-work/1338-VO-NG-ADEDAPO,Adeogun Adedapo O.,Nigeria,Gombe,2022,6,10.298,11.173,F,coluzzii,coluzzii,33.59,34,34,0.945,35.49,34,32.91,33
Nigeria_Gombe,NG_Gombe,VBS91992-7529STDY14535242,BIAW073,1338-VO-NG-ADEDAPO-VMF00268,3.12,1338-VO-NG-ADEDAPO,https://www.malariagen.net/network/where-we-work/1338-VO-NG-ADEDAPO,Adeogun Adedapo O.,Nigeria,Gombe,2022,6,10.298,11.173,F,coluzzii,coluzzii,36.27,36,37,0.946,38.0,36,36.0,36
Nigeria_Gombe,NG_Gombe,VBS91993-7529STDY14535243,BIKE020,1338-VO-NG-ADEDAPO-VMF00268,3.12,1338-VO-NG-ADEDAPO,https://www.malariagen.net/network/where-we-work/1338-VO-NG-ADEDAPO,Adeogun Adedapo O.,Nigeria,Gombe,2022,6,10.298,11.173,F,coluzzii,coluzzii,39.71,40,41,0.947,41.99,41,38.89,40
Nigeria_Gombe,NG_Gombe,VBS92000-7529STDY14535250,BIAW048,1338-VO-NG-ADEDAPO-VMF00268,3.12,1338-VO-NG-ADEDAPO,https://www.malariagen.net/network/where-we-work/1338-VO-NG-ADEDAPO,Adeogun Adedapo O.,Nigeria,Gombe,2022,6,10.298,11.173,F,coluzzii,coluzzii,37.94,38,39,0.946,40.16,39,37.25,38
Nigeria_Gombe,NG_Gombe,VBS92007-7529STDY14535257,BIAW050,1338-VO-NG-ADEDAPO-VMF00268,3.12,1338-VO-NG-ADEDAPO,https://www.malariagen.net/network/where-we-work/1338-VO-NG-ADEDAPO,Adeogun Adedapo O.,Nigeria,Gombe,2022,6,10.298,11.173,F,coluzzii,coluzzii,33.33,34,34,0.945,35.18,34,32.7,33
Nigeria_Gombe,NG_Gombe,VBS92008-7529STDY14535258,BIAW064,1338-VO-NG-ADEDAPO-VMF00268,3.12,1338-VO-NG-ADEDAPO,https://www.malariagen.net/network/where-we-work/1338-VO-NG-ADEDAPO,Adeogun Adedapo O.,Nigeria,Gombe,2022,6,10.298,11.173,F,coluzzii,coluzzii,45.05,46,47,0.948,48.48,47,43.75,45
Nigeria_Gombe,NG_Gombe,VBS92015-7529STDY14535265,BIAW072,1338-VO-NG-ADEDAPO-VMF00268,3.12,1338-VO-NG-ADEDAPO,https://www.malariagen.net/network/where-we-work/1338-VO-NG-ADEDAPO,Adeogun Adedapo O.,Nigeria,Gombe,2022,7,10.298,11.173,F,coluzzii,coluzzii,38.06,38,40,0.946,40.88,40,37.08,38
Nigeria_Gombe,NG_Gombe,VBS92017-7529STDY14535267,BIKE044,1338-VO-NG-ADEDAPO-VMF00268,3.12,1338-VO-NG-ADEDAPO,https://www.malariagen.net/network/where-we-work/1338-VO-NG-ADEDAPO,Adeogun Adedapo O.,Nigeria,Gombe,2022,7,10.298,11.173,F,coluzzii,coluzzii,39.6,40,41,0.947,41.96,41,38.85,40
Nigeria_Gombe,NG_Gombe,VBS92023-7529STDY14535273,BIAW032,1338-VO-NG-ADEDAPO-VMF00268,3.12,1338-VO-NG-ADEDAPO,https://www.malariagen.net/network/where-we-work/1338-VO-NG-ADEDAPO,Adeogun Adedapo O.,Nigeria,Gombe,2022,7,10.298,11.173,F,coluzzii,coluzzii,26.56,27,27,0.942,27.97,27,26.2,26
Nigeria_Gombe,NG_Gombe,VBS92025-7529STDY14535275,BIKE014,1338-VO-NG-ADEDAPO-VMF00268,3.12,1338-VO-NG-ADEDAPO,https://www.malariagen.net/network/where-we-work/1338-VO-NG-ADEDAPO,Adeogun Adedapo O.,Nigeria,Gombe,2022,7,10.298,11.173,F,coluzzii,coluzzii,31.2,31,32,0.947,33.09,32,30.59,31
Nigeria_Gombe,NG_Gombe,VBS92031-7529STDY14535281,BIAW067,1338-VO-NG-ADEDAPO-VMF00268,3.12,1338-VO-NG-ADEDAPO,https://www.malariagen.net/network/where-we-work/1338-VO-NG-ADEDAPO,Adeogun Adedapo O.,Nigeria,Gombe,2022,7,10.298,11.173,F,coluzzii,coluzzii,28.21,28,29,0.944,29.77,29,27.63,28
Nigeria_Gombe,NG_Gombe,VBS92032-7529STDY14535282,BIKE040,1338-VO-NG-ADEDAPO-VMF00268,3.12,1338-VO-NG-ADEDAPO,https://www.malariagen.net/network/where-we-work/1338-VO-NG-ADEDAPO,Adeogun Adedapo O.,Nigeria,Gombe,2022,7,10.298,11.173,F,coluzzii,coluzzii,33.3,34,34,0.945,35.29,34,32.69,33
Nigeria_Gombe,NG_Gombe,VBS92033-7529STDY14535283,BIKE021,1338-VO-NG-ADEDAPO-VMF00268,3.12,1338-VO-NG-ADEDAPO,https://www.malariagen.net/network/where-we-work/1338-VO-NG-ADEDAPO,Adeogun Adedapo O.,Nigeria,Gombe,2022,7,10.298,11.173,F,coluzzii,coluzzii,29.87,30,31,0.948,31.38,30,29.58,30
Nigeria_Gombe,NG_Gombe,VBS92039-7529STDY14535289,BIAW041,1338-VO-NG-ADEDAPO-VMF00268,3.12,1338-VO-NG-ADEDAPO,https://www.malariagen.net/network/where-we-work/1338-VO-NG-ADEDAPO,Adeogun Adedapo O.,Nigeria,Gombe,2022,7,10.298,11.173,F,coluzzii,coluzzii,30.25,30,31,0.947,32.03,31,29.89,30
Nigeria_Gombe,NG_Gombe,VBS92040-7529STDY14535290,BIKE016,1338-VO-NG-ADEDAPO-VMF00268,3.12,1338-VO-NG-ADEDAPO,https://www.malariagen.net/network/where-we-work/1338-VO-NG-ADEDAPO,Adeogun Adedapo O.,Nigeria,Gombe,2022,7,10.298,11.173,F,coluzzii,coluzzii,31.36,32,32,0.946,33.08,32,30.83,31
Nigeria_Gombe,NG_Gombe,VBS92041-7529STDY14535291,BIKE049,1338-VO-NG-ADEDAPO-VMF00268,3.12,1338-VO-NG-ADEDAPO,https://www.malariagen.net/network/where-we-work/1338-VO-NG-ADEDAPO,Adeogun Adedapo O.,Nigeria,Gombe,2022,7,10.298,11.173,F,coluzzii,coluzzii,35.89,36,37,0.948,37.98,36,35.42,36
Nigeria_Gombe,NG_Gombe,VBS92048-7529STDY14535298,BIKE047,1338-VO-NG-ADEDAPO-VMF00268,3.12,1338-VO-NG-ADEDAPO,https://www.malariagen.net/network/where-we-work/1338-VO-NG-ADEDAPO,Adeogun Adedapo O.,Nigeria,Gombe,2022,7,10.298,11.173,F,coluzzii,coluzzii,32.88,33,34,0.948,34.63,33,32.42,33
Nigeria_Gombe,NG_Gombe,VBS92055-7529STDY14535305,BIAW023,1338-VO-NG-ADEDAPO-VMF00268,3.12,1338-VO-NG-ADEDAPO,https://www.malariagen.net/network/where-we-work/1338-VO-NG-ADEDAPO,Adeogun Adedapo O.,Nigeria,Gombe,2022,7,10.298,11.173,F,coluzzii,coluzzii,28.14,28,29,0.944,29.67,29,27.71,28
Nigeria_Gombe,NG_Gombe,VBS92056-7529STDY14535306,BIKE048,1338-VO-NG-ADEDAPO-VMF00268,3.12,1338-VO-NG-ADEDAPO,https://www.malariagen.net/network/where-we-work/1338-VO-NG-ADEDAPO,Adeogun Adedapo O.,Nigeria,Gombe,2022,7,10.298,11.173,F,coluzzii,coluzzii,29.18,29,30,0.945,30.33,29,28.74,29
Nigeria_Gombe,NG_Gombe,VBS92063-7529STDY14535313,BIAW075,1338-VO-NG-ADEDAPO-VMF00268,3.12,1338-VO-NG-ADEDAPO,https://www.malariagen.net/network/where-we-work/1338-VO-NG-ADEDAPO,Adeogun Adedapo O.,Nigeria,Gombe,2022,7,10.298,11.173,F,coluzzii,coluzzii,31.27,32,32,0.945,32.5,32,30.73,31
Nigeria_Gombe,NG_Gombe,VBS92162-7529STDY14535418,BIAW045,1338-VO-NG-ADEDAPO-VMF00268,3.12,1338-VO-NG-ADEDAPO,https://www.malariagen.net/network/where-we-work/1338-VO-NG-ADEDAPO,Adeogun Adedapo O.,Nigeria,Gombe,2022,7,10.298,11.173,F,coluzzii,coluzzii,43.28,43,45,0.947,46.65,45,41.82,42
Nigeria_Gombe,NG_Gombe,VBS92163-7529STDY14535419,BIKE001,1338-VO-NG-ADEDAPO-VMF00268,3.12,1338-VO-NG-ADEDAPO,https://www.malariagen.net/network/where-we-work/1338-VO-NG-ADEDAPO,Adeogun Adedapo O.,Nigeria,Gombe,2022,7,10.298,11.173,F,coluzzii,coluzzii,48.27,48,48,0.95,53.43,51,46.51,47
Nigeria_Gombe,NG_Gombe,VBS92164-7529STDY14535420,BIKE028,1338-VO-NG-ADEDAPO-VMF00268,3.12,1338-VO-NG-ADEDAPO,https://www.malariagen.net/network/where-we-work/1338-VO-NG-ADEDAPO,Adeogun Adedapo O.,Nigeria,Gombe,2022,7,10.298,11.173,F,coluzzii,coluzzii,38.39,38,39,0.946,41.35,39,37.33,37
Nigeria_Gombe,NG_Gombe,VBS92170-7529STDY14535426,BIAW018,1338-VO-NG-ADEDAPO-VMF00268,3.12,1338-VO-NG-ADEDAPO,https://www.malariagen.net/network/where-we-work/1338-VO-NG-ADEDAPO,Adeogun Adedapo O.,Nigeria,Gombe,2022,7,10.298,11.173,F,coluzzii,coluzzii,44.52,45,46,0.947,47.13,46,43.57,45
Nigeria_Gombe,NG_Gombe,VBS92171-7529STDY14535427,BIKE034,1338-VO-NG-ADEDAPO-VMF00268,3.12,1338-VO-NG-ADEDAPO,https://www.malariagen.net/network/where-we-work/1338-VO-NG-ADEDAPO,Adeogun Adedapo O.,Nigeria,Gombe,2022,7,10.298,11.173,F,coluzzii,coluzzii,49.07,50,51,0.948,51.23,50,48.34,50
Nigeria_Gombe,NG_Gombe,VBS92172-7529STDY14535428,BIKE037,1338-VO-NG-ADEDAPO-VMF00268,3.12,1338-VO-NG-ADEDAPO,https://www.malariagen.net/network/where-we-work/1338-VO-NG-ADEDAPO,Adeogun Adedapo O.,Nigeria,Gombe,2022,7,10.298,11.173,F,coluzzii,coluzzii,38.92,39,40,0.946,41.41,40,38.37,39
Nigeria_Gombe,NG_Gombe,VBS92178-7529STDY14535434,BIAW019,1338-VO-NG-ADEDAPO-VMF00268,3.12,1338-VO-NG-ADEDAPO,https://www.malariagen.net/network/where-we-work/1338-VO-NG-ADEDAPO,Adeogun Adedapo O.,Nigeria,Gombe,2022,7,10.298,11.173,F,coluzzii,coluzzii,41.71,42,44,0.947,44.23,43,40.97,42
Nigeria_Gombe,NG_Gombe,VBS92179-7529STDY14535435,BIKE007,1338-VO-NG-ADEDAPO-VMF00268,3.12,1338-VO-NG-ADEDAPO,https://www.malariagen.net/network/where-we-work/1338-VO-NG-ADEDAPO,Adeogun Adedapo O.,Nigeria,Gombe,2022,7,10.298,11.173,F,coluzzii,coluzzii,47.45,47,48,0.947,51.71,50,45.8,46
Nigeria_Gombe,NG_Gombe,VBS92186-7529STDY14535442,BIAW046,1338-VO-NG-ADEDAPO-VMF00268,3.12,1338-VO-NG-ADEDAPO,https://www.malariagen.net/network/where-we-work/1338-VO-NG-ADEDAPO,Adeogun Adedapo O.,Nigeria,Gombe,2022,7,10.298,11.173,F,coluzzii,coluzzii,46.39,47,51,0.946,50.26,49,45.0,46
Nigeria_Gombe,NG_Gombe,VBS92187-7529STDY14535443,BIKE017,1338-VO-NG-ADEDAPO-VMF00268,3.12,1338-VO-NG-ADEDAPO,https://www.malariagen.net/network/where-we-work/1338-VO-NG-ADEDAPO,Adeogun Adedapo O.,Nigeria,Gombe,2022,7,10.298,11.173,F,coluzzii,coluzzii,42.75,44,45,0.948,44.78,44,42.11,43
Nigeria_Gombe,NG_Gombe,VBS92188-7529STDY14535444,BIKE031,1338-VO-NG-ADEDAPO-VMF00268,3.12,1338-VO-NG-ADEDAPO,https://www.malariagen.net/network/where-we-work/1338-VO-NG-ADEDAPO,Adeogun Adedapo O.,Nigeria,Gombe,2022,7,10.298,11.173,F,coluzzii,coluzzii,38.43,38,38,0.946,42.1,39,37.18,37
Nigeria_Gombe,NG_Gombe,VBS92193-7529STDY14535449,BIAW047,1338-VO-NG-ADEDAPO-VMF00268,3.12,1338-VO-NG-ADEDAPO,https://www.malariagen.net/network/where-we-work/1338-VO-NG-ADEDAPO,Adeogun Adedapo O.,Nigeria,Gombe,2022,7,10.298,11.173,F,coluzzii,coluzzii,42.15,43,43,0.948,44.59,43,41.37,42
Nigeria_Gombe,NG_Gombe,VBS92194-7529STDY14535450,BIAW070,1338-VO-NG-ADEDAPO-VMF00268,3.12,1338-VO-NG-ADEDAPO,https://www.malariagen.net/network/where-we-work/1338-VO-NG-ADEDAPO,Adeogun Adedapo O.,Nigeria,Gombe,2022,7,10.298,11.173,F,coluzzii,coluzzii,42.59,43,44,0.948,44.71,44,41.89,43
Nigeria_Gombe,NG_Gombe,VBS92201-7529STDY14535457,BIAW009,1338-VO-NG-ADEDAPO-VMF00268,3.12,1338-VO-NG-ADEDAPO,https://www.malariagen.net/network/where-we-work/1338-VO-NG-ADEDAPO,Adeogun Adedapo O.,Nigeria,Gombe,2022,7,10.298,11.173,F,coluzzii,coluzzii,39.96,41,41,0.948,42.05,41,39.33,40
Nigeria_Gombe,NG_Gombe,VBS92202-7529STDY14535458,BIAW022,1338-VO-NG-ADEDAPO-VMF00268,3.12,1338-VO-NG-ADEDAPO,https://www.malariagen.net/network/where-we-work/1338-VO-NG-ADEDAPO,Adeogun Adedapo O.,Nigeria,Gombe,2022,7,10.298,11.173,F,coluzzii,coluzzii,49.18,50,51,0.948,51.68,51,48.0,49
Nigeria_Gombe,NG_Gombe,VBS92203-7529STDY14535459,BIKE024,1338-VO-NG-ADEDAPO-VMF00268,3.12,1338-VO-NG-ADEDAPO,https://www.malariagen.net/network/where-we-work/1338-VO-NG-ADEDAPO,Adeogun Adedapo O.,Nigeria,Gombe,2022,7,10.298,11.173,F,coluzzii,coluzzii,42.16,42,43,0.949,45.4,44,41.08,41
Nigeria_Gombe,NG_Gombe,VBS92209-7529STDY14535465,BIAW037,1338-VO-NG-ADEDAPO-VMF00268,3.12,1338-VO-NG-ADEDAPO,https://www.malariagen.net/network/where-we-work/1338-VO-NG-ADEDAPO,Adeogun Adedapo O.,Nigeria,Gombe,2022,7,10.298,11.173,F,coluzzii,coluzzii,44.3,45,46,0.949,47.04,46,43.51,44
Nigeria_Gombe,NG_Gombe,VBS92210-7529STDY14535466,BIAW060,1338-VO-NG-ADEDAPO-VMF00268,3.12,1338-VO-NG-ADEDAPO,https://www.malariagen.net/network/where-we-work/1338-VO-NG-ADEDAPO,Adeogun Adedapo O.,Nigeria,Gombe,2022,7,10.298,11.173,F,coluzzii,coluzzii,31.04,31,32,0.945,33.1,32,30.5,31
Nigeria_Gombe,NG_Gombe,VBS92211-7529STDY14535467,BIKE018,1338-VO-NG-ADEDAPO-VMF00268,3.12,1338-VO-NG-ADEDAPO,https://www.malariagen.net/network/where-we-work/1338-VO-NG-ADEDAPO,Adeogun Adedapo O.,Nigeria,Gombe,2022,7,10.298,11.173,F,coluzzii,coluzzii,48.13,49,51,0.948,50.53,50,47.42,49
Nigeria_Gombe,NG_Gombe,VBS92217-7529STDY14535473,BIAW054,1338-VO-NG-ADEDAPO-VMF00268,3.12,1338-VO-NG-ADEDAPO,https://www.malariagen.net/network/where-we-work/1338-VO-NG-ADEDAPO,Adeogun Adedapo O.,Nigeria,Gombe,2022,7,10.298,11.173,F,coluzzii,coluzzii,42.28,43,43,0.948,44.82,44,41.62,42
Nigeria_Gombe,NG_Gombe,VBS92218-7529STDY14535474,BIAW038,1338-VO-NG-ADEDAPO-VMF00268,3.12,1338-VO-NG-ADEDAPO,https://www.malariagen.net/network/where-we-work/1338-VO-NG-ADEDAPO,Adeogun Adedapo O.,Nigeria,Gombe,2022,7,10.298,11.173,F,coluzzii,coluzzii,51.46,53,54,0.948,54.65,53,50.62,52
Nigeria_Gombe,NG_Gombe,VBS92225-7529STDY14535481,BIAW004,1338-VO-NG-ADEDAPO-VMF00268,3.12,1338-VO-NG-ADEDAPO,https://www.malariagen.net/network/where-we-work/1338-VO-NG-ADEDAPO,Adeogun Adedapo O.,Nigeria,Gombe,2022,7,10.298,11.173,F,coluzzii,coluzzii,41.24,42,44,0.95,44.61,44,40.25,41
Nigeria_Gombe,NG_Gombe,VBS92226-7529STDY14535482,BIAW053,1338-VO-NG-ADEDAPO-VMF00268,3.12,1338-VO-NG-ADEDAPO,https://www.malariagen.net/network/where-we-work/1338-VO-NG-ADEDAPO,Adeogun Adedapo O.,Nigeria,Gombe,2022,7,10.298,11.173,F,coluzzii,coluzzii,36.99,36,36,0.945,41.15,38,35.58,35
Nigeria_Gombe,NG_Gombe,VBS92227-7529STDY14535483,BIKE029,1338-VO-NG-ADEDAPO-VMF00268,3.12,1338-VO-NG-ADEDAPO,https://www.malariagen.net/network/where-we-work/1338-VO-NG-ADEDAPO,Adeogun Adedapo O.,Nigeria,Gombe,2022,7,10.298,11.173,F,coluzzii,coluzzii,49.72,51,52,0.949,52.49,51,48.98,50
Nigeria_Gombe,NG_Gombe,VBS92233-7529STDY14535489,BIAW036,1338-VO-NG-ADEDAPO-VMF00268,3.12,1338-VO-NG-ADEDAPO,https://www.malariagen.net/network/where-we-work/1338-VO-NG-ADEDAPO,Adeogun Adedapo O.,Nigeria,Gombe,2022,7,10.298,11.173,F,coluzzii,coluzzii,49.35,50,53,0.947,52.77,52,48.09,49
Nigeria_Gombe,NG_Gombe,VBS92234-7529STDY14535490,BIAW052,1338-VO-NG-ADEDAPO-VMF00268,3.12,1338-VO-NG-ADEDAPO,https://www.malariagen.net/network/where-we-work/1338-VO-NG-ADEDAPO,Adeogun Adedapo O.,Nigeria,Gombe,2022,7,10.298,11.173,F,coluzzii,coluzzii,38.47,37,38,0.946,42.97,40,36.8,36
Nigeria_Gombe,NG_Gombe,VBS92241-7529STDY14535497,BIAW044,1338-VO-NG-ADEDAPO-VMF00268,3.12,1338-VO-NG-ADEDAPO,https://www.malariagen.net/network/where-we-work/1338-VO-NG-ADEDAPO,Adeogun Adedapo O.,Nigeria,Gombe,2022,7,10.298,11.173,F,coluzzii,coluzzii,40.13,40,41,0.947,43.13,42,39.04,39
Nigeria_Gombe,NG_Gombe,VBS92243-7529STDY14535499,BIKE041,1338-VO-NG-ADEDAPO-VMF00268,3.12,1338-VO-NG-ADEDAPO,https://www.malariagen.net/network/where-we-work/1338-VO-NG-ADEDAPO,Adeogun Adedapo O.,Nigeria,Gombe,2022,7,10.298,11.173,F,coluzzii,coluzzii,19.98,20,20,0.941,21.03,20,19.64,19
Nigeria_Gombe,NG_Gombe,VBS92249-7529STDY14535505,BIAW015,1338-VO-NG-ADEDAPO-VMF00268,3.12,1338-VO-NG-ADEDAPO,https://www.malariagen.net/network/where-we-work/1338-VO-NG-ADEDAPO,Adeogun Adedapo O.,Nigeria,Gombe,2022,7,10.298,11.173,F,coluzzii,coluzzii,49.32,50,51,0.947,52.84,51,48.37,49
Nigeria_Gombe,NG_Gombe,VBS92250-7529STDY14535506,BIKE019,1338-VO-NG-ADEDAPO-VMF00268,3.12,1338-VO-NG-ADEDAPO,https://www.malariagen.net/network/where-we-work/1338-VO-NG-ADEDAPO,Adeogun Adedapo O.,Nigeria,Gombe,2022,7,10.298,11.173,F,coluzzii,coluzzii,46.5,47,48,0.948,49.06,48,45.73,47
BurkinaFaso_BanaVillage,BF_BanaVil,VBS92934-7551STDY14567584,BF.BV.22.40.1,1296-VO-BF-DIABATE-VMF00272,3.11,1296-VO-BF-DIABATE,https://www.malariagen.net/network/where-we-work/1296-VO-BF-DIABATE,Abdoulaye Diabate,Burkina Faso,Bana Village,2022,3,11.233,-4.472,F,coluzzii,coluzzii,32.25,32,33,0.946,34.9,34,32.16,32
BurkinaFaso_BanaVillage,BF_BanaVil,VBS92935-7551STDY14567585,BF.BV.22.40.2,1296-VO-BF-DIABATE-VMF00272,3.11,1296-VO-BF-DIABATE,https://www.malariagen.net/network/where-we-work/1296-VO-BF-DIABATE,Abdoulaye Diabate,Burkina Faso,Bana Village,2022,3,11.233,-4.472,F,coluzzii,coluzzii,39.66,39,40,0.947,44.74,43,39.01,39
BurkinaFaso_BanaVillage,BF_BanaVil,VBS92936-7551STDY14567586,BF.BV.22.40.3,1296-VO-BF-DIABATE-VMF00272,3.11,1296-VO-BF-DIABATE,https://www.malariagen.net/network/where-we-work/1296-VO-BF-DIABATE,Abdoulaye Diabate,Burkina Faso,Bana Village,2022,3,11.233,-4.472,F,coluzzii,coluzzii,41.16,41,43,0.947,45.8,44,40.96,41
BurkinaFaso_BanaVillage,BF_BanaVil,VBS92937-7551STDY14567587,BF.BV.22.40.4,1296-VO-BF-DIABATE-VMF00272,3.11,1296-VO-BF-DIABATE,https://www.malariagen.net/network/where-we-work/1296-VO-BF-DIABATE,Abdoulaye Diabate,Burkina Faso,Bana Village,2022,3,11.233,-4.472,F,coluzzii,coluzzii,38.75,39,39,0.946,43.08,41,38.01,38
BurkinaFaso_BanaVillage,BF_BanaVil,VBS92938-7551STDY14567588,BF.BV.22.40.5,1296-VO-BF-DIABATE-VMF00272,3.11,1296-VO-BF-DIABATE,https://www.malariagen.net/network/where-we-work/1296-VO-BF-DIABATE,Abdoulaye Diabate,Burkina Faso,Bana Village,2022,3,11.233,-4.472,F,coluzzii,coluzzii,42.95,43,44,0.947,47.74,46,42.76,43
BurkinaFaso_BanaVillage,BF_BanaVil,VBS92939-7551STDY14567589,BF.BV.22.40.6,1296-VO-BF-DIABATE-VMF00272,3.11,1296-VO-BF-DIABATE,https://www.malariagen.net/network/where-we-work/1296-VO-BF-DIABATE,Abdoulaye Diabate,Burkina Faso,Bana Village,2022,3,11.233,-4.472,F,coluzzii,coluzzii,39.65,39,41,0.948,43.76,42,39.11,39
BurkinaFaso_BanaVillage,BF_BanaVil,VBS92941-7551STDY14567591,BF.BV.22.20.2,1296-VO-BF-DIABATE-VMF00272,3.11,1296-VO-BF-DIABATE,https://www.malariagen.net/network/where-we-work/1296-VO-BF-DIABATE,Abdoulaye Diabate,Burkina Faso,Bana Village,2022,3,11.233,-4.472,F,coluzzii,coluzzii,39.3,39,41,0.947,42.8,42,38.79,39
BurkinaFaso_BanaVillage,BF_BanaVil,VBS92942-7551STDY14567592,BF.BV.22.49.1,1296-VO-BF-DIABATE-VMF00272,3.11,1296-VO-BF-DIABATE,https://www.malariagen.net/network/where-we-work/1296-VO-BF-DIABATE,Abdoulaye Diabate,Burkina Faso,Bana Village,2022,3,11.233,-4.472,F,coluzzii,coluzzii,39.71,40,41,0.947,43.13,42,39.13,39
BurkinaFaso_BanaVillage,BF_BanaVil,VBS92943-7551STDY14567593,BF.BV.22.49.2,1296-VO-BF-DIABATE-VMF00272,3.11,1296-VO-BF-DIABATE,https://www.malariagen.net/network/where-we-work/1296-VO-BF-DIABATE,Abdoulaye Diabate,Burkina Faso,Bana Village,2022,3,11.233,-4.472,F,coluzzii,coluzzii,44.79,45,47,0.948,48.88,47,44.61,45
BurkinaFaso_BanaVillage,BF_BanaVil,VBS92944-7551STDY14567594,BF.BV.22.22.1,1296-VO-BF-DIABATE-VMF00272,3.11,1296-VO-BF-DIABATE,https://www.malariagen.net/network/where-we-work/1296-VO-BF-DIABATE,Abdoulaye Diabate,Burkina Faso,Bana Village,2022,3,11.233,-4.472,F,coluzzii,coluzzii,39.9,39,39,0.947,45.24,43,39.42,39
BurkinaFaso_BanaVillage,BF_BanaVil,VBS92945-7551STDY14567595,BF.BV.22.22.2,1296-VO-BF-DIABATE-VMF00272,3.11,1296-VO-BF-DIABATE,https://www.malariagen.net/network/where-we-work/1296-VO-BF-DIABATE,Abdoulaye Diabate,Burkina Faso,Bana Village,2022,3,11.233,-4.472,F,coluzzii,coluzzii,39.44,39,39,0.946,44.15,42,38.11,38
BurkinaFaso_BanaVillage,BF_BanaVil,VBS92946-7551STDY14567596,BF.BV.22.43.1,1296-VO-BF-DIABATE-VMF00272,3.11,1296-VO-BF-DIABATE,https://www.malariagen.net/network/where-we-work/1296-VO-BF-DIABATE,Abdoulaye Diabate,Burkina Faso,Bana Village,2022,3,11.233,-4.472,F,coluzzii,coluzzii,48.65,49,51,0.949,52.31,51,47.97,49
BurkinaFaso_BanaVillage,BF_BanaVil,VBS92947-7551STDY14567597,BF.BV.22.43.2,1296-VO-BF-DIABATE-VMF00272,3.11,1296-VO-BF-DIABATE,https://www.malariagen.net/network/where-we-work/1296-VO-BF-DIABATE,Abdoulaye Diabate,Burkina Faso,Bana Village,2022,3,11.233,-4.472,F,coluzzii,coluzzii,41.32,42,42,0.945,44.69,43,40.46,41
BurkinaFaso_BanaVillage,BF_BanaVil,VBS92948-7551STDY14567598,BF.BV.22.43.3,1296-VO-BF-DIABATE-VMF00272,3.11,1296-VO-BF-DIABATE,https://www.malariagen.net/network/where-we-work/1296-VO-BF-DIABATE,Abdoulaye Diabate,Burkina Faso,Bana Village,2022,3,11.233,-4.472,F,coluzzii,coluzzii,41.01,41,41,0.949,45.22,43,40.23,40
BurkinaFaso_BanaVillage,BF_BanaVil,VBS92949-7551STDY14567599,BF.BV.22.43.4,1296-VO-BF-DIABATE-VMF00272,3.11,1296-VO-BF-DIABATE,https://www.malariagen.net/network/where-we-work/1296-VO-BF-DIABATE,Abdoulaye Diabate,Burkina Faso,Bana Village,2022,3,11.233,-4.472,F,coluzzii,coluzzii,35.89,36,36,0.946,39.56,38,35.65,35
BurkinaFaso_BanaVillage,BF_BanaVil,VBS92950-7551STDY14567600,BF.BV.22.43.5,1296-VO-BF-DIABATE-VMF00272,3.11,1296-VO-BF-DIABATE,https://www.malariagen.net/network/where-we-work/1296-VO-BF-DIABATE,Abdoulaye Diabate,Burkina Faso,Bana Village,2022,3,11.233,-4.472,F,coluzzii,coluzzii,34.57,35,35,0.949,37.28,36,34.03,34
BurkinaFaso_BanaVillage,BF_BanaVil,VBS92951-7551STDY14567601,BF.BV.22.24.1,1296-VO-BF-DIABATE-VMF00272,3.11,1296-VO-BF-DIABATE,https://www.malariagen.net/network/where-we-work/1296-VO-BF-DIABATE,Abdoulaye Diabate,Burkina Faso,Bana Village,2022,3,11.233,-4.472,F,coluzzii,coluzzii,44.2,45,47,0.947,47.36,46,43.84,45
BurkinaFaso_BanaVillage,BF_BanaVil,VBS92952-7551STDY14567602,BF.BV.22.8.1,1296-VO-BF-DIABATE-VMF00272,3.11,1296-VO-BF-DIABATE,https://www.malariagen.net/network/where-we-work/1296-VO-BF-DIABATE,Abdoulaye Diabate,Burkina Faso,Bana Village,2022,3,11.233,-4.472,F,coluzzii,coluzzii,41.36,40,41,0.947,46.18,44,41.55,41
BurkinaFaso_BanaVillage,BF_BanaVil,VBS92953-7551STDY14567603,BF.BV.22.37.1,1296-VO-BF-DIABATE-VMF00272,3.11,1296-VO-BF-DIABATE,https://www.malariagen.net/network/where-we-work/1296-VO-BF-DIABATE,Abdoulaye Diabate,Burkina Faso,Bana Village,2022,3,11.233,-4.472,F,coluzzii,coluzzii,30.79,30,30,0.945,35.02,33,30.07,29
BurkinaFaso_BanaVillage,BF_BanaVil,VBS92954-7551STDY14567604,BF.BV.22.37.2,1296-VO-BF-DIABATE-VMF00272,3.11,1296-VO-BF-DIABATE,https://www.malariagen.net/network/where-we-work/1296-VO-BF-DIABATE,Abdoulaye Diabate,Burkina Faso,Bana Village,2022,3,11.233,-4.472,F,coluzzii,coluzzii,30.3,30,30,0.947,34.1,32,30.0,30
BurkinaFaso_BanaVillage,BF_BanaVil,VBS92955-7551STDY14567605,BF.BV.22.37.3,1296-VO-BF-DIABATE-VMF00272,3.11,1296-VO-BF-DIABATE,https://www.malariagen.net/network/where-we-work/1296-VO-BF-DIABATE,Abdoulaye Diabate,Burkina Faso,Bana Village,2022,3,11.233,-4.472,F,coluzzii,coluzzii,31.72,31,32,0.947,35.17,34,31.14,31
BurkinaFaso_BanaVillage,BF_BanaVil,VBS92956-7551STDY14567606,BF.BV.22.37.4,1296-VO-BF-DIABATE-VMF00272,3.11,1296-VO-BF-DIABATE,https://www.malariagen.net/network/where-we-work/1296-VO-BF-DIABATE,Abdoulaye Diabate,Burkina Faso,Bana Village,2022,3,11.233,-4.472,F,coluzzii,coluzzii,42.01,42,43,0.948,46.95,45,42.04,42
BurkinaFaso_BanaVillage,BF_BanaVil,VBS92957-7551STDY14567607,BF.BV.22.26.1,1296-VO-BF-DIABATE-VMF00272,3.11,1296-VO-BF-DIABATE,https://www.malariagen.net/network/where-we-work/1296-VO-BF-DIABATE,Abdoulaye Diabate,Burkina Faso,Bana Village,2022,3,11.233,-4.472,F,coluzzii,coluzzii,25.75,25,25,0.944,27.55,26,25.79,25
BurkinaFaso_BanaVillage,BF_BanaVil,VBS92960-7551STDY14567610,BF.BV.22.26.4,1296-VO-BF-DIABATE-VMF00272,3.11,1296-VO-BF-DIABATE,https://www.malariagen.net/network/where-we-work/1296-VO-BF-DIABATE,Abdoulaye Diabate,Burkina Faso,Bana Village,2022,3,11.233,-4.472,F,coluzzii,coluzzii,33.93,33,33,0.945,38.31,37,33.62,33
BurkinaFaso_BanaVillage,BF_BanaVil,VBS92961-7551STDY14567611,BF.BV.22.26.5,1296-VO-BF-DIABATE-VMF00272,3.11,1296-VO-BF-DIABATE,https://www.malariagen.net/network/where-we-work/1296-VO-BF-DIABATE,Abdoulaye Diabate,Burkina Faso,Bana Village,2022,3,11.233,-4.472,F,coluzzii,coluzzii,15.19,14,13,0.933,16.5,15,15.34,15
BurkinaFaso_BanaVillage,BF_BanaVil,VBS92962-7551STDY14567612,BF.BV.22.26.6,1296-VO-BF-DIABATE-VMF00272,3.11,1296-VO-BF-DIABATE,https://www.malariagen.net/network/where-we-work/1296-VO-BF-DIABATE,Abdoulaye Diabate,Burkina Faso,Bana Village,2022,3,11.233,-4.472,F,coluzzii,coluzzii,42.11,41,41,0.945,45.79,43,43.15,42
BurkinaFaso_BanaVillage,BF_BanaVil,VBS92963-7551STDY14567613,BF.BV.22.26.7,1296-VO-BF-DIABATE-VMF00272,3.11,1296-VO-BF-DIABATE,https://www.malariagen.net/network/where-we-work/1296-VO-BF-DIABATE,Abdoulaye Diabate,Burkina Faso,Bana Village,2022,3,11.233,-4.472,F,coluzzii,coluzzii,35.12,34,33,0.946,37.43,35,35.71,35
BurkinaFaso_BanaVillage,BF_BanaVil,VBS92964-7551STDY14567614,BF.BV.22.26.8,1296-VO-BF-DIABATE-VMF00272,3.11,1296-VO-BF-DIABATE,https://www.malariagen.net/network/where-we-work/1296-VO-BF-DIABATE,Abdoulaye Diabate,Burkina Faso,Bana Village,2022,3,11.233,-4.472,F,coluzzii,coluzzii,42.39,42,42,0.948,44.61,42,42.96,43
BurkinaFaso_BanaVillage,BF_BanaVil,VBS92965-7551STDY14567615,BF.BV.22.26.9,1296-VO-BF-DIABATE-VMF00272,3.11,1296-VO-BF-DIABATE,https://www.malariagen.net/network/where-we-work/1296-VO-BF-DIABATE,Abdoulaye Diabate,Burkina Faso,Bana Village,2022,3,11.233,-4.472,F,coluzzii,coluzzii,74.39,71,65,0.952,87.02,80,72.72,70
BurkinaFaso_BanaVillage,BF_BanaVil,VBS92966-7551STDY14567616,BF.BV.22.26.10,1296-VO-BF-DIABATE-VMF00272,3.11,1296-VO-BF-DIABATE,https://www.malariagen.net/network/where-we-work/1296-VO-BF-DIABATE,Abdoulaye Diabate,Burkina Faso,Bana Village,2022,3,11.233,-4.472,F,coluzzii,coluzzii,37.33,37,39,0.947,40.67,39,37.17,37
BurkinaFaso_BanaVillage,BF_BanaVil,VBS92967-7551STDY14567617,BF.BV.22.10.1,1296-VO-BF-DIABATE-VMF00272,3.11,1296-VO-BF-DIABATE,https://www.malariagen.net/network/where-we-work/1296-VO-BF-DIABATE,Abdoulaye Diabate,Burkina Faso,Bana Village,2022,3,11.233,-4.472,F,coluzzii,coluzzii,36.85,37,39,0.946,40.13,39,36.72,37
BurkinaFaso_BanaVillage,BF_BanaVil,VBS92968-7551STDY14567618,BF.BV.22.10.2,1296-VO-BF-DIABATE-VMF00272,3.11,1296-VO-BF-DIABATE,https://www.malariagen.net/network/where-we-work/1296-VO-BF-DIABATE,Abdoulaye Diabate,Burkina Faso,Bana Village,2022,3,11.233,-4.472,F,coluzzii,coluzzii,37.8,37,38,0.947,42.34,40,37.91,38
BurkinaFaso_BanaVillage,BF_BanaVil,VBS92970-7551STDY14567620,BF.BV.22.10.4,1296-VO-BF-DIABATE-VMF00272,3.11,1296-VO-BF-DIABATE,https://www.malariagen.net/network/where-we-work/1296-VO-BF-DIABATE,Abdoulaye Diabate,Burkina Faso,Bana Village,2022,3,11.233,-4.472,F,coluzzii,coluzzii,36.81,36,37,0.946,41.45,40,36.45,36
BurkinaFaso_BanaVillage,BF_BanaVil,VBS92972-7551STDY14567622,BF.BV.22.12.1,1296-VO-BF-DIABATE-VMF00272,3.11,1296-VO-BF-DIABATE,https://www.malariagen.net/network/where-we-work/1296-VO-BF-DIABATE,Abdoulaye Diabate,Burkina Faso,Bana Village,2022,3,11.233,-4.472,F,coluzzii,coluzzii,37.81,38,39,0.947,41.84,41,37.29,37
BurkinaFaso_BanaVillage,BF_BanaVil,VBS92973-7551STDY14567623,BF.BV.22.12.2,1296-VO-BF-DIABATE-VMF00272,3.11,1296-VO-BF-DIABATE,https://www.malariagen.net/network/where-we-work/1296-VO-BF-DIABATE,Abdoulaye Diabate,Burkina Faso,Bana Village,2022,3,11.233,-4.472,F,coluzzii,coluzzii,35.99,36,38,0.949,39.0,38,36.05,36
BurkinaFaso_BanaVillage,BF_BanaVil,VBS92974-7551STDY14567624,BF.BV.22.12.3,1296-VO-BF-DIABATE-VMF00272,3.11,1296-VO-BF-DIABATE,https://www.malariagen.net/network/where-we-work/1296-VO-BF-DIABATE,Abdoulaye Diabate,Burkina Faso,Bana Village,2022,3,11.233,-4.472,F,coluzzii,coluzzii,38.26,38,40,0.947,42.08,41,38.37,38
BurkinaFaso_BanaVillage,BF_BanaVil,VBS92975-7551STDY14567625,BF.BV.22.17.1,1296-VO-BF-DIABATE-VMF00272,3.11,1296-VO-BF-DIABATE,https://www.malariagen.net/network/where-we-work/1296-VO-BF-DIABATE,Abdoulaye Diabate,Burkina Faso,Bana Village,2022,3,11.233,-4.472,F,coluzzii,coluzzii,33.87,34,34,0.946,36.6,35,34.47,34
BurkinaFaso_BanaVillage,BF_BanaVil,VBS92976-7551STDY14567626,BF.BV.22.17.2,1296-VO-BF-DIABATE-VMF00272,3.11,1296-VO-BF-DIABATE,https://www.malariagen.net/network/where-we-work/1296-VO-BF-DIABATE,Abdoulaye Diabate,Burkina Faso,Bana Village,2022,3,11.233,-4.472,F,coluzzii,coluzzii,41.67,42,43,0.946,45.54,44,41.98,42
BurkinaFaso_BanaVillage,BF_BanaVil,VBS92977-7551STDY14567627,BF.BV.22.30.1,1296-VO-BF-DIABATE-VMF00272,3.11,1296-VO-BF-DIABATE,https://www.malariagen.net/network/where-we-work/1296-VO-BF-DIABATE,Abdoulaye Diabate,Burkina Faso,Bana Village,2022,3,11.233,-4.472,F,coluzzii,coluzzii,45.62,45,47,0.95,48.65,47,45.72,46
BurkinaFaso_BanaVillage,BF_BanaVil,VBS92979-7551STDY14567629,BF.BV.22.1002.1,1296-VO-BF-DIABATE-VMF00272,3.11,1296-VO-BF-DIABATE,https://www.malariagen.net/network/where-we-work/1296-VO-BF-DIABATE,Abdoulaye Diabate,Burkina Faso,Bana Village,2022,9,11.233,-4.472,F,coluzzii,coluzzii,37.27,37,38,0.946,41.46,40,37.25,37
BurkinaFaso_BanaVillage,BF_BanaVil,VBS92980-7551STDY14567630,BF.BV.22.1002.2,1296-VO-BF-DIABATE-VMF00272,3.11,1296-VO-BF-DIABATE,https://www.malariagen.net/network/where-we-work/1296-VO-BF-DIABATE,Abdoulaye Diabate,Burkina Faso,Bana Village,2022,9,11.233,-4.472,F,coluzzii,coluzzii,39.69,40,42,0.946,42.92,42,39.24,40
BurkinaFaso_BanaVillage,BF_BanaVil,VBS92981-7551STDY14567631,BF.BV.22.1002.3,1296-VO-BF-DIABATE-VMF00272,3.11,1296-VO-BF-DIABATE,https://www.malariagen.net/network/where-we-work/1296-VO-BF-DIABATE,Abdoulaye Diabate,Burkina Faso,Bana Village,2022,9,11.233,-4.472,F,coluzzii,coluzzii,44.07,44,46,0.951,48.29,47,44.04,44
BurkinaFaso_BanaVillage,BF_BanaVil,VBS92982-7551STDY14567632,BF.BV.22.1002.4,1296-VO-BF-DIABATE-VMF00272,3.11,1296-VO-BF-DIABATE,https://www.malariagen.net/network/where-we-work/1296-VO-BF-DIABATE,Abdoulaye Diabate,Burkina Faso,Bana Village,2022,9,11.233,-4.472,F,coluzzii,coluzzii,40.89,41,43,0.947,44.92,44,40.53,41
BurkinaFaso_BanaVillage,BF_BanaVil,VBS92983-7551STDY14567633,BF.BV.22.1002.5,1296-VO-BF-DIABATE-VMF00272,3.11,1296-VO-BF-DIABATE,https://www.malariagen.net/network/where-we-work/1296-VO-BF-DIABATE,Abdoulaye Diabate,Burkina Faso,Bana Village,2022,9,11.233,-4.472,F,coluzzii,coluzzii,33.25,33,34,0.946,36.41,35,33.13,33
BurkinaFaso_BanaVillage,BF_BanaVil,VBS92984-7551STDY14567634,BF.BV.22.1004.1,1296-VO-BF-DIABATE-VMF00272,3.11,1296-VO-BF-DIABATE,https://www.malariagen.net/network/where-we-work/1296-VO-BF-DIABATE,Abdoulaye Diabate,Burkina Faso,Bana Village,2022,9,11.233,-4.472,F,coluzzii,coluzzii,35.51,35,36,0.946,40.24,39,34.98,35
BurkinaFaso_BanaVillage,BF_BanaVil,VBS92986-7551STDY14567636,BF.BV.22.1004.3,1296-VO-BF-DIABATE-VMF00272,3.11,1296-VO-BF-DIABATE,https://www.malariagen.net/network/where-we-work/1296-VO-BF-DIABATE,Abdoulaye Diabate,Burkina Faso,Bana Village,2022,9,11.233,-4.472,F,coluzzii,coluzzii,43.95,44,46,0.948,47.89,47,43.55,44
BurkinaFaso_BanaVillage,BF_BanaVil,VBS92987-7551STDY14567637,BF.BV.22.1004.4,1296-VO-BF-DIABATE-VMF00272,3.11,1296-VO-BF-DIABATE,https://www.malariagen.net/network/where-we-work/1296-VO-BF-DIABATE,Abdoulaye Diabate,Burkina Faso,Bana Village,2022,9,11.233,-4.472,F,coluzzii,coluzzii,39.37,39,40,0.947,43.24,42,38.72,39
BurkinaFaso_BanaVillage,BF_BanaVil,VBS92989-7551STDY14567639,BF.BV.22.1004.6,1296-VO-BF-DIABATE-VMF00272,3.11,1296-VO-BF-DIABATE,https://www.malariagen.net/network/where-we-work/1296-VO-BF-DIABATE,Abdoulaye Diabate,Burkina Faso,Bana Village,2022,9,11.233,-4.472,F,coluzzii,coluzzii,35.73,35,36,0.947,39.94,38,35.54,35
BurkinaFaso_BanaVillage,BF_BanaVil,VBS92990-7551STDY14567640,BF.BV.22.1004.7,1296-VO-BF-DIABATE-VMF00272,3.11,1296-VO-BF-DIABATE,https://www.malariagen.net/network/where-we-work/1296-VO-BF-DIABATE,Abdoulaye Diabate,Burkina Faso,Bana Village,2022,9,11.233,-4.472,F,coluzzii,coluzzii,36.83,37,38,0.946,40.53,39,36.38,37
BurkinaFaso_BanaVillage,BF_BanaVil,VBS92991-7551STDY14567641,BF.BV.22.1004.8,1296-VO-BF-DIABATE-VMF00272,3.11,1296-VO-BF-DIABATE,https://www.malariagen.net/network/where-we-work/1296-VO-BF-DIABATE,Abdoulaye Diabate,Burkina Faso,Bana Village,2022,9,11.233,-4.472,F,coluzzii,coluzzii,34.16,34,34,0.947,37.76,36,33.49,33
BurkinaFaso_BanaVillage,BF_BanaVil,VBS92992-7551STDY14567642,BF.BV.22.1004.9,1296-VO-BF-DIABATE-VMF00272,3.11,1296-VO-BF-DIABATE,https://www.malariagen.net/network/where-we-work/1296-VO-BF-DIABATE,Abdoulaye Diabate,Burkina Faso,Bana Village,2022,9,11.233,-4.472,F,coluzzii,coluzzii,34.73,34,34,0.946,39.25,37,34.14,34
BurkinaFaso_BanaVillage,BF_BanaVil,VBS92993-7551STDY14567643,BF.BV.22.1013.1,1296-VO-BF-DIABATE-VMF00272,3.11,1296-VO-BF-DIABATE,https://www.malariagen.net/network/where-we-work/1296-VO-BF-DIABATE,Abdoulaye Diabate,Burkina Faso,Bana Village,2022,9,11.233,-4.472,F,coluzzii,coluzzii,38.37,39,40,0.948,41.72,40,38.25,39
BurkinaFaso_BanaVillage,BF_BanaVil,VBS92994-7551STDY14567644,BF.BV.22.1013.2,1296-VO-BF-DIABATE-VMF00272,3.11,1296-VO-BF-DIABATE,https://www.malariagen.net/network/where-we-work/1296-VO-BF-DIABATE,Abdoulaye Diabate,Burkina Faso,Bana Village,2022,9,11.233,-4.472,F,coluzzii,coluzzii,28.14,27,27,0.945,31.97,30,27.61,27
BurkinaFaso_BanaVillage,BF_BanaVil,VBS92995-7551STDY14567645,BF.BV.22.1013.3,1296-VO-BF-DIABATE-VMF00272,3.11,1296-VO-BF-DIABATE,https://www.malariagen.net/network/where-we-work/1296-VO-BF-DIABATE,Abdoulaye Diabate,Burkina Faso,Bana Village,2022,9,11.233,-4.472,F,coluzzii,coluzzii,41.91,42,44,0.946,46.76,45,41.42,42
BurkinaFaso_BanaVillage,BF_BanaVil,VBS92996-7551STDY14567646,BF.BV.22.1013.4,1296-VO-BF-DIABATE-VMF00272,3.11,1296-VO-BF-DIABATE,https://www.malariagen.net/network/where-we-work/1296-VO-BF-DIABATE,Abdoulaye Diabate,Burkina Faso,Bana Village,2022,9,11.233,-4.472,F,coluzzii,coluzzii,37.74,38,39,0.947,41.02,40,37.59,38
BurkinaFaso_BanaVillage,BF_BanaVil,VBS92997-7551STDY14567647,BF.BV.22.1013.5,1296-VO-BF-DIABATE-VMF00272,3.11,1296-VO-BF-DIABATE,https://www.malariagen.net/network/where-we-work/1296-VO-BF-DIABATE,Abdoulaye Diabate,Burkina Faso,Bana Village,2022,9,11.233,-4.472,F,coluzzii,coluzzii,23.09,23,23,0.943,25.15,24,23.05,23
BurkinaFaso_BanaVillage,BF_BanaVil,VBS92998-7551STDY14567648,BF.BV.22.1013.6,1296-VO-BF-DIABATE-VMF00272,3.11,1296-VO-BF-DIABATE,https://www.malariagen.net/network/where-we-work/1296-VO-BF-DIABATE,Abdoulaye Diabate,Burkina Faso,Bana Village,2022,9,11.233,-4.472,F,coluzzii,coluzzii,36.79,37,39,0.947,40.65,39,36.74,37
BurkinaFaso_BanaVillage,BF_BanaVil,VBS92999-7551STDY14567649,BF.BV.22.999.1,1296-VO-BF-DIABATE-VMF00272,3.11,1296-VO-BF-DIABATE,https://www.malariagen.net/network/where-we-work/1296-VO-BF-DIABATE,Abdoulaye Diabate,Burkina Faso,Bana Village,2022,9,11.233,-4.472,F,coluzzii,coluzzii,14.29,14,14,0.937,15.78,15,14.06,14
BurkinaFaso_BanaVillage,BF_BanaVil,VBS93000-7551STDY14567650,BF.BV.22.999.2,1296-VO-BF-DIABATE-VMF00272,3.11,1296-VO-BF-DIABATE,https://www.malariagen.net/network/where-we-work/1296-VO-BF-DIABATE,Abdoulaye Diabate,Burkina Faso,Bana Village,2022,9,11.233,-4.472,F,coluzzii,coluzzii,37.48,37,36,0.95,42.26,40,36.4,36
BurkinaFaso_BanaVillage,BF_BanaVil,VBS93001-7551STDY14567651,BF.BV.22.999.3,1296-VO-BF-DIABATE-VMF00272,3.11,1296-VO-BF-DIABATE,https://www.malariagen.net/network/where-we-work/1296-VO-BF-DIABATE,Abdoulaye Diabate,Burkina Faso,Bana Village,2022,9,11.233,-4.472,F,coluzzii,coluzzii,39.45,39,40,0.948,44.19,42,38.96,39
BurkinaFaso_BanaVillage,BF_BanaVil,VBS93002-7551STDY14567652,BF.BV.22.999.4,1296-VO-BF-DIABATE-VMF00272,3.11,1296-VO-BF-DIABATE,https://www.malariagen.net/network/where-we-work/1296-VO-BF-DIABATE,Abdoulaye Diabate,Burkina Faso,Bana Village,2022,9,11.233,-4.472,F,coluzzii,coluzzii,36.36,36,36,0.946,40.85,39,35.46,35
BurkinaFaso_BanaVillage,BF_BanaVil,VBS93003-7551STDY14567653,BF.BV.22.999.5,1296-VO-BF-DIABATE-VMF00272,3.11,1296-VO-BF-DIABATE,https://www.malariagen.net/network/where-we-work/1296-VO-BF-DIABATE,Abdoulaye Diabate,Burkina Faso,Bana Village,2022,9,11.233,-4.472,F,coluzzii,coluzzii,38.88,39,39,0.946,42.92,41,38.18,38
BurkinaFaso_BanaVillage,BF_BanaVil,VBS93004-7551STDY14567654,BF.BV.22.999.6,1296-VO-BF-DIABATE-VMF00272,3.11,1296-VO-BF-DIABATE,https://www.malariagen.net/network/where-we-work/1296-VO-BF-DIABATE,Abdoulaye Diabate,Burkina Faso,Bana Village,2022,9,11.233,-4.472,F,coluzzii,coluzzii,26.73,27,27,0.945,28.73,28,26.36,26
BurkinaFaso_BanaVillage,BF_BanaVil,VBS93005-7551STDY14567655,BF.BV.22.999.7,1296-VO-BF-DIABATE-VMF00272,3.11,1296-VO-BF-DIABATE,https://www.malariagen.net/network/where-we-work/1296-VO-BF-DIABATE,Abdoulaye Diabate,Burkina Faso,Bana Village,2022,9,11.233,-4.472,F,coluzzii,coluzzii,34.11,34,36,0.946,36.34,35,33.81,34
BurkinaFaso_BanaVillage,BF_BanaVil,VBS93006-7551STDY14567656,BF.BV.22.999.8,1296-VO-BF-DIABATE-VMF00272,3.11,1296-VO-BF-DIABATE,https://www.malariagen.net/network/where-we-work/1296-VO-BF-DIABATE,Abdoulaye Diabate,Burkina Faso,Bana Village,2022,9,11.233,-4.472,F,coluzzii,coluzzii,24.29,24,24,0.942,26.54,25,24.1,24
BurkinaFaso_BanaVillage,BF_BanaVil,VBS93007-7551STDY14567657,BF.BV.22.999.9,1296-VO-BF-DIABATE-VMF00272,3.11,1296-VO-BF-DIABATE,https://www.malariagen.net/network/where-we-work/1296-VO-BF-DIABATE,Abdoulaye Diabate,Burkina Faso,Bana Village,2022,9,11.233,-4.472,F,coluzzii,coluzzii,40.36,40,43,0.95,44.26,43,40.18,40
BurkinaFaso_BanaVillage,BF_BanaVil,VBS93008-7551STDY14567658,BF.BV.22.999.10,1296-VO-BF-DIABATE-VMF00272,3.11,1296-VO-BF-DIABATE,https://www.malariagen.net/network/where-we-work/1296-VO-BF-DIABATE,Abdoulaye Diabate,Burkina Faso,Bana Village,2022,9,11.233,-4.472,F,coluzzii,coluzzii,37.22,37,38,0.945,40.76,39,36.27,36
BurkinaFaso_BanaVillage,BF_BanaVil,VBS93009-7551STDY14567659,BF.BV.22.1152.1,1296-VO-BF-DIABATE-VMF00272,3.11,1296-VO-BF-DIABATE,https://www.malariagen.net/network/where-we-work/1296-VO-BF-DIABATE,Abdoulaye Diabate,Burkina Faso,Bana Village,2022,10,11.233,-4.472,F,coluzzii,coluzzii,37.71,34,24,0.943,44.41,38,35.62,32
BurkinaFaso_BanaVillage,BF_BanaVil,VBS93010-7551STDY14567660,BF.BV.22.1152.2,1296-VO-BF-DIABATE-VMF00272,3.11,1296-VO-BF-DIABATE,https://www.malariagen.net/network/where-we-work/1296-VO-BF-DIABATE,Abdoulaye Diabate,Burkina Faso,Bana Village,2022,10,11.233,-4.472,F,coluzzii,coluzzii,39.25,39,41,0.946,43.26,42,38.93,39
BurkinaFaso_BanaVillage,BF_BanaVil,VBS93011-7551STDY14567661,BF.BV.22.1149.1,1296-VO-BF-DIABATE-VMF00272,3.11,1296-VO-BF-DIABATE,https://www.malariagen.net/network/where-we-work/1296-VO-BF-DIABATE,Abdoulaye Diabate,Burkina Faso,Bana Village,2022,10,11.233,-4.472,F,coluzzii,coluzzii,35.39,35,37,0.946,39.3,38,35.21,35
BurkinaFaso_BanaVillage,BF_BanaVil,VBS93012-7551STDY14567662,BF.BV.22.1145.1,1296-VO-BF-DIABATE-VMF00272,3.11,1296-VO-BF-DIABATE,https://www.malariagen.net/network/where-we-work/1296-VO-BF-DIABATE,Abdoulaye Diabate,Burkina Faso,Bana Village,2022,10,11.233,-4.472,F,coluzzii,coluzzii,34.39,34,35,0.947,37.81,36,34.29,34
BurkinaFaso_BanaVillage,BF_BanaVil,VBS93013-7551STDY14567663,BF.BV.22.1145.2,1296-VO-BF-DIABATE-VMF00272,3.11,1296-VO-BF-DIABATE,https://www.malariagen.net/network/where-we-work/1296-VO-BF-DIABATE,Abdoulaye Diabate,Burkina Faso,Bana Village,2022,10,11.233,-4.472,F,coluzzii,coluzzii,38.01,38,39,0.946,41.48,40,37.71,38
BurkinaFaso_BanaVillage,BF_BanaVil,VBS93014-7551STDY14567664,BF.BV.22.1145.3,1296-VO-BF-DIABATE-VMF00272,3.11,1296-VO-BF-DIABATE,https://www.malariagen.net/network/where-we-work/1296-VO-BF-DIABATE,Abdoulaye Diabate,Burkina Faso,Bana Village,2022,10,11.233,-4.472,F,coluzzii,coluzzii,47.01,47,49,0.948,51.89,50,46.81,47
BurkinaFaso_BanaVillage,BF_BanaVil,VBS93015-7551STDY14567665,BF.BV.22.1146.1,1296-VO-BF-DIABATE-VMF00272,3.11,1296-VO-BF-DIABATE,https://www.malariagen.net/network/where-we-work/1296-VO-BF-DIABATE,Abdoulaye Diabate,Burkina Faso,Bana Village,2022,10,11.233,-4.472,F,coluzzii,coluzzii,37.73,38,38,0.948,41.37,40,36.75,37
BurkinaFaso_BanaVillage,BF_BanaVil,VBS93016-7551STDY14567666,BF.BV.22.1146.2,1296-VO-BF-DIABATE-VMF00272,3.11,1296-VO-BF-DIABATE,https://www.malariagen.net/network/where-we-work/1296-VO-BF-DIABATE,Abdoulaye Diabate,Burkina Faso,Bana Village,2022,10,11.233,-4.472,F,coluzzii,coluzzii,41.27,40,40,0.947,47.0,44,39.98,39
BurkinaFaso_BanaVillage,BF_BanaVil,VBS93017-7551STDY14567667,BF.BV.22.1146.3,1296-VO-BF-DIABATE-VMF00272,3.11,1296-VO-BF-DIABATE,https://www.malariagen.net/network/where-we-work/1296-VO-BF-DIABATE,Abdoulaye Diabate,Burkina Faso,Bana Village,2022,10,11.233,-4.472,F,coluzzii,coluzzii,36.36,35,35,0.945,41.12,39,35.36,35
BurkinaFaso_BanaVillage,BF_BanaVil,VBS93018-7551STDY14567668,BF.BV.22.1146.4,1296-VO-BF-DIABATE-VMF00272,3.11,1296-VO-BF-DIABATE,https://www.malariagen.net/network/where-we-work/1296-VO-BF-DIABATE,Abdoulaye Diabate,Burkina Faso,Bana Village,2022,10,11.233,-4.472,F,coluzzii,coluzzii,51.15,51,52,0.95,56.98,55,50.46,51
BurkinaFaso_BanaVillage,BF_BanaVil,VBS93019-7551STDY14567669,BF.BV.22.1146.5,1296-VO-BF-DIABATE-VMF00272,3.11,1296-VO-BF-DIABATE,https://www.malariagen.net/network/where-we-work/1296-VO-BF-DIABATE,Abdoulaye Diabate,Burkina Faso,Bana Village,2022,10,11.233,-4.472,F,coluzzii,coluzzii,41.88,42,44,0.948,45.37,44,42.08,42
BurkinaFaso_BanaVillage,BF_BanaVil,VBS93020-7551STDY14567670,BF.BV.22.1146.6,1296-VO-BF-DIABATE-VMF00272,3.11,1296-VO-BF-DIABATE,https://www.malariagen.net/network/where-we-work/1296-VO-BF-DIABATE,Abdoulaye Diabate,Burkina Faso,Bana Village,2022,10,11.233,-4.472,F,coluzzii,coluzzii,32.24,32,33,0.946,35.38,34,31.98,32
BurkinaFaso_BanaVillage,BF_BanaVil,VBS93021-7551STDY14567671,BF.BV.22.1138.1,1296-VO-BF-DIABATE-VMF00272,3.11,1296-VO-BF-DIABATE,https://www.malariagen.net/network/where-we-work/1296-VO-BF-DIABATE,Abdoulaye Diabate,Burkina Faso,Bana Village,2022,10,11.233,-4.472,F,coluzzii,coluzzii,32.06,32,33,0.945,35.07,34,31.69,32
BurkinaFaso_BanaVillage,BF_BanaVil,VBS93022-7551STDY14567672,BF.BV.22.1138.2,1296-VO-BF-DIABATE-VMF00272,3.11,1296-VO-BF-DIABATE,https://www.malariagen.net/network/where-we-work/1296-VO-BF-DIABATE,Abdoulaye Diabate,Burkina Faso,Bana Village,2022,10,11.233,-4.472,F,coluzzii,coluzzii,45.64,45,47,0.949,51.17,49,44.74,44
BurkinaFaso_BanaVillage,BF_BanaVil,VBS93024-7551STDY14567674,BF.BV.22.1138.4,1296-VO-BF-DIABATE-VMF00272,3.11,1296-VO-BF-DIABATE,https://www.malariagen.net/network/where-we-work/1296-VO-BF-DIABATE,Abdoulaye Diabate,Burkina Faso,Bana Village,2022,10,11.233,-4.472,F,coluzzii,coluzzii,39.98,40,42,0.948,43.87,42,39.54,40
BurkinaFaso_BanaVillage,BF_BanaVil,VBS93025-7551STDY14567675,BF.BV.22.1138.5,1296-VO-BF-DIABATE-VMF00272,3.11,1296-VO-BF-DIABATE,https://www.malariagen.net/network/where-we-work/1296-VO-BF-DIABATE,Abdoulaye Diabate,Burkina Faso,Bana Village,2022,10,11.233,-4.472,F,coluzzii,coluzzii,44.14,44,45,0.946,48.82,47,43.09,43
BurkinaFaso_BanaVillage,BF_BanaVil,VBS93026-7551STDY14567676,BF.BV.22.1155.1,1296-VO-BF-DIABATE-VMF00272,3.11,1296-VO-BF-DIABATE,https://www.malariagen.net/network/where-we-work/1296-VO-BF-DIABATE,Abdoulaye Diabate,Burkina Faso,Bana Village,2022,10,11.233,-4.472,F,coluzzii,coluzzii,51.95,52,55,0.949,57.73,56,51.73,52
BurkinaFaso_BanaVillage,BF_BanaVil,VBS93027-7551STDY14567677,BF.BV.22.1136.1,1296-VO-BF-DIABATE-VMF00272,3.11,1296-VO-BF-DIABATE,https://www.malariagen.net/network/where-we-work/1296-VO-BF-DIABATE,Abdoulaye Diabate,Burkina Faso,Bana Village,2022,10,11.233,-4.472,F,coluzzii,coluzzii,38.28,39,40,0.947,41.43,40,37.62,38
BurkinaFaso_BanaVillage,BF_BanaVil,VBS93028-7551STDY14567679,BF.BV.22.1164.1,1296-VO-BF-DIABATE-VMF00272,3.11,1296-VO-BF-DIABATE,https://www.malariagen.net/network/where-we-work/1296-VO-BF-DIABATE,Abdoulaye Diabate,Burkina Faso,Bana Village,2022,10,11.233,-4.472,F,coluzzii,coluzzii,40.49,40,42,0.947,44.95,43,40.38,40
BurkinaFaso_BanaVillage,BF_BanaVil,VBS93029-7551STDY14567680,BF.BV.22.1164.2,1296-VO-BF-DIABATE-VMF00272,3.11,1296-VO-BF-DIABATE,https://www.malariagen.net/network/where-we-work/1296-VO-BF-DIABATE,Abdoulaye Diabate,Burkina Faso,Bana Village,2022,10,11.233,-4.472,F,coluzzii,coluzzii,37.24,37,37,0.946,41.33,39,36.58,36
BurkinaFaso_BanaVillage,BF_BanaVil,VBS93030-7551STDY14567681,BF.BV.22.1153.1,1296-VO-BF-DIABATE-VMF00272,3.11,1296-VO-BF-DIABATE,https://www.malariagen.net/network/where-we-work/1296-VO-BF-DIABATE,Abdoulaye Diabate,Burkina Faso,Bana Village,2022,10,11.233,-4.472,F,coluzzii,coluzzii,39.72,40,41,0.947,43.31,42,39.46,39
BurkinaFaso_BanaVillage,BF_BanaVil,VBS93031-7551STDY14567682,BF.BV.22.1153.2,1296-VO-BF-DIABATE-VMF00272,3.11,1296-VO-BF-DIABATE,https://www.malariagen.net/network/where-we-work/1296-VO-BF-DIABATE,Abdoulaye Diabate,Burkina Faso,Bana Village,2022,10,11.233,-4.472,F,coluzzii,coluzzii,36.17,35,36,0.946,40.96,39,35.54,35
BurkinaFaso_BanaVillage,BF_BanaVil,VBS93032-7551STDY14567683,BF.BV.22.1144.1,1296-VO-BF-DIABATE-VMF00272,3.11,1296-VO-BF-DIABATE,https://www.malariagen.net/network/where-we-work/1296-VO-BF-DIABATE,Abdoulaye Diabate,Burkina Faso,Bana Village,2022,10,11.233,-4.472,F,coluzzii,coluzzii,49.58,49,50,0.947,55.1,53,48.44,49
BurkinaFaso_BanaVillage,BF_BanaVil,VBS93033-7551STDY14567684,BF.BV.22.1144.2,1296-VO-BF-DIABATE-VMF00272,3.11,1296-VO-BF-DIABATE,https://www.malariagen.net/network/where-we-work/1296-VO-BF-DIABATE,Abdoulaye Diabate,Burkina Faso,Bana Village,2022,10,11.233,-4.472,F,coluzzii,coluzzii,39.85,40,41,0.947,43.86,42,39.66,39
BurkinaFaso_BanaVillage,BF_BanaVil,VBS93034-7551STDY14567685,BF.BV.22.1144.3,1296-VO-BF-DIABATE-VMF00272,3.11,1296-VO-BF-DIABATE,https://www.malariagen.net/network/where-we-work/1296-VO-BF-DIABATE,Abdoulaye Diabate,Burkina Faso,Bana Village,2022,10,11.233,-4.472,F,coluzzii,coluzzii,49.96,50,51,0.948,55.53,53,49.75,50
BurkinaFaso_BanaVillage,BF_BanaVil,VBS93035-7551STDY14567686,BF.BV.22.1158.1,1296-VO-BF-DIABATE-VMF00272,3.11,1296-VO-BF-DIABATE,https://www.malariagen.net/network/where-we-work/1296-VO-BF-DIABATE,Abdoulaye Diabate,Burkina Faso,Bana Village,2022,10,11.233,-4.472,F,coluzzii,coluzzii,43.2,43,44,0.949,48.53,46,42.66,42
BurkinaFaso_BanaVillage,BF_BanaVil,VBS93036-7551STDY14567687,BF.BV.22.1160.1,1296-VO-BF-DIABATE-VMF00272,3.11,1296-VO-BF-DIABATE,https://www.malariagen.net/network/where-we-work/1296-VO-BF-DIABATE,Abdoulaye Diabate,Burkina Faso,Bana Village,2022,10,11.233,-4.472,F,coluzzii,coluzzii,32.82,33,34,0.945,35.34,34,32.42,33
BurkinaFaso_BanaVillage,BF_BanaVil,VBS93038-7551STDY14567689,BF.BV.22.1160.3,1296-VO-BF-DIABATE-VMF00272,3.11,1296-VO-BF-DIABATE,https://www.malariagen.net/network/where-we-work/1296-VO-BF-DIABATE,Abdoulaye Diabate,Burkina Faso,Bana Village,2022,10,11.233,-4.472,F,coluzzii,coluzzii,43.2,44,45,0.948,46.68,45,42.64,43
BurkinaFaso_BanaVillage,BF_BanaVil,VBS93039-7551STDY14567690,BF.BV.22.1160.4,1296-VO-BF-DIABATE-VMF00272,3.11,1296-VO-BF-DIABATE,https://www.malariagen.net/network/where-we-work/1296-VO-BF-DIABATE,Abdoulaye Diabate,Burkina Faso,Bana Village,2022,10,11.233,-4.472,F,coluzzii,coluzzii,32.83,33,33,0.946,36.08,35,32.21,32
BurkinaFaso_BanaVillage,BF_BanaVil,VBS93041-7551STDY14567692,BF.BV.22.1160.6,1296-VO-BF-DIABATE-VMF00272,3.11,1296-VO-BF-DIABATE,https://www.malariagen.net/network/where-we-work/1296-VO-BF-DIABATE,Abdoulaye Diabate,Burkina Faso,Bana Village,2022,10,11.233,-4.472,F,coluzzii,coluzzii,42.27,42,42,0.948,47.06,45,41.41,41
BurkinaFaso_BanaVillage,BF_BanaVil,VBS93042-7551STDY14567693,BF.BV.22.1160.7,1296-VO-BF-DIABATE-VMF00272,3.11,1296-VO-BF-DIABATE,https://www.malariagen.net/network/where-we-work/1296-VO-BF-DIABATE,Abdoulaye Diabate,Burkina Faso,Bana Village,2022,10,11.233,-4.472,F,coluzzii,coluzzii,41.78,42,43,0.95,44.99,44,41.36,42
BurkinaFaso_BanaVillage,BF_BanaVil,VBS93043-7551STDY14567694,BF.BV.22.1160.8,1296-VO-BF-DIABATE-VMF00272,3.11,1296-VO-BF-DIABATE,https://www.malariagen.net/network/where-we-work/1296-VO-BF-DIABATE,Abdoulaye Diabate,Burkina Faso,Bana Village,2022,10,11.233,-4.472,F,coluzzii,coluzzii,47.0,47,48,0.948,51.59,50,46.58,47
BurkinaFaso_BanaVillage,BF_BanaVil,VBS93044-7551STDY14567695,BF.BV.22.1160.9,1296-VO-BF-DIABATE-VMF00272,3.11,1296-VO-BF-DIABATE,https://www.malariagen.net/network/where-we-work/1296-VO-BF-DIABATE,Abdoulaye Diabate,Burkina Faso,Bana Village,2022,10,11.233,-4.472,F,coluzzii,coluzzii,37.48,38,38,0.946,41.07,40,36.88,37
BurkinaFaso_BanaVillage,BF_BanaVil,VBS93045-7551STDY14567696,BF.BV.22.1160.10,1296-VO-BF-DIABATE-VMF00272,3.11,1296-VO-BF-DIABATE,https://www.malariagen.net/network/where-we-work/1296-VO-BF-DIABATE,Abdoulaye Diabate,Burkina Faso,Bana Village,2022,10,11.233,-4.472,F,coluzzii,coluzzii,47.22,48,49,0.948,51.25,50,46.64,47
BurkinaFaso_BanaVillage,BF_BanaVil,VBS93046-7551STDY14567697,BF.BV.22.1161.1,1296-VO-BF-DIABATE-VMF00272,3.11,1296-VO-BF-DIABATE,https://www.malariagen.net/network/where-we-work/1296-VO-BF-DIABATE,Abdoulaye Diabate,Burkina Faso,Bana Village,2022,10,11.233,-4.472,F,coluzzii,coluzzii,43.77,44,46,0.951,47.44,46,43.47,44
BurkinaFaso_BanaVillage,BF_BanaVil,VBS93047-7551STDY14567698,BF.BV.22.1161.2,1296-VO-BF-DIABATE-VMF00272,3.11,1296-VO-BF-DIABATE,https://www.malariagen.net/network/where-we-work/1296-VO-BF-DIABATE,Abdoulaye Diabate,Burkina Faso,Bana Village,2022,10,11.233,-4.472,F,coluzzii,coluzzii,45.36,46,47,0.948,48.57,47,44.82,46
BurkinaFaso_BanaVillage,BF_BanaVil,VBS93048-7551STDY14567699,BF.BV.22.1161.3,1296-VO-BF-DIABATE-VMF00272,3.11,1296-VO-BF-DIABATE,https://www.malariagen.net/network/where-we-work/1296-VO-BF-DIABATE,Abdoulaye Diabate,Burkina Faso,Bana Village,2022,10,11.233,-4.472,F,coluzzii,coluzzii,33.45,33,34,0.944,36.7,35,32.86,33
BurkinaFaso_BanaVillage,BF_BanaVil,VBS93049-7551STDY14567700,BF.BV.22.1161.4,1296-VO-BF-DIABATE-VMF00272,3.11,1296-VO-BF-DIABATE,https://www.malariagen.net/network/where-we-work/1296-VO-BF-DIABATE,Abdoulaye Diabate,Burkina Faso,Bana Village,2022,10,11.233,-4.472,F,coluzzii,coluzzii,47.47,48,49,0.952,51.47,50,46.95,47
BurkinaFaso_BanaVillage,BF_BanaVil,VBS93050-7551STDY14567701,BF.BV.22.1161.5,1296-VO-BF-DIABATE-VMF00272,3.11,1296-VO-BF-DIABATE,https://www.malariagen.net/network/where-we-work/1296-VO-BF-DIABATE,Abdoulaye Diabate,Burkina Faso,Bana Village,2022,10,11.233,-4.472,F,coluzzii,coluzzii,38.82,39,40,0.948,41.84,41,38.42,39
BurkinaFaso_BanaVillage,BF_BanaVil,VBS93051-7551STDY14567702,BF.BV.22.1161.6,1296-VO-BF-DIABATE-VMF00272,3.11,1296-VO-BF-DIABATE,https://www.malariagen.net/network/where-we-work/1296-VO-BF-DIABATE,Abdoulaye Diabate,Burkina Faso,Bana Village,2022,10,11.233,-4.472,F,coluzzii,coluzzii,49.31,49,51,0.95,54.65,53,48.52,49
BurkinaFaso_BanaVillage,BF_BanaVil,VBS93052-7551STDY14567703,BF.BV.22.1161.7,1296-VO-BF-DIABATE-VMF00272,3.11,1296-VO-BF-DIABATE,https://www.malariagen.net/network/where-we-work/1296-VO-BF-DIABATE,Abdoulaye Diabate,Burkina Faso,Bana Village,2022,10,11.233,-4.472,F,coluzzii,coluzzii,46.85,47,49,0.95,51.15,50,46.5,47
BurkinaFaso_BanaVillage,BF_BanaVil,VBS93053-7551STDY14567704,BF.BV.22.1161.8,1296-VO-BF-DIABATE-VMF00272,3.11,1296-VO-BF-DIABATE,https://www.malariagen.net/network/where-we-work/1296-VO-BF-DIABATE,Abdoulaye Diabate,Burkina Faso,Bana Village,2022,10,11.233,-4.472,F,coluzzii,coluzzii,33.58,34,34,0.947,36.33,35,33.44,34
BurkinaFaso_BanaVillage,BF_BanaVil,VBS93054-7551STDY14567705,BF.BV.22.1161.9,1296-VO-BF-DIABATE-VMF00272,3.11,1296-VO-BF-DIABATE,https://www.malariagen.net/network/where-we-work/1296-VO-BF-DIABATE,Abdoulaye Diabate,Burkina Faso,Bana Village,2022,10,11.233,-4.472,F,coluzzii,coluzzii,44.97,45,46,0.95,49.22,48,44.41,45
BurkinaFaso_BanaVillage,BF_BanaVil,VBS93055-7551STDY14567706,BF.BV.22.1161.10,1296-VO-BF-DIABATE-VMF00272,3.11,1296-VO-BF-DIABATE,https://www.malariagen.net/network/where-we-work/1296-VO-BF-DIABATE,Abdoulaye Diabate,Burkina Faso,Bana Village,2022,10,11.233,-4.472,F,coluzzii,coluzzii,42.77,43,45,0.948,46.4,45,42.41,43
BurkinaFaso_BanaVillage,BF_BanaVil,VBS93056-7551STDY14567707,BF.BV.22.1143.1,1296-VO-BF-DIABATE-VMF00272,3.11,1296-VO-BF-DIABATE,https://www.malariagen.net/network/where-we-work/1296-VO-BF-DIABATE,Abdoulaye Diabate,Burkina Faso,Bana Village,2022,10,11.233,-4.472,F,coluzzii,coluzzii,43.57,43,44,0.948,48.33,46,43.25,43
BurkinaFaso_BanaVillage,BF_BanaVil,VBS93057-7551STDY14567708,BF.BV.22.1143.2,1296-VO-BF-DIABATE-VMF00272,3.11,1296-VO-BF-DIABATE,https://www.malariagen.net/network/where-we-work/1296-VO-BF-DIABATE,Abdoulaye Diabate,Burkina Faso,Bana Village,2022,10,11.233,-4.472,F,coluzzii,coluzzii,46.84,47,48,0.947,52.12,50,46.23,46
BurkinaFaso_BanaVillage,BF_BanaVil,VBS93058-7551STDY14567709,BF.BV.22.1143.3,1296-VO-BF-DIABATE-VMF00272,3.11,1296-VO-BF-DIABATE,https://www.malariagen.net/network/where-we-work/1296-VO-BF-DIABATE,Abdoulaye Diabate,Burkina Faso,Bana Village,2022,10,11.233,-4.472,F,coluzzii,coluzzii,40.6,40,42,0.948,44.79,43,39.91,40
BurkinaFaso_BanaVillage,BF_BanaVil,VBS93059-7551STDY14567710,BF.BV.22.1143.4,1296-VO-BF-DIABATE-VMF00272,3.11,1296-VO-BF-DIABATE,https://www.malariagen.net/network/where-we-work/1296-VO-BF-DIABATE,Abdoulaye Diabate,Burkina Faso,Bana Village,2022,10,11.233,-4.472,F,coluzzii,coluzzii,45.28,45,46,0.952,50.38,48,44.61,44
BurkinaFaso_BanaVillage,BF_BanaVil,VBS93060-7551STDY14567711,BF.BV.22.1143.5,1296-VO-BF-DIABATE-VMF00272,3.11,1296-VO-BF-DIABATE,https://www.malariagen.net/network/where-we-work/1296-VO-BF-DIABATE,Abdoulaye Diabate,Burkina Faso,Bana Village,2022,10,11.233,-4.472,F,coluzzii,coluzzii,39.22,39,40,0.947,42.61,41,38.78,39
BurkinaFaso_BanaVillage,BF_BanaVil,VBS93061-7551STDY14567712,BF.BV.22.1143.6,1296-VO-BF-DIABATE-VMF00272,3.11,1296-VO-BF-DIABATE,https://www.malariagen.net/network/where-we-work/1296-VO-BF-DIABATE,Abdoulaye Diabate,Burkina Faso,Bana Village,2022,10,11.233,-4.472,F,coluzzii,coluzzii,32.83,33,33,0.946,35.93,34,32.51,33
BurkinaFaso_BanaVillage,BF_BanaVil,VBS93062-7551STDY14567713,BF.BV.22.1143.7,1296-VO-BF-DIABATE-VMF00272,3.11,1296-VO-BF-DIABATE,https://www.malariagen.net/network/where-we-work/1296-VO-BF-DIABATE,Abdoulaye Diabate,Burkina Faso,Bana Village,2022,10,11.233,-4.472,F,coluzzii,coluzzii,42.83,43,44,0.948,46.95,45,42.27,43
BurkinaFaso_BanaVillage,BF_BanaVil,VBS93063-7551STDY14567714,BF.BV.22.1143.8,1296-VO-BF-DIABATE-VMF00272,3.11,1296-VO-BF-DIABATE,https://www.malariagen.net/network/where-we-work/1296-VO-BF-DIABATE,Abdoulaye Diabate,Burkina Faso,Bana Village,2022,10,11.233,-4.472,F,coluzzii,coluzzii,34.8,34,35,0.945,39.06,37,34.22,34
BurkinaFaso_BanaVillage,BF_BanaVil,VBS93064-7551STDY14567715,BF.BV.22.1143.9,1296-VO-BF-DIABATE-VMF00272,3.11,1296-VO-BF-DIABATE,https://www.malariagen.net/network/where-we-work/1296-VO-BF-DIABATE,Abdoulaye Diabate,Burkina Faso,Bana Village,2022,10,11.233,-4.472,F,coluzzii,coluzzii,42.29,42,43,0.948,46.49,45,41.63,42
Guinea_Siguiri_Dankakoro,GN_Siguiri,VBS82056-7212STDY13775320,SG097,1330-VO-GN-LAMA-VMF00250,3.10,1330-VO-GN-LAMA,https://www.malariagen.net/network/where-we-work/1330-VO-GN-LAMA,Alfred Amambua-Ngwa,Guinea,Siguiri_Dankakoro,2022,1,11.416,-9.058,F,coluzzii,coluzzii,31.15,31,31,0.944,33.29,32,30.39,30
Guinea_Siguiri_Dankakoro,GN_Siguiri,VBS82057-7212STDY13775321,SG098,1330-VO-GN-LAMA-VMF00250,3.10,1330-VO-GN-LAMA,https://www.malariagen.net/network/where-we-work/1330-VO-GN-LAMA,Alfred Amambua-Ngwa,Guinea,Siguiri_Dankakoro,2022,1,11.416,-9.058,F,coluzzii,coluzzii,34.44,35,35,0.946,36.51,35,33.74,34
Guinea_Siguiri_Dankakoro,GN_Siguiri,VBS82060-7212STDY13775324,SG101,1330-VO-GN-LAMA-VMF00250,3.10,1330-VO-GN-LAMA,https://www.malariagen.net/network/where-we-work/1330-VO-GN-LAMA,Alfred Amambua-Ngwa,Guinea,Siguiri_Dankakoro,2022,1,11.416,-9.058,F,coluzzii,coluzzii,35.8,36,37,0.951,37.79,37,34.83,35
Guinea_Siguiri_Dankakoro,GN_Siguiri,VBS82062-7212STDY13775326,SG103,1330-VO-GN-LAMA-VMF00250,3.10,1330-VO-GN-LAMA,https://www.malariagen.net/network/where-we-work/1330-VO-GN-LAMA,Alfred Amambua-Ngwa,Guinea,Siguiri_Dankakoro,2022,1,11.416,-9.058,F,coluzzii,coluzzii,39.5,40,40,0.946,42.08,41,38.62,39
Guinea_Siguiri_Dankakoro,GN_Siguiri,VBS82063-7212STDY13775327,SG104,1330-VO-GN-LAMA-VMF00250,3.10,1330-VO-GN-LAMA,https://www.malariagen.net/network/where-we-work/1330-VO-GN-LAMA,Alfred Amambua-Ngwa,Guinea,Siguiri_Dankakoro,2022,1,11.416,-9.058,F,coluzzii,coluzzii,36.81,37,37,0.947,39.26,38,36.0,36
Guinea_Siguiri_Dankakoro,GN_Siguiri,VBS82064-7212STDY13775328,SG105,1330-VO-GN-LAMA-VMF00250,3.10,1330-VO-GN-LAMA,https://www.malariagen.net/network/where-we-work/1330-VO-GN-LAMA,Alfred Amambua-Ngwa,Guinea,Siguiri_Dankakoro,2022,1,11.416,-9.058,F,coluzzii,coluzzii,24.38,24,25,0.943,25.57,25,24.01,24
Guinea_Siguiri_Dankakoro,GN_Siguiri,VBS82065-7212STDY13775329,SG106,1330-VO-GN-LAMA-VMF00250,3.10,1330-VO-GN-LAMA,https://www.malariagen.net/network/where-we-work/1330-VO-GN-LAMA,Alfred Amambua-Ngwa,Guinea,Siguiri_Dankakoro,2022,1,11.416,-9.058,F,coluzzii,coluzzii,31.07,31,32,0.944,33.12,32,30.49,31
Guinea_Siguiri_Dankakoro,GN_Siguiri,VBS82066-7212STDY13775330,SG107,1330-VO-GN-LAMA-VMF00250,3.10,1330-VO-GN-LAMA,https://www.malariagen.net/network/where-we-work/1330-VO-GN-LAMA,Alfred Amambua-Ngwa,Guinea,Siguiri_Dankakoro,2022,1,11.416,-9.058,F,coluzzii,coluzzii,35.87,36,36,0.946,38.76,37,34.93,35
Guinea_Siguiri_Dankakoro,GN_Siguiri,VBS82067-7212STDY13775331,SG108,1330-VO-GN-LAMA-VMF00250,3.10,1330-VO-GN-LAMA,https://www.malariagen.net/network/where-we-work/1330-VO-GN-LAMA,Alfred Amambua-Ngwa,Guinea,Siguiri_Dankakoro,2022,1,11.416,-9.058,F,coluzzii,coluzzii,36.28,37,37,0.946,38.46,37,35.66,36
Guinea_Siguiri_Dankakoro,GN_Siguiri,VBS82068-7212STDY13775332,SG109,1330-VO-GN-LAMA-VMF00250,3.10,1330-VO-GN-LAMA,https://www.malariagen.net/network/where-we-work/1330-VO-GN-LAMA,Alfred Amambua-Ngwa,Guinea,Siguiri_Dankakoro,2022,1,11.416,-9.058,F,coluzzii,coluzzii,35.75,36,36,0.945,38.18,37,35.05,35
Guinea_Siguiri_Dankakoro,GN_Siguiri,VBS82069-7212STDY13775333,SG110,1330-VO-GN-LAMA-VMF00250,3.10,1330-VO-GN-LAMA,https://www.malariagen.net/network/where-we-work/1330-VO-GN-LAMA,Alfred Amambua-Ngwa,Guinea,Siguiri_Dankakoro,2022,1,11.416,-9.058,F,coluzzii,coluzzii,37.03,37,38,0.946,39.32,38,36.37,37
Guinea_Siguiri_Dankakoro,GN_Siguiri,VBS82071-7212STDY13775335,SG112,1330-VO-GN-LAMA-VMF00250,3.10,1330-VO-GN-LAMA,https://www.malariagen.net/network/where-we-work/1330-VO-GN-LAMA,Alfred Amambua-Ngwa,Guinea,Siguiri_Dankakoro,2022,1,11.416,-9.058,F,coluzzii,coluzzii,38.01,38,39,0.946,40.08,39,37.26,38
Guinea_Siguiri_Dankakoro,GN_Siguiri,VBS82072-7212STDY13775336,SG113,1330-VO-GN-LAMA-VMF00250,3.10,1330-VO-GN-LAMA,https://www.malariagen.net/network/where-we-work/1330-VO-GN-LAMA,Alfred Amambua-Ngwa,Guinea,Siguiri_Dankakoro,2022,1,11.416,-9.058,F,coluzzii,coluzzii,28.41,28,29,0.943,30.23,29,27.85,28
Guinea_Siguiri_Dankakoro,GN_Siguiri,VBS82074-7212STDY13775338,SG115,1330-VO-GN-LAMA-VMF00250,3.10,1330-VO-GN-LAMA,https://www.malariagen.net/network/where-we-work/1330-VO-GN-LAMA,Alfred Amambua-Ngwa,Guinea,Siguiri_Dankakoro,2022,1,11.416,-9.058,F,coluzzii,coluzzii,39.22,40,40,0.947,41.24,40,38.71,39
Guinea_Siguiri_Dankakoro,GN_Siguiri,VBS82075-7212STDY13775339,SG116,1330-VO-GN-LAMA-VMF00250,3.10,1330-VO-GN-LAMA,https://www.malariagen.net/network/where-we-work/1330-VO-GN-LAMA,Alfred Amambua-Ngwa,Guinea,Siguiri_Dankakoro,2022,1,11.416,-9.058,F,coluzzii,coluzzii,41.96,43,44,0.947,44.73,44,41.04,42
Guinea_Siguiri_Dankakoro,GN_Siguiri,VBS82076-7212STDY13775340,SG117,1330-VO-GN-LAMA-VMF00250,3.10,1330-VO-GN-LAMA,https://www.malariagen.net/network/where-we-work/1330-VO-GN-LAMA,Alfred Amambua-Ngwa,Guinea,Siguiri_Dankakoro,2022,1,11.416,-9.058,F,coluzzii,coluzzii,34.24,34,35,0.944,36.61,35,33.61,34
Guinea_Siguiri_Dankakoro,GN_Siguiri,VBS82077-7212STDY13775341,SG118,1330-VO-GN-LAMA-VMF00250,3.10,1330-VO-GN-LAMA,https://www.malariagen.net/network/where-we-work/1330-VO-GN-LAMA,Alfred Amambua-Ngwa,Guinea,Siguiri_Dankakoro,2022,1,11.416,-9.058,F,coluzzii,coluzzii,36.23,37,37,0.946,38.43,38,35.31,36
Guinea_Siguiri_Dankakoro,GN_Siguiri,VBS82078-7212STDY13775342,SG119,1330-VO-GN-LAMA-VMF00250,3.10,1330-VO-GN-LAMA,https://www.malariagen.net/network/where-we-work/1330-VO-GN-LAMA,Alfred Amambua-Ngwa,Guinea,Siguiri_Dankakoro,2022,1,11.416,-9.058,F,coluzzii,coluzzii,37.67,38,38,0.945,40.37,39,36.76,37
Guinea_Siguiri_Dankakoro,GN_Siguiri,VBS82079-7212STDY13775343,SG120,1330-VO-GN-LAMA-VMF00250,3.10,1330-VO-GN-LAMA,https://www.malariagen.net/network/where-we-work/1330-VO-GN-LAMA,Alfred Amambua-Ngwa,Guinea,Siguiri_Dankakoro,2022,1,11.416,-9.058,F,coluzzii,coluzzii,36.5,37,37,0.946,38.87,38,35.78,36
Guinea_Siguiri_Dankakoro,GN_Siguiri,VBS82080-7212STDY13775344,SG121,1330-VO-GN-LAMA-VMF00250,3.10,1330-VO-GN-LAMA,https://www.malariagen.net/network/where-we-work/1330-VO-GN-LAMA,Alfred Amambua-Ngwa,Guinea,Siguiri_Dankakoro,2022,1,11.416,-9.058,F,coluzzii,coluzzii,30.31,30,31,0.944,32.18,31,29.69,30
Guinea_Siguiri_Dankakoro,GN_Siguiri,VBS82081-7212STDY13775345,SG122,1330-VO-GN-LAMA-VMF00250,3.10,1330-VO-GN-LAMA,https://www.malariagen.net/network/where-we-work/1330-VO-GN-LAMA,Alfred Amambua-Ngwa,Guinea,Siguiri_Dankakoro,2022,1,11.416,-9.058,F,coluzzii,coluzzii,40.65,41,43,0.946,42.62,42,39.76,41
Guinea_Siguiri_Dankakoro,GN_Siguiri,VBS82082-7212STDY13775346,SG123,1330-VO-GN-LAMA-VMF00250,3.10,1330-VO-GN-LAMA,https://www.malariagen.net/network/where-we-work/1330-VO-GN-LAMA,Alfred Amambua-Ngwa,Guinea,Siguiri_Dankakoro,2022,1,11.416,-9.058,F,coluzzii,coluzzii,37.84,38,39,0.946,39.94,39,37.18,38
Guinea_Siguiri_Dankakoro,GN_Siguiri,VBS82083-7212STDY13775347,SG124,1330-VO-GN-LAMA-VMF00250,3.10,1330-VO-GN-LAMA,https://www.malariagen.net/network/where-we-work/1330-VO-GN-LAMA,Alfred Amambua-Ngwa,Guinea,Siguiri_Dankakoro,2022,1,11.416,-9.058,F,coluzzii,coluzzii,33.33,34,34,0.946,35.43,34,32.62,33
Guinea_Siguiri_Dankakoro,GN_Siguiri,VBS82084-7212STDY13775348,SG125,1330-VO-GN-LAMA-VMF00250,3.10,1330-VO-GN-LAMA,https://www.malariagen.net/network/where-we-work/1330-VO-GN-LAMA,Alfred Amambua-Ngwa,Guinea,Siguiri_Dankakoro,2022,1,11.416,-9.058,F,coluzzii,coluzzii,38.43,39,39,0.949,40.62,39,37.89,38
Guinea_Siguiri_Dankakoro,GN_Siguiri,VBS82086-7212STDY13775350,SG127,1330-VO-GN-LAMA-VMF00250,3.10,1330-VO-GN-LAMA,https://www.malariagen.net/network/where-we-work/1330-VO-GN-LAMA,Alfred Amambua-Ngwa,Guinea,Siguiri_Dankakoro,2022,1,11.416,-9.058,F,coluzzii,coluzzii,34.33,34,35,0.947,36.51,35,33.57,34
Guinea_Siguiri_Dankakoro,GN_Siguiri,VBS82088-7212STDY13775352,SG129,1330-VO-GN-LAMA-VMF00250,3.10,1330-VO-GN-LAMA,https://www.malariagen.net/network/where-we-work/1330-VO-GN-LAMA,Alfred Amambua-Ngwa,Guinea,Siguiri_Dankakoro,2022,1,11.416,-9.058,F,coluzzii,coluzzii,38.52,39,40,0.946,40.35,40,37.94,39
Guinea_Siguiri_Dankakoro,GN_Siguiri,VBS82089-7212STDY13775353,SG130,1330-VO-GN-LAMA-VMF00250,3.10,1330-VO-GN-LAMA,https://www.malariagen.net/network/where-we-work/1330-VO-GN-LAMA,Alfred Amambua-Ngwa,Guinea,Siguiri_Dankakoro,2022,1,11.416,-9.058,F,coluzzii,coluzzii,42.07,43,44,0.948,44.5,43,41.42,42
Guinea_Siguiri_Dankakoro,GN_Siguiri,VBS82090-7212STDY13775354,SG131,1330-VO-GN-LAMA-VMF00250,3.10,1330-VO-GN-LAMA,https://www.malariagen.net/network/where-we-work/1330-VO-GN-LAMA,Alfred Amambua-Ngwa,Guinea,Siguiri_Dankakoro,2022,1,11.416,-9.058,F,coluzzii,coluzzii,43.47,44,45,0.947,45.9,45,42.8,44
Guinea_Siguiri_Dankakoro,GN_Siguiri,VBS82091-7212STDY13775355,SG132,1330-VO-GN-LAMA-VMF00250,3.10,1330-VO-GN-LAMA,https://www.malariagen.net/network/where-we-work/1330-VO-GN-LAMA,Alfred Amambua-Ngwa,Guinea,Siguiri_Dankakoro,2022,1,11.416,-9.058,F,coluzzii,coluzzii,34.79,35,35,0.945,36.99,36,34.2,35
Guinea_Siguiri_Dankakoro,GN_Siguiri,VBS82092-7212STDY13775356,SG133,1330-VO-GN-LAMA-VMF00250,3.10,1330-VO-GN-LAMA,https://www.malariagen.net/network/where-we-work/1330-VO-GN-LAMA,Alfred Amambua-Ngwa,Guinea,Siguiri_Dankakoro,2022,1,11.416,-9.058,F,coluzzii,coluzzii,34.92,35,36,0.945,37.54,36,34.17,35
Guinea_Siguiri_Dankakoro,GN_Siguiri,VBS82093-7212STDY13775357,SG134,1330-VO-GN-LAMA-VMF00250,3.10,1330-VO-GN-LAMA,https://www.malariagen.net/network/where-we-work/1330-VO-GN-LAMA,Alfred Amambua-Ngwa,Guinea,Siguiri_Dankakoro,2022,1,11.416,-9.058,F,coluzzii,coluzzii,32.41,33,33,0.947,34.64,33,31.75,32
Guinea_Siguiri_Dankakoro,GN_Siguiri,VBS82094-7212STDY13775358,SG135,1330-VO-GN-LAMA-VMF00250,3.10,1330-VO-GN-LAMA,https://www.malariagen.net/network/where-we-work/1330-VO-GN-LAMA,Alfred Amambua-Ngwa,Guinea,Siguiri_Dankakoro,2022,1,11.416,-9.058,F,coluzzii,coluzzii,31.1,31,32,0.947,33.22,32,30.49,31
Guinea_Siguiri_Dankakoro,GN_Siguiri,VBS82095-7212STDY13775359,SG136,1330-VO-GN-LAMA-VMF00250,3.10,1330-VO-GN-LAMA,https://www.malariagen.net/network/where-we-work/1330-VO-GN-LAMA,Alfred Amambua-Ngwa,Guinea,Siguiri_Dankakoro,2022,1,11.416,-9.058,F,coluzzii,coluzzii,32.39,32,33,0.945,34.74,34,31.69,32
Guinea_Siguiri_Dankakoro,GN_Siguiri,VBS82096-7212STDY13775360,SG137,1330-VO-GN-LAMA-VMF00250,3.10,1330-VO-GN-LAMA,https://www.malariagen.net/network/where-we-work/1330-VO-GN-LAMA,Alfred Amambua-Ngwa,Guinea,Siguiri_Dankakoro,2022,1,11.416,-9.058,F,coluzzii,coluzzii,52.02,53,54,0.95,55.21,54,50.89,52
Guinea_Siguiri_Dankakoro,GN_Siguiri,VBS82097-7212STDY13775361,SG138,1330-VO-GN-LAMA-VMF00250,3.10,1330-VO-GN-LAMA,https://www.malariagen.net/network/where-we-work/1330-VO-GN-LAMA,Alfred Amambua-Ngwa,Guinea,Siguiri_Dankakoro,2022,1,11.416,-9.058,F,coluzzii,coluzzii,38.2,39,40,0.947,40.64,40,37.34,38
Guinea_Siguiri_Dankakoro,GN_Siguiri,VBS82099-7212STDY13775363,SG140,1330-VO-GN-LAMA-VMF00250,3.10,1330-VO-GN-LAMA,https://www.malariagen.net/network/where-we-work/1330-VO-GN-LAMA,Alfred Amambua-Ngwa,Guinea,Siguiri_Dankakoro,2022,1,11.416,-9.058,F,coluzzii,coluzzii,39.1,40,40,0.948,42.25,41,38.12,39
Guinea_Siguiri_Dankakoro,GN_Siguiri,VBS82100-7212STDY13775364,SG141,1330-VO-GN-LAMA-VMF00250,3.10,1330-VO-GN-LAMA,https://www.malariagen.net/network/where-we-work/1330-VO-GN-LAMA,Alfred Amambua-Ngwa,Guinea,Siguiri_Dankakoro,2022,1,11.416,-9.058,F,coluzzii,coluzzii,31.32,32,32,0.946,33.31,32,30.7,31
Guinea_Siguiri_Dankakoro,GN_Siguiri,VBS82104-7212STDY13775368,SG145,1330-VO-GN-LAMA-VMF00250,3.10,1330-VO-GN-LAMA,https://www.malariagen.net/network/where-we-work/1330-VO-GN-LAMA,Alfred Amambua-Ngwa,Guinea,Siguiri_Dankakoro,2022,1,11.416,-9.058,F,coluzzii,coluzzii,34.12,34,35,0.946,36.21,35,33.45,34
Guinea_Siguiri_Dankakoro,GN_Siguiri,VBS82105-7212STDY13775369,SG146,1330-VO-GN-LAMA-VMF00250,3.10,1330-VO-GN-LAMA,https://www.malariagen.net/network/where-we-work/1330-VO-GN-LAMA,Alfred Amambua-Ngwa,Guinea,Siguiri_Dankakoro,2022,1,11.416,-9.058,F,coluzzii,coluzzii,40.92,42,42,0.948,43.5,43,40.11,41
Guinea_Siguiri_Dankakoro,GN_Siguiri,VBS82107-7212STDY13775371,SG148,1330-VO-GN-LAMA-VMF00250,3.10,1330-VO-GN-LAMA,https://www.malariagen.net/network/where-we-work/1330-VO-GN-LAMA,Alfred Amambua-Ngwa,Guinea,Siguiri_Dankakoro,2022,1,11.416,-9.058,F,coluzzii,coluzzii,46.18,47,48,0.949,49.1,48,45.52,47
Guinea_Siguiri_Dankakoro,GN_Siguiri,VBS82108-7212STDY13775372,SG149,1330-VO-GN-LAMA-VMF00250,3.10,1330-VO-GN-LAMA,https://www.malariagen.net/network/where-we-work/1330-VO-GN-LAMA,Alfred Amambua-Ngwa,Guinea,Siguiri_Dankakoro,2022,1,11.416,-9.058,F,coluzzii,coluzzii,34.67,35,35,0.946,37.58,36,33.78,34
Guinea_Siguiri_Dankakoro,GN_Siguiri,VBS82109-7212STDY13775373,SG150,1330-VO-GN-LAMA-VMF00250,3.10,1330-VO-GN-LAMA,https://www.malariagen.net/network/where-we-work/1330-VO-GN-LAMA,Alfred Amambua-Ngwa,Guinea,Siguiri_Dankakoro,2022,1,11.416,-9.058,F,coluzzii,coluzzii,39.51,40,41,0.946,42.23,41,38.55,39
Guinea_Siguiri_Dankakoro,GN_Siguiri,VBS82110-7212STDY13775374,SG151,1330-VO-GN-LAMA-VMF00250,3.10,1330-VO-GN-LAMA,https://www.malariagen.net/network/where-we-work/1330-VO-GN-LAMA,Alfred Amambua-Ngwa,Guinea,Siguiri_Dankakoro,2022,1,11.416,-9.058,F,coluzzii,coluzzii,46.74,48,49,0.949,49.1,48,45.94,47
Guinea_Siguiri_Dankakoro,GN_Siguiri,VBS82111-7212STDY13775375,SG152,1330-VO-GN-LAMA-VMF00250,3.10,1330-VO-GN-LAMA,https://www.malariagen.net/network/where-we-work/1330-VO-GN-LAMA,Alfred Amambua-Ngwa,Guinea,Siguiri_Dankakoro,2022,1,11.416,-9.058,F,coluzzii,coluzzii,32.13,32,32,0.946,34.62,33,31.39,32
Guinea_Siguiri_Dankakoro,GN_Siguiri,VBS82112-7212STDY13775376,SG153,1330-VO-GN-LAMA-VMF00250,3.10,1330-VO-GN-LAMA,https://www.malariagen.net/network/where-we-work/1330-VO-GN-LAMA,Alfred Amambua-Ngwa,Guinea,Siguiri_Dankakoro,2022,1,11.416,-9.058,F,coluzzii,coluzzii,38.23,38,39,0.947,40.71,39,37.29,38
Guinea_Siguiri_Dankakoro,GN_Siguiri,VBS82113-7212STDY13775377,SG154,1330-VO-GN-LAMA-VMF00250,3.10,1330-VO-GN-LAMA,https://www.malariagen.net/network/where-we-work/1330-VO-GN-LAMA,Alfred Amambua-Ngwa,Guinea,Siguiri_Dankakoro,2022,1,11.416,-9.058,F,coluzzii,coluzzii,41.46,42,43,0.948,44.02,43,40.68,42
Guinea_Siguiri_Dankakoro,GN_Siguiri,VBS82114-7212STDY13775378,SG155,1330-VO-GN-LAMA-VMF00250,3.10,1330-VO-GN-LAMA,https://www.malariagen.net/network/where-we-work/1330-VO-GN-LAMA,Alfred Amambua-Ngwa,Guinea,Siguiri_Dankakoro,2022,1,11.416,-9.058,F,coluzzii,coluzzii,36.24,37,37,0.948,38.36,37,35.54,36
Guinea_Siguiri_Dankakoro,GN_Siguiri,VBS82116-7212STDY13775380,SG157,1330-VO-GN-LAMA-VMF00250,3.10,1330-VO-GN-LAMA,https://www.malariagen.net/network/where-we-work/1330-VO-GN-LAMA,Alfred Amambua-Ngwa,Guinea,Siguiri_Dankakoro,2022,1,11.416,-9.058,F,coluzzii,coluzzii,41.41,42,43,0.947,44.14,43,40.61,41
Guinea_Siguiri_Dankakoro,GN_Siguiri,VBS82117-7212STDY13775381,SG158,1330-VO-GN-LAMA-VMF00250,3.10,1330-VO-GN-LAMA,https://www.malariagen.net/network/where-we-work/1330-VO-GN-LAMA,Alfred Amambua-Ngwa,Guinea,Siguiri_Dankakoro,2022,1,11.416,-9.058,F,coluzzii,coluzzii,42.53,43,44,0.947,45.96,45,41.39,42
Guinea_Siguiri_Dankakoro,GN_Siguiri,VBS82118-7212STDY13775382,SG159,1330-VO-GN-LAMA-VMF00250,3.10,1330-VO-GN-LAMA,https://www.malariagen.net/network/where-we-work/1330-VO-GN-LAMA,Alfred Amambua-Ngwa,Guinea,Siguiri_Dankakoro,2022,1,11.416,-9.058,F,coluzzii,coluzzii,40.54,41,42,0.947,43.04,42,39.68,40
Guinea_Siguiri_Dankakoro,GN_Siguiri,VBS82120-7212STDY13775384,SG161,1330-VO-GN-LAMA-VMF00250,3.10,1330-VO-GN-LAMA,https://www.malariagen.net/network/where-we-work/1330-VO-GN-LAMA,Alfred Amambua-Ngwa,Guinea,Siguiri_Dankakoro,2022,1,11.416,-9.058,F,coluzzii,coluzzii,36.6,37,37,0.946,39.07,38,35.9,36
Guinea_Siguiri_Dankakoro,GN_Siguiri,VBS82121-7212STDY13775385,SG162,1330-VO-GN-LAMA-VMF00250,3.10,1330-VO-GN-LAMA,https://www.malariagen.net/network/where-we-work/1330-VO-GN-LAMA,Alfred Amambua-Ngwa,Guinea,Siguiri_Dankakoro,2022,1,11.416,-9.058,F,coluzzii,coluzzii,36.85,37,38,0.947,39.12,38,36.08,37
Guinea_Siguiri_Dankakoro,GN_Siguiri,VBS82122-7212STDY13775386,SG163,1330-VO-GN-LAMA-VMF00250,3.10,1330-VO-GN-LAMA,https://www.malariagen.net/network/where-we-work/1330-VO-GN-LAMA,Alfred Amambua-Ngwa,Guinea,Siguiri_Dankakoro,2022,1,11.416,-9.058,F,coluzzii,coluzzii,41.39,42,43,0.949,44.07,43,40.68,42
Guinea_Siguiri_Dankakoro,GN_Siguiri,VBS82123-7212STDY13775387,SG164,1330-VO-GN-LAMA-VMF00250,3.10,1330-VO-GN-LAMA,https://www.malariagen.net/network/where-we-work/1330-VO-GN-LAMA,Alfred Amambua-Ngwa,Guinea,Siguiri_Dankakoro,2022,1,11.416,-9.058,F,coluzzii,coluzzii,43.55,44,45,0.948,46.31,45,42.85,43
Guinea_Siguiri_Dankakoro,GN_Siguiri,VBS82124-7212STDY13775388,SG165,1330-VO-GN-LAMA-VMF00250,3.10,1330-VO-GN-LAMA,https://www.malariagen.net/network/where-we-work/1330-VO-GN-LAMA,Alfred Amambua-Ngwa,Guinea,Siguiri_Dankakoro,2022,1,11.416,-9.058,F,coluzzii,coluzzii,35.5,36,36,0.947,37.71,37,34.71,35
Guinea_Siguiri_Dankakoro,GN_Siguiri,VBS82125-7212STDY13775389,SG166,1330-VO-GN-LAMA-VMF00250,3.10,1330-VO-GN-LAMA,https://www.malariagen.net/network/where-we-work/1330-VO-GN-LAMA,Alfred Amambua-Ngwa,Guinea,Siguiri_Dankakoro,2022,1,11.416,-9.058,F,coluzzii,coluzzii,39.54,40,41,0.947,42.04,41,38.8,39
Guinea_Siguiri_Dankakoro,GN_Siguiri,VBS82126-7212STDY13775390,SG167,1330-VO-GN-LAMA-VMF00250,3.10,1330-VO-GN-LAMA,https://www.malariagen.net/network/where-we-work/1330-VO-GN-LAMA,Alfred Amambua-Ngwa,Guinea,Siguiri_Dankakoro,2022,1,11.416,-9.058,F,coluzzii,coluzzii,40.37,41,42,0.946,43.86,43,39.03,40
Guinea_Siguiri_Dankakoro,GN_Siguiri,VBS82127-7212STDY13775391,SG168,1330-VO-GN-LAMA-VMF00250,3.10,1330-VO-GN-LAMA,https://www.malariagen.net/network/where-we-work/1330-VO-GN-LAMA,Alfred Amambua-Ngwa,Guinea,Siguiri_Dankakoro,2022,1,11.416,-9.058,F,coluzzii,coluzzii,32.8,33,33,0.945,35.13,34,32.0,32
Guinea_Siguiri_Dankakoro,GN_Siguiri,VBS82128-7212STDY13775392,SG169,1330-VO-GN-LAMA-VMF00250,3.10,1330-VO-GN-LAMA,https://www.malariagen.net/network/where-we-work/1330-VO-GN-LAMA,Alfred Amambua-Ngwa,Guinea,Siguiri_Dankakoro,2022,1,11.416,-9.058,F,coluzzii,coluzzii,35.14,35,36,0.947,37.31,36,34.41,35
Guinea_Siguiri_Dankakoro,GN_Siguiri,VBS82129-7212STDY13775393,SG170,1330-VO-GN-LAMA-VMF00250,3.10,1330-VO-GN-LAMA,https://www.malariagen.net/network/where-we-work/1330-VO-GN-LAMA,Alfred Amambua-Ngwa,Guinea,Siguiri_Dankakoro,2022,1,11.416,-9.058,F,coluzzii,coluzzii,35.86,36,37,0.95,38.37,37,34.99,35
Guinea_Siguiri_Dankakoro,GN_Siguiri,VBS82130-7212STDY13775394,SG171,1330-VO-GN-LAMA-VMF00250,3.10,1330-VO-GN-LAMA,https://www.malariagen.net/network/where-we-work/1330-VO-GN-LAMA,Alfred Amambua-Ngwa,Guinea,Siguiri_Dankakoro,2022,1,11.416,-9.058,F,coluzzii,coluzzii,34.37,35,35,0.946,36.6,36,33.61,34
Guinea_Siguiri_Dankakoro,GN_Siguiri,VBS82131-7212STDY13775395,SG172,1330-VO-GN-LAMA-VMF00250,3.10,1330-VO-GN-LAMA,https://www.malariagen.net/network/where-we-work/1330-VO-GN-LAMA,Alfred Amambua-Ngwa,Guinea,Siguiri_Dankakoro,2022,1,11.416,-9.058,F,coluzzii,coluzzii,39.98,40,41,0.948,43.37,42,39.06,40
Guinea_Siguiri_Dankakoro,GN_Siguiri,VBS82132-7212STDY13775396,SG173,1330-VO-GN-LAMA-VMF00250,3.10,1330-VO-GN-LAMA,https://www.malariagen.net/network/where-we-work/1330-VO-GN-LAMA,Alfred Amambua-Ngwa,Guinea,Siguiri_Dankakoro,2022,1,11.416,-9.058,F,coluzzii,coluzzii,30.91,31,32,0.946,32.83,32,30.35,31
Guinea_Siguiri_Dankakoro,GN_Siguiri,VBS82133-7212STDY13775397,SG174,1330-VO-GN-LAMA-VMF00250,3.10,1330-VO-GN-LAMA,https://www.malariagen.net/network/where-we-work/1330-VO-GN-LAMA,Alfred Amambua-Ngwa,Guinea,Siguiri_Dankakoro,2022,1,11.416,-9.058,F,coluzzii,coluzzii,39.32,40,40,0.946,42.48,41,38.53,39
Guinea_Siguiri_Dankakoro,GN_Siguiri,VBS82134-7212STDY13775398,SG175,1330-VO-GN-LAMA-VMF00250,3.10,1330-VO-GN-LAMA,https://www.malariagen.net/network/where-we-work/1330-VO-GN-LAMA,Alfred Amambua-Ngwa,Guinea,Siguiri_Dankakoro,2022,1,11.416,-9.058,F,coluzzii,coluzzii,35.36,36,36,0.947,37.77,36,34.61,35
Guinea_Siguiri_Dankakoro,GN_Siguiri,VBS82135-7212STDY13775399,SG176,1330-VO-GN-LAMA-VMF00250,3.10,1330-VO-GN-LAMA,https://www.malariagen.net/network/where-we-work/1330-VO-GN-LAMA,Alfred Amambua-Ngwa,Guinea,Siguiri_Dankakoro,2022,1,11.416,-9.058,F,coluzzii,coluzzii,35.52,36,36,0.946,38.51,37,34.86,35
Guinea_Siguiri_Dankakoro,GN_Siguiri,VBS82136-7212STDY13775400,SG177,1330-VO-GN-LAMA-VMF00250,3.10,1330-VO-GN-LAMA,https://www.malariagen.net/network/where-we-work/1330-VO-GN-LAMA,Alfred Amambua-Ngwa,Guinea,Siguiri_Dankakoro,2022,1,11.416,-9.058,F,coluzzii,coluzzii,41.83,42,43,0.947,44.67,44,41.04,42
Guinea_Siguiri_Dankakoro,GN_Siguiri,VBS82137-7212STDY13775401,SG178,1330-VO-GN-LAMA-VMF00250,3.10,1330-VO-GN-LAMA,https://www.malariagen.net/network/where-we-work/1330-VO-GN-LAMA,Alfred Amambua-Ngwa,Guinea,Siguiri_Dankakoro,2022,1,11.416,-9.058,F,coluzzii,coluzzii,38.96,39,40,0.948,41.39,40,38.17,39
Guinea_Siguiri_Dankakoro,GN_Siguiri,VBS82138-7212STDY13775402,SG179,1330-VO-GN-LAMA-VMF00250,3.10,1330-VO-GN-LAMA,https://www.malariagen.net/network/where-we-work/1330-VO-GN-LAMA,Alfred Amambua-Ngwa,Guinea,Siguiri_Dankakoro,2022,1,11.416,-9.058,F,coluzzii,coluzzii,33.25,34,34,0.947,35.76,35,32.46,33
Guinea_Siguiri_Dankakoro,GN_Siguiri,VBS82139-7212STDY13775403,SG180,1330-VO-GN-LAMA-VMF00250,3.10,1330-VO-GN-LAMA,https://www.malariagen.net/network/where-we-work/1330-VO-GN-LAMA,Alfred Amambua-Ngwa,Guinea,Siguiri_Dankakoro,2022,1,11.416,-9.058,F,coluzzii,coluzzii,37.61,38,39,0.946,39.64,39,36.99,38
Guinea_Siguiri_Dankakoro,GN_Siguiri,VBS82140-7212STDY13775404,SG181,1330-VO-GN-LAMA-VMF00250,3.10,1330-VO-GN-LAMA,https://www.malariagen.net/network/where-we-work/1330-VO-GN-LAMA,Alfred Amambua-Ngwa,Guinea,Siguiri_Dankakoro,2022,1,11.416,-9.058,F,coluzzii,coluzzii,38.29,38,39,0.946,41.48,40,37.03,37
Guinea_Siguiri_Dankakoro,GN_Siguiri,VBS82141-7212STDY13775405,SG182,1330-VO-GN-LAMA-VMF00250,3.10,1330-VO-GN-LAMA,https://www.malariagen.net/network/where-we-work/1330-VO-GN-LAMA,Alfred Amambua-Ngwa,Guinea,Siguiri_Dankakoro,2022,1,11.416,-9.058,F,coluzzii,coluzzii,42.15,43,44,0.948,45.2,44,41.09,42
Guinea_Siguiri_Dankakoro,GN_Siguiri,VBS82143-7212STDY13775407,SG184,1330-VO-GN-LAMA-VMF00250,3.10,1330-VO-GN-LAMA,https://www.malariagen.net/network/where-we-work/1330-VO-GN-LAMA,Alfred Amambua-Ngwa,Guinea,Siguiri_Dankakoro,2022,1,11.416,-9.058,F,coluzzii,coluzzii,32.79,33,34,0.945,35.15,34,32.26,33
Guinea_Siguiri_Dankakoro,GN_Siguiri,VBS82144-7212STDY13775408,SG185,1330-VO-GN-LAMA-VMF00250,3.10,1330-VO-GN-LAMA,https://www.malariagen.net/network/where-we-work/1330-VO-GN-LAMA,Alfred Amambua-Ngwa,Guinea,Siguiri_Dankakoro,2022,1,11.416,-9.058,F,coluzzii,coluzzii,32.48,33,33,0.945,34.69,33,31.91,32
Guinea_Siguiri_Dankakoro,GN_Siguiri,VBS82145-7212STDY13775409,SG186,1330-VO-GN-LAMA-VMF00250,3.10,1330-VO-GN-LAMA,https://www.malariagen.net/network/where-we-work/1330-VO-GN-LAMA,Alfred Amambua-Ngwa,Guinea,Siguiri_Dankakoro,2022,1,11.416,-9.058,F,coluzzii,coluzzii,32.37,33,33,0.945,34.34,33,31.82,32
Guinea_Siguiri_Dankakoro,GN_Siguiri,VBS82146-7212STDY13775410,SG187,1330-VO-GN-LAMA-VMF00250,3.10,1330-VO-GN-LAMA,https://www.malariagen.net/network/where-we-work/1330-VO-GN-LAMA,Alfred Amambua-Ngwa,Guinea,Siguiri_Dankakoro,2022,1,11.416,-9.058,F,coluzzii,coluzzii,40.72,41,42,0.947,42.96,42,39.96,41
Guinea_Siguiri_Dankakoro,GN_Siguiri,VBS82147-7212STDY13775411,SG188,1330-VO-GN-LAMA-VMF00250,3.10,1330-VO-GN-LAMA,https://www.malariagen.net/network/where-we-work/1330-VO-GN-LAMA,Alfred Amambua-Ngwa,Guinea,Siguiri_Dankakoro,2022,1,11.416,-9.058,F,coluzzii,coluzzii,38.2,39,39,0.948,40.79,40,36.96,38
Guinea_Siguiri_Dankakoro,GN_Siguiri,VBS82148-7212STDY13775412,SG189,1330-VO-GN-LAMA-VMF00250,3.10,1330-VO-GN-LAMA,https://www.malariagen.net/network/where-we-work/1330-VO-GN-LAMA,Alfred Amambua-Ngwa,Guinea,Siguiri_Dankakoro,2022,1,11.416,-9.058,F,coluzzii,coluzzii,35.93,36,37,0.947,37.96,37,35.31,36
Guinea_Siguiri_Dankakoro,GN_Siguiri,VBS82149-7212STDY13775413,SG190,1330-VO-GN-LAMA-VMF00250,3.10,1330-VO-GN-LAMA,https://www.malariagen.net/network/where-we-work/1330-VO-GN-LAMA,Alfred Amambua-Ngwa,Guinea,Siguiri_Dankakoro,2022,1,11.416,-9.058,F,coluzzii,coluzzii,38.34,39,39,0.947,40.9,40,37.59,38
Guinea_Siguiri_Dankakoro,GN_Siguiri,VBS82150-7212STDY13775422,SG191,1330-VO-GN-LAMA-VMF00250,3.10,1330-VO-GN-LAMA,https://www.malariagen.net/network/where-we-work/1330-VO-GN-LAMA,Alfred Amambua-Ngwa,Guinea,Siguiri_Dankakoro,2022,1,11.416,-9.058,F,coluzzii,coluzzii,34.86,35,36,0.947,37.04,36,34.2,35
Guinea_Siguiri_Dankakoro,GN_Siguiri,VBS82151-7212STDY13775423,SG192,1330-VO-GN-LAMA-VMF00250,3.10,1330-VO-GN-LAMA,https://www.malariagen.net/network/where-we-work/1330-VO-GN-LAMA,Alfred Amambua-Ngwa,Guinea,Siguiri_Dankakoro,2022,1,11.416,-9.058,F,coluzzii,coluzzii,37.72,38,39,0.949,40.23,39,36.94,37
Mali_Faladje,ML_Faladje,VBS79672-6411STDY13666982,MLF02-009,1270-VO-MULTI-PAMGEN-VMF00244,3.10,1270-VO-MULTI-PAMGEN,https://www.malariagen.net/network/where-we-work/1270-VO-MULTI-PAMGEN,Antoine Dara,Mali,Faladje,2022,9,13.137,-8.338,F,coluzzii,coluzzii,14.55,13,12,0.935,15.42,13,14.58,13
Mali_Faladje,ML_Faladje,VBS79673-6411STDY13666983,MLF02-010,1270-VO-MULTI-PAMGEN-VMF00244,3.10,1270-VO-MULTI-PAMGEN,https://www.malariagen.net/network/where-we-work/1270-VO-MULTI-PAMGEN,Antoine Dara,Mali,Faladje,2022,9,13.137,-8.338,F,coluzzii,coluzzii,24.44,23,22,0.941,25.72,23,24.16,23
Mali_Faladje,ML_Faladje,VBS79674-6411STDY13666984,MLF02-011,1270-VO-MULTI-PAMGEN-VMF00244,3.10,1270-VO-MULTI-PAMGEN,https://www.malariagen.net/network/where-we-work/1270-VO-MULTI-PAMGEN,Antoine Dara,Mali,Faladje,2022,9,13.137,-8.338,F,coluzzii,coluzzii,26.86,25,24,0.945,29.21,26,26.17,25
Mali_Faladje,ML_Faladje,VBS79677-6411STDY13666987,MLF02-014,1270-VO-MULTI-PAMGEN-VMF00244,3.10,1270-VO-MULTI-PAMGEN,https://www.malariagen.net/network/where-we-work/1270-VO-MULTI-PAMGEN,Antoine Dara,Mali,Faladje,2022,9,13.137,-8.338,F,coluzzii,coluzzii,12.39,12,11,0.933,13.67,12,12.22,11
Mali_Faladje,ML_Faladje,VBS79679-6411STDY13666989,MLF02-016,1270-VO-MULTI-PAMGEN-VMF00244,3.10,1270-VO-MULTI-PAMGEN,https://www.malariagen.net/network/where-we-work/1270-VO-MULTI-PAMGEN,Antoine Dara,Mali,Faladje,2022,9,13.137,-8.338,F,coluzzii,coluzzii,32.48,31,30,0.945,35.58,33,31.69,30
Mali_Faladje,ML_Faladje,VBS79681-6411STDY13666991,MLF02-018,1270-VO-MULTI-PAMGEN-VMF00244,3.10,1270-VO-MULTI-PAMGEN,https://www.malariagen.net/network/where-we-work/1270-VO-MULTI-PAMGEN,Antoine Dara,Mali,Faladje,2022,9,13.137,-8.338,F,coluzzii,coluzzii,44.79,44,44,0.947,49.65,46,43.84,43
Mali_Faladje,ML_Faladje,VBS79682-6411STDY13666992,MLF02-019,1270-VO-MULTI-PAMGEN-VMF00244,3.10,1270-VO-MULTI-PAMGEN,https://www.malariagen.net/network/where-we-work/1270-VO-MULTI-PAMGEN,Antoine Dara,Mali,Faladje,2022,9,13.137,-8.338,F,coluzzii,coluzzii,49.85,50,51,0.949,54.85,53,49.01,49
Mali_Faladje,ML_Faladje,VBS79684-6411STDY13666994,MLF02-021,1270-VO-MULTI-PAMGEN-VMF00244,3.10,1270-VO-MULTI-PAMGEN,https://www.malariagen.net/network/where-we-work/1270-VO-MULTI-PAMGEN,Antoine Dara,Mali,Faladje,2022,9,13.137,-8.338,F,coluzzii,coluzzii,63.02,64,64,0.95,68.31,66,61.55,63
Mali_Faladje,ML_Faladje,VBS79687-6411STDY13666997,MLF02-024,1270-VO-MULTI-PAMGEN-VMF00244,3.10,1270-VO-MULTI-PAMGEN,https://www.malariagen.net/network/where-we-work/1270-VO-MULTI-PAMGEN,Antoine Dara,Mali,Faladje,2022,9,13.137,-8.338,F,coluzzii,coluzzii,54.54,55,57,0.949,58.23,57,53.61,55
Mali_Faladje,ML_Faladje,VBS79688-6411STDY13666998,MLF02-025,1270-VO-MULTI-PAMGEN-VMF00244,3.10,1270-VO-MULTI-PAMGEN,https://www.malariagen.net/network/where-we-work/1270-VO-MULTI-PAMGEN,Antoine Dara,Mali,Faladje,2022,9,13.137,-8.338,F,coluzzii,coluzzii,59.09,60,60,0.95,63.98,62,58.68,59
Mali_Faladje,ML_Faladje,VBS79689-6411STDY13666999,MLF02-026,1270-VO-MULTI-PAMGEN-VMF00244,3.10,1270-VO-MULTI-PAMGEN,https://www.malariagen.net/network/where-we-work/1270-VO-MULTI-PAMGEN,Antoine Dara,Mali,Faladje,2022,9,13.137,-8.338,F,coluzzii,coluzzii,21.6,19,17,0.939,22.98,20,21.73,19
Mali_Faladje,ML_Faladje,VBS79692-6411STDY13667002,MLF02-029,1270-VO-MULTI-PAMGEN-VMF00244,3.10,1270-VO-MULTI-PAMGEN,https://www.malariagen.net/network/where-we-work/1270-VO-MULTI-PAMGEN,Antoine Dara,Mali,Faladje,2022,9,13.137,-8.338,F,coluzzii,coluzzii,46.71,45,42,0.948,50.72,46,46.18,44
Mali_Faladje,ML_Faladje,VBS79693-6411STDY13667003,MLF02-030,1270-VO-MULTI-PAMGEN-VMF00244,3.10,1270-VO-MULTI-PAMGEN,https://www.malariagen.net/network/where-we-work/1270-VO-MULTI-PAMGEN,Antoine Dara,Mali,Faladje,2022,9,13.137,-8.338,F,coluzzii,coluzzii,63.3,64,65,0.951,67.83,66,62.72,64
Mali_Faladje,ML_Faladje,VBS79694-6411STDY13667004,MLF02-031,1270-VO-MULTI-PAMGEN-VMF00244,3.10,1270-VO-MULTI-PAMGEN,https://www.malariagen.net/network/where-we-work/1270-VO-MULTI-PAMGEN,Antoine Dara,Mali,Faladje,2022,9,13.137,-8.338,F,coluzzii,coluzzii,51.93,52,52,0.949,57.29,55,51.31,51
Mali_Faladje,ML_Faladje,VBS79695-6411STDY13667005,MLF02-032,1270-VO-MULTI-PAMGEN-VMF00244,3.10,1270-VO-MULTI-PAMGEN,https://www.malariagen.net/network/where-we-work/1270-VO-MULTI-PAMGEN,Antoine Dara,Mali,Faladje,2022,9,13.137,-8.338,F,coluzzii,coluzzii,22.39,22,22,0.942,24.55,23,22.41,22
Mali_Faladje,ML_Faladje,VBS79696-6411STDY13667006,MLF02_033,1270-VO-MULTI-PAMGEN-VMF00244,3.10,1270-VO-MULTI-PAMGEN,https://www.malariagen.net/network/where-we-work/1270-VO-MULTI-PAMGEN,Antoine Dara,Mali,Faladje,2022,9,13.137,-8.338,F,coluzzii,coluzzii,41.68,40,39,0.947,45.51,42,40.26,39
Mali_Faladje,ML_Faladje,VBS79698-6411STDY13667008,MLF02_035,1270-VO-MULTI-PAMGEN-VMF00244,3.10,1270-VO-MULTI-PAMGEN,https://www.malariagen.net/network/where-we-work/1270-VO-MULTI-PAMGEN,Antoine Dara,Mali,Faladje,2022,9,13.137,-8.338,F,coluzzii,coluzzii,52.7,53,54,0.95,56.85,55,52.24,53
Mali_Faladje,ML_Faladje,VBS79700-6411STDY13667010,MLF02_037,1270-VO-MULTI-PAMGEN-VMF00244,3.10,1270-VO-MULTI-PAMGEN,https://www.malariagen.net/network/where-we-work/1270-VO-MULTI-PAMGEN,Antoine Dara,Mali,Faladje,2022,9,13.137,-8.338,F,coluzzii,coluzzii,15.61,14,12,0.937,16.41,14,15.45,13
Mali_Faladje,ML_Faladje,VBS79703-6411STDY13667013,MLF02_040,1270-VO-MULTI-PAMGEN-VMF00244,3.10,1270-VO-MULTI-PAMGEN,https://www.malariagen.net/network/where-we-work/1270-VO-MULTI-PAMGEN,Antoine Dara,Mali,Faladje,2022,9,13.137,-8.338,F,coluzzii,coluzzii,49.48,50,52,0.95,52.34,51,48.66,50
Mali_Faladje,ML_Faladje,VBS79705-6411STDY13667015,MLF02-042,1270-VO-MULTI-PAMGEN-VMF00244,3.10,1270-VO-MULTI-PAMGEN,https://www.malariagen.net/network/where-we-work/1270-VO-MULTI-PAMGEN,Antoine Dara,Mali,Faladje,2022,9,13.137,-8.338,F,coluzzii,coluzzii,44.48,44,43,0.947,52.19,49,43.18,43
Mali_Faladje,ML_Faladje,VBS79709-6411STDY13667019,MLF02-046,1270-VO-MULTI-PAMGEN-VMF00244,3.10,1270-VO-MULTI-PAMGEN,https://www.malariagen.net/network/where-we-work/1270-VO-MULTI-PAMGEN,Antoine Dara,Mali,Faladje,2022,9,13.137,-8.338,F,coluzzii,coluzzii,27.46,26,24,0.941,30.74,27,26.57,25
Mali_Faladje,ML_Faladje,VBS79713-6411STDY13667023,MLF02-050,1270-VO-MULTI-PAMGEN-VMF00244,3.10,1270-VO-MULTI-PAMGEN,https://www.malariagen.net/network/where-we-work/1270-VO-MULTI-PAMGEN,Antoine Dara,Mali,Faladje,2022,9,13.137,-8.338,F,coluzzii,coluzzii,47.49,47,48,0.951,51.32,49,46.56,47
Mali_Faladje,ML_Faladje,VBS79716-6411STDY13667026,MLF02-053,1270-VO-MULTI-PAMGEN-VMF00244,3.10,1270-VO-MULTI-PAMGEN,https://www.malariagen.net/network/where-we-work/1270-VO-MULTI-PAMGEN,Antoine Dara,Mali,Faladje,2022,9,13.137,-8.338,F,coluzzii,coluzzii,49.14,49,49,0.948,53.33,51,48.19,48
Mali_Faladje,ML_Faladje,VBS79717-6411STDY13667027,MLF02-054,1270-VO-MULTI-PAMGEN-VMF00244,3.10,1270-VO-MULTI-PAMGEN,https://www.malariagen.net/network/where-we-work/1270-VO-MULTI-PAMGEN,Antoine Dara,Mali,Faladje,2022,9,13.137,-8.338,F,coluzzii,coluzzii,11.66,11,10,0.931,12.44,11,11.51,11
Mali_Faladje,ML_Faladje,VBS79718-6411STDY13667028,MLF02-055,1270-VO-MULTI-PAMGEN-VMF00244,3.10,1270-VO-MULTI-PAMGEN,https://www.malariagen.net/network/where-we-work/1270-VO-MULTI-PAMGEN,Antoine Dara,Mali,Faladje,2022,9,13.137,-8.338,F,coluzzii,coluzzii,32.73,31,28,0.945,36.37,33,32.5,30
Mali_Faladje,ML_Faladje,VBS79719-6411STDY13667029,MLF02-056,1270-VO-MULTI-PAMGEN-VMF00244,3.10,1270-VO-MULTI-PAMGEN,https://www.malariagen.net/network/where-we-work/1270-VO-MULTI-PAMGEN,Antoine Dara,Mali,Faladje,2022,9,13.137,-8.338,F,coluzzii,coluzzii,41.23,41,41,0.948,45.06,43,40.37,40
Mali_Faladje,ML_Faladje,VBS79721-6411STDY13667031,MLF02-058,1270-VO-MULTI-PAMGEN-VMF00244,3.10,1270-VO-MULTI-PAMGEN,https://www.malariagen.net/network/where-we-work/1270-VO-MULTI-PAMGEN,Antoine Dara,Mali,Faladje,2022,9,13.137,-8.338,F,coluzzii,coluzzii,23.53,22,21,0.943,25.06,22,23.74,22
Mali_Faladje,ML_Faladje,VBS79723-6411STDY13667033,MLF02-060,1270-VO-MULTI-PAMGEN-VMF00244,3.10,1270-VO-MULTI-PAMGEN,https://www.malariagen.net/network/where-we-work/1270-VO-MULTI-PAMGEN,Antoine Dara,Mali,Faladje,2022,9,13.137,-8.338,F,coluzzii,coluzzii,33.78,31,28,0.942,37.0,32,32.74,30
Mali_Faladje,ML_Faladje,VBS79727-6411STDY13667037,MLF02-064,1270-VO-MULTI-PAMGEN-VMF00244,3.10,1270-VO-MULTI-PAMGEN,https://www.malariagen.net/network/where-we-work/1270-VO-MULTI-PAMGEN,Antoine Dara,Mali,Faladje,2022,9,13.137,-8.338,F,coluzzii,coluzzii,45.86,46,47,0.949,49.51,48,45.0,46
Mali_Faladje,ML_Faladje,VBS79729-6411STDY13667039,MLF02-066,1270-VO-MULTI-PAMGEN-VMF00244,3.10,1270-VO-MULTI-PAMGEN,https://www.malariagen.net/network/where-we-work/1270-VO-MULTI-PAMGEN,Antoine Dara,Mali,Faladje,2022,9,13.137,-8.338,F,coluzzii,coluzzii,36.99,37,37,0.946,39.8,38,36.48,36
Mali_Faladje,ML_Faladje,VBS79735-6411STDY13667045,MLF02-072,1270-VO-MULTI-PAMGEN-VMF00244,3.10,1270-VO-MULTI-PAMGEN,https://www.malariagen.net/network/where-we-work/1270-VO-MULTI-PAMGEN,Antoine Dara,Mali,Faladje,2022,9,13.137,-8.338,F,coluzzii,coluzzii,51.83,53,53,0.948,55.32,54,51.05,52
Mali_Faladje,ML_Faladje,VBS79737-6411STDY13667047,MLF02-074,1270-VO-MULTI-PAMGEN-VMF00244,3.10,1270-VO-MULTI-PAMGEN,https://www.malariagen.net/network/where-we-work/1270-VO-MULTI-PAMGEN,Antoine Dara,Mali,Faladje,2022,9,13.137,-8.338,F,coluzzii,coluzzii,60.75,59,56,0.947,64.59,60,59.75,58
Mali_Faladje,ML_Faladje,VBS79741-6411STDY13667051,MLF02-078,1270-VO-MULTI-PAMGEN-VMF00244,3.10,1270-VO-MULTI-PAMGEN,https://www.malariagen.net/network/where-we-work/1270-VO-MULTI-PAMGEN,Antoine Dara,Mali,Faladje,2022,9,13.137,-8.338,F,coluzzii,coluzzii,17.23,16,14,0.934,18.43,16,17.0,15
Mali_Faladje,ML_Faladje,VBS79743-6411STDY13667053,MLF02-080,1270-VO-MULTI-PAMGEN-VMF00244,3.10,1270-VO-MULTI-PAMGEN,https://www.malariagen.net/network/where-we-work/1270-VO-MULTI-PAMGEN,Antoine Dara,Mali,Faladje,2022,9,13.137,-8.338,F,coluzzii,coluzzii,46.62,45,44,0.946,48.92,46,46.03,45
Mali_Faladje,ML_Faladje,VBS79748-6411STDY13667058,MLF02-085,1270-VO-MULTI-PAMGEN-VMF00244,3.10,1270-VO-MULTI-PAMGEN,https://www.malariagen.net/network/where-we-work/1270-VO-MULTI-PAMGEN,Antoine Dara,Mali,Faladje,2022,9,13.137,-8.338,F,coluzzii,coluzzii,43.92,44,45,0.948,46.67,45,43.63,44
Mali_Faladje,ML_Faladje,VBS79749-6411STDY13667059,MLF02-086,1270-VO-MULTI-PAMGEN-VMF00244,3.10,1270-VO-MULTI-PAMGEN,https://www.malariagen.net/network/where-we-work/1270-VO-MULTI-PAMGEN,Antoine Dara,Mali,Faladje,2022,9,13.137,-8.338,F,coluzzii,coluzzii,36.1,35,34,0.945,39.16,36,35.4,34
Mali_Faladje,ML_Faladje,VBS79752-6411STDY13667062,MLF02-089,1270-VO-MULTI-PAMGEN-VMF00244,3.10,1270-VO-MULTI-PAMGEN,https://www.malariagen.net/network/where-we-work/1270-VO-MULTI-PAMGEN,Antoine Dara,Mali,Faladje,2022,9,13.137,-8.338,F,coluzzii,coluzzii,56.22,57,58,0.949,59.54,58,55.3,57
Mali_Faladje,ML_Faladje,VBS79754-6411STDY13667064,MLF02-091,1270-VO-MULTI-PAMGEN-VMF00244,3.10,1270-VO-MULTI-PAMGEN,https://www.malariagen.net/network/where-we-work/1270-VO-MULTI-PAMGEN,Antoine Dara,Mali,Faladje,2022,9,13.137,-8.338,F,coluzzii,coluzzii,36.74,36,36,0.946,40.5,38,36.04,36
Mali_Faladje,ML_Faladje,VBS79758-6411STDY13667070,MLF02-097,1270-VO-MULTI-PAMGEN-VMF00244,3.10,1270-VO-MULTI-PAMGEN,https://www.malariagen.net/network/where-we-work/1270-VO-MULTI-PAMGEN,Antoine Dara,Mali,Faladje,2022,9,13.137,-8.338,F,coluzzii,coluzzii,25.03,22,21,0.941,27.57,24,24.35,22
Mali_Faladje,ML_Faladje,VBS79762-6411STDY13667074,MLF02-101,1270-VO-MULTI-PAMGEN-VMF00244,3.10,1270-VO-MULTI-PAMGEN,https://www.malariagen.net/network/where-we-work/1270-VO-MULTI-PAMGEN,Antoine Dara,Mali,Faladje,2022,9,13.137,-8.338,F,coluzzii,coluzzii,27.5,27,26,0.943,30.01,28,27.47,27
Mali_Faladje,ML_Faladje,VBS79765-6411STDY13667077,MLF02-104,1270-VO-MULTI-PAMGEN-VMF00244,3.10,1270-VO-MULTI-PAMGEN,https://www.malariagen.net/network/where-we-work/1270-VO-MULTI-PAMGEN,Antoine Dara,Mali,Faladje,2022,9,13.137,-8.338,F,coluzzii,coluzzii,41.38,40,40,0.95,44.73,42,42.08,41
Mali_Faladje,ML_Faladje,VBS79766-6411STDY13667078,MLF02-105,1270-VO-MULTI-PAMGEN-VMF00244,3.10,1270-VO-MULTI-PAMGEN,https://www.malariagen.net/network/where-we-work/1270-VO-MULTI-PAMGEN,Antoine Dara,Mali,Faladje,2022,9,13.137,-8.338,F,coluzzii,coluzzii,28.05,26,24,0.942,29.81,27,28.16,26
Mali_Faladje,ML_Faladje,VBS79771-6411STDY13667083,MLF02-110,1270-VO-MULTI-PAMGEN-VMF00244,3.10,1270-VO-MULTI-PAMGEN,https://www.malariagen.net/network/where-we-work/1270-VO-MULTI-PAMGEN,Antoine Dara,Mali,Faladje,2022,9,13.137,-8.338,F,coluzzii,coluzzii,35.01,35,35,0.944,38.22,36,34.64,35
Mali_Faladje,ML_Faladje,VBS79775-6411STDY13667087,MLF02-114,1270-VO-MULTI-PAMGEN-VMF00244,3.10,1270-VO-MULTI-PAMGEN,https://www.malariagen.net/network/where-we-work/1270-VO-MULTI-PAMGEN,Antoine Dara,Mali,Faladje,2022,9,13.137,-8.338,F,coluzzii,coluzzii,44.69,43,42,0.947,48.48,45,44.14,43
Mali_Faladje,ML_Faladje,VBS79779-6411STDY13667091,MLF02-118,1270-VO-MULTI-PAMGEN-VMF00244,3.10,1270-VO-MULTI-PAMGEN,https://www.malariagen.net/network/where-we-work/1270-VO-MULTI-PAMGEN,Antoine Dara,Mali,Faladje,2022,9,13.137,-8.338,F,coluzzii,coluzzii,44.1,45,46,0.947,46.62,46,43.28,44
Mali_Faladje,ML_Faladje,VBS79780-6411STDY13667092,MLF02-119,1270-VO-MULTI-PAMGEN-VMF00244,3.10,1270-VO-MULTI-PAMGEN,https://www.malariagen.net/network/where-we-work/1270-VO-MULTI-PAMGEN,Antoine Dara,Mali,Faladje,2022,9,13.137,-8.338,F,coluzzii,coluzzii,37.81,37,38,0.946,41.18,39,38.03,38
Mali_Faladje,ML_Faladje,VBS79783-6411STDY13667095,MLF02-122,1270-VO-MULTI-PAMGEN-VMF00244,3.10,1270-VO-MULTI-PAMGEN,https://www.malariagen.net/network/where-we-work/1270-VO-MULTI-PAMGEN,Antoine Dara,Mali,Faladje,2022,9,13.137,-8.338,F,coluzzii,coluzzii,41.4,39,36,0.946,44.6,40,40.4,38
Mali_Faladje,ML_Faladje,VBS79785-6411STDY13667097,MLF02-124,1270-VO-MULTI-PAMGEN-VMF00244,3.10,1270-VO-MULTI-PAMGEN,https://www.malariagen.net/network/where-we-work/1270-VO-MULTI-PAMGEN,Antoine Dara,Mali,Faladje,2022,9,13.137,-8.338,F,coluzzii,coluzzii,47.09,48,48,0.949,50.75,49,46.18,47
Mali_Faladje,ML_Faladje,VBS79786-6411STDY13667098,MLF02-125,1270-VO-MULTI-PAMGEN-VMF00244,3.10,1270-VO-MULTI-PAMGEN,https://www.malariagen.net/network/where-we-work/1270-VO-MULTI-PAMGEN,Antoine Dara,Mali,Faladje,2022,9,13.137,-8.338,F,coluzzii,coluzzii,57.93,59,61,0.949,61.86,61,57.42,59
Mali_Faladje,ML_Faladje,VBS79787-6411STDY13667099,MLF02-126,1270-VO-MULTI-PAMGEN-VMF00244,3.10,1270-VO-MULTI-PAMGEN,https://www.malariagen.net/network/where-we-work/1270-VO-MULTI-PAMGEN,Antoine Dara,Mali,Faladje,2022,9,13.137,-8.338,F,coluzzii,coluzzii,45.24,44,43,0.947,49.41,46,44.48,44
Mali_Faladje,ML_Faladje,VBS79789-6411STDY13667101,MLF02-128,1270-VO-MULTI-PAMGEN-VMF00244,3.10,1270-VO-MULTI-PAMGEN,https://www.malariagen.net/network/where-we-work/1270-VO-MULTI-PAMGEN,Antoine Dara,Mali,Faladje,2022,9,13.137,-8.338,F,coluzzii,coluzzii,55.78,57,58,0.95,60.76,60,54.4,56
Mali_Faladje,ML_Faladje,VBS79794-6411STDY13667106,MLF02-133,1270-VO-MULTI-PAMGEN-VMF00244,3.10,1270-VO-MULTI-PAMGEN,https://www.malariagen.net/network/where-we-work/1270-VO-MULTI-PAMGEN,Antoine Dara,Mali,Faladje,2022,9,13.137,-8.338,F,coluzzii,coluzzii,47.58,48,49,0.949,51.15,50,47.11,48
Mali_Faladje,ML_Faladje,VBS79797-6411STDY13667109,MLF02-136,1270-VO-MULTI-PAMGEN-VMF00244,3.10,1270-VO-MULTI-PAMGEN,https://www.malariagen.net/network/where-we-work/1270-VO-MULTI-PAMGEN,Antoine Dara,Mali,Faladje,2022,9,13.137,-8.338,F,coluzzii,coluzzii,58.17,59,61,0.95,61.4,60,57.32,59
Mali_Faladje,ML_Faladje,VBS79799-6411STDY13667111,MLF02-138,1270-VO-MULTI-PAMGEN-VMF00244,3.10,1270-VO-MULTI-PAMGEN,https://www.malariagen.net/network/where-we-work/1270-VO-MULTI-PAMGEN,Antoine Dara,Mali,Faladje,2022,9,13.137,-8.338,F,coluzzii,coluzzii,50.36,51,52,0.949,53.61,52,49.55,51
Mali_Faladje,ML_Faladje,VBS79800-6411STDY13667112,MLF02-139,1270-VO-MULTI-PAMGEN-VMF00244,3.10,1270-VO-MULTI-PAMGEN,https://www.malariagen.net/network/where-we-work/1270-VO-MULTI-PAMGEN,Antoine Dara,Mali,Faladje,2022,9,13.137,-8.338,F,coluzzii,coluzzii,51.63,53,54,0.948,54.44,54,50.56,52
Mali_Faladje,ML_Faladje,VBS79803-6411STDY13667115,MLF02-142,1270-VO-MULTI-PAMGEN-VMF00244,3.10,1270-VO-MULTI-PAMGEN,https://www.malariagen.net/network/where-we-work/1270-VO-MULTI-PAMGEN,Antoine Dara,Mali,Faladje,2022,9,13.137,-8.338,F,coluzzii,coluzzii,44.68,44,45,0.948,49.6,47,44.34,44
Mali_Faladje,ML_Faladje,VBS79807-6411STDY13667119,MLF02-146,1270-VO-MULTI-PAMGEN-VMF00244,3.10,1270-VO-MULTI-PAMGEN,https://www.malariagen.net/network/where-we-work/1270-VO-MULTI-PAMGEN,Antoine Dara,Mali,Faladje,2022,9,13.137,-8.338,F,coluzzii,coluzzii,41.96,42,42,0.948,45.28,44,40.97,41
Mali_Faladje,ML_Faladje,VBS79808-6411STDY13667120,MLF02-147,1270-VO-MULTI-PAMGEN-VMF00244,3.10,1270-VO-MULTI-PAMGEN,https://www.malariagen.net/network/where-we-work/1270-VO-MULTI-PAMGEN,Antoine Dara,Mali,Faladje,2022,9,13.137,-8.338,F,coluzzii,coluzzii,41.37,42,43,0.947,45.74,45,41.19,42
Mali_Faladje,ML_Faladje,VBS79810-6411STDY13667122,MLF02-149,1270-VO-MULTI-PAMGEN-VMF00244,3.10,1270-VO-MULTI-PAMGEN,https://www.malariagen.net/network/where-we-work/1270-VO-MULTI-PAMGEN,Antoine Dara,Mali,Faladje,2022,9,13.137,-8.338,F,coluzzii,coluzzii,16.96,15,13,0.938,18.08,16,17.24,15
Mali_Faladje,ML_Faladje,VBS79812-6411STDY13667124,MLF02-151,1270-VO-MULTI-PAMGEN-VMF00244,3.10,1270-VO-MULTI-PAMGEN,https://www.malariagen.net/network/where-we-work/1270-VO-MULTI-PAMGEN,Antoine Dara,Mali,Faladje,2022,9,13.137,-8.338,F,coluzzii,coluzzii,45.95,46,47,0.95,50.44,49,45.02,46
Mali_Faladje,ML_Faladje,VBS79813-6411STDY13667125,MLF02-152,1270-VO-MULTI-PAMGEN-VMF00244,3.10,1270-VO-MULTI-PAMGEN,https://www.malariagen.net/network/where-we-work/1270-VO-MULTI-PAMGEN,Antoine Dara,Mali,Faladje,2022,9,13.137,-8.338,F,coluzzii,coluzzii,37.39,37,37,0.945,41.43,39,36.17,36
Mali_Faladje,ML_Faladje,VBS79816-6411STDY13667128,MLF02-155,1270-VO-MULTI-PAMGEN-VMF00244,3.10,1270-VO-MULTI-PAMGEN,https://www.malariagen.net/network/where-we-work/1270-VO-MULTI-PAMGEN,Antoine Dara,Mali,Faladje,2022,9,13.137,-8.338,F,coluzzii,coluzzii,40.12,39,39,0.946,43.72,42,39.74,39
Mali_Faladje,ML_Faladje,VBS79818-6411STDY13667130,MLF02-157,1270-VO-MULTI-PAMGEN-VMF00244,3.10,1270-VO-MULTI-PAMGEN,https://www.malariagen.net/network/where-we-work/1270-VO-MULTI-PAMGEN,Antoine Dara,Mali,Faladje,2022,9,13.137,-8.338,F,coluzzii,coluzzii,31.37,31,30,0.945,35.27,33,31.16,31
Mali_Faladje,ML_Faladje,VBS79820-6411STDY13667132,MLF02-159,1270-VO-MULTI-PAMGEN-VMF00244,3.10,1270-VO-MULTI-PAMGEN,https://www.malariagen.net/network/where-we-work/1270-VO-MULTI-PAMGEN,Antoine Dara,Mali,Faladje,2022,9,13.137,-8.338,F,coluzzii,coluzzii,45.07,44,44,0.948,50.19,47,43.9,44
Mali_Faladje,ML_Faladje,VBS79827-6411STDY13667139,MLF02-166,1270-VO-MULTI-PAMGEN-VMF00244,3.10,1270-VO-MULTI-PAMGEN,https://www.malariagen.net/network/where-we-work/1270-VO-MULTI-PAMGEN,Antoine Dara,Mali,Faladje,2022,9,13.137,-8.338,F,coluzzii,coluzzii,54.96,56,57,0.949,58.87,57,54.3,56
Mali_Faladje,ML_Faladje,VBS79832-6411STDY13667144,MLF02-171,1270-VO-MULTI-PAMGEN-VMF00244,3.10,1270-VO-MULTI-PAMGEN,https://www.malariagen.net/network/where-we-work/1270-VO-MULTI-PAMGEN,Antoine Dara,Mali,Faladje,2022,9,13.137,-8.338,F,coluzzii,coluzzii,45.23,44,43,0.947,49.51,46,44.61,44
Mali_Faladje,ML_Faladje,VBS79833-6411STDY13667145,MLF02-172,1270-VO-MULTI-PAMGEN-VMF00244,3.10,1270-VO-MULTI-PAMGEN,https://www.malariagen.net/network/where-we-work/1270-VO-MULTI-PAMGEN,Antoine Dara,Mali,Faladje,2022,9,13.137,-8.338,F,coluzzii,coluzzii,34.75,34,34,0.945,39.08,37,34.26,34
Mali_Faladje,ML_Faladje,VBS79834-6411STDY13667146,MLF02-173,1270-VO-MULTI-PAMGEN-VMF00244,3.10,1270-VO-MULTI-PAMGEN,https://www.malariagen.net/network/where-we-work/1270-VO-MULTI-PAMGEN,Antoine Dara,Mali,Faladje,2022,9,13.137,-8.338,F,coluzzii,coluzzii,52.2,53,55,0.949,55.23,54,51.47,53
Mali_Faladje,ML_Faladje,VBS79839-6411STDY13667151,MLF02-178,1270-VO-MULTI-PAMGEN-VMF00244,3.10,1270-VO-MULTI-PAMGEN,https://www.malariagen.net/network/where-we-work/1270-VO-MULTI-PAMGEN,Antoine Dara,Mali,Faladje,2022,9,13.137,-8.338,F,coluzzii,coluzzii,27.29,22,18,0.938,28.53,22,25.93,21
Mali_Faladje,ML_Faladje,VBS79840-6411STDY13667152,MLF02-179,1270-VO-MULTI-PAMGEN-VMF00244,3.10,1270-VO-MULTI-PAMGEN,https://www.malariagen.net/network/where-we-work/1270-VO-MULTI-PAMGEN,Antoine Dara,Mali,Faladje,2022,9,13.137,-8.338,F,coluzzii,coluzzii,44.84,43,42,0.948,48.81,45,43.7,42
Mali_Faladje,ML_Faladje,VBS79841-6411STDY13667153,MLF02-180,1270-VO-MULTI-PAMGEN-VMF00244,3.10,1270-VO-MULTI-PAMGEN,https://www.malariagen.net/network/where-we-work/1270-VO-MULTI-PAMGEN,Antoine Dara,Mali,Faladje,2022,9,13.137,-8.338,F,coluzzii,coluzzii,41.68,36,29,0.944,44.97,37,39.88,35
Mali_Faladje,ML_Faladje,VBS79844-6411STDY13667156,MLF02-183,1270-VO-MULTI-PAMGEN-VMF00244,3.10,1270-VO-MULTI-PAMGEN,https://www.malariagen.net/network/where-we-work/1270-VO-MULTI-PAMGEN,Antoine Dara,Mali,Faladje,2022,9,13.137,-8.338,F,coluzzii,coluzzii,32.03,29,26,0.943,34.54,29,31.0,28
Mali_Faladje,ML_Faladje,VBS79847-6411STDY13667159,MLF02-186,1270-VO-MULTI-PAMGEN-VMF00244,3.10,1270-VO-MULTI-PAMGEN,https://www.malariagen.net/network/where-we-work/1270-VO-MULTI-PAMGEN,Antoine Dara,Mali,Faladje,2022,9,13.137,-8.338,F,coluzzii,coluzzii,42.71,39,37,0.945,45.21,40,41.08,38
Mali_Faladje,ML_Faladje,VBS79848-6411STDY13667160,MLF02-187,1270-VO-MULTI-PAMGEN-VMF00244,3.10,1270-VO-MULTI-PAMGEN,https://www.malariagen.net/network/where-we-work/1270-VO-MULTI-PAMGEN,Antoine Dara,Mali,Faladje,2022,9,13.137,-8.338,F,coluzzii,coluzzii,17.13,16,14,0.932,19.01,17,16.82,15
Mali_Faladje,ML_Faladje,VBS79849-6411STDY13667161,MLF02-188,1270-VO-MULTI-PAMGEN-VMF00244,3.10,1270-VO-MULTI-PAMGEN,https://www.malariagen.net/network/where-we-work/1270-VO-MULTI-PAMGEN,Antoine Dara,Mali,Faladje,2022,9,13.137,-8.338,F,coluzzii,coluzzii,42.38,42,43,0.947,45.69,44,41.88,42
