Comparison_group,Pair_ID,Pair_short,Pair_label,Population_1,Population_2,Country_1,Country_2,Location_1,Location_2,N_population_1,N_population_2,Contig,Region,Genomic_start_POS,Genomic_end_POS,Distance_from_CEN_start,Distance_from_CEN_end,Distance_from_CEN_midpoint_Mb,Window_size_bp,FST0,FST4,Delta_FST0_minus_FST4,N_sites_0fold,N_sites_4fold,Low_sites_0fold,Low_sites_4fold,Nigeria_status
With Nigeria,Nigeria_Gombe_vs_BurkinaFaso_BanaVillage,NG_Gombe_vs_BF_BanaVil,NG_Gombe vs BF_BanaVil,Nigeria_Gombe,BurkinaFaso_BanaVillage,Nigeria,Burkina Faso,Gombe,Bana Village,57,120,3R,3R:28200685-29200684,28200685,29200684,24000000,25000000,24.5,1000000,0.0493537621317644,0.0704638363028301,-0.021110074171065696,40164,10912,False,False,With Nigeria_Gombe
With Nigeria,Nigeria_Gombe_vs_BurkinaFaso_BanaVillage,NG_Gombe_vs_BF_BanaVil,NG_Gombe vs BF_BanaVil,Nigeria_Gombe,BurkinaFaso_BanaVillage,Nigeria,Burkina Faso,Gombe,Bana Village,57,120,3R,3R:29200685-30200684,29200685,30200684,23000000,24000000,23.5,1000000,0.0010330731341933,0.0030552897337222,-0.0020222165995289,15604,4146,False,False,With Nigeria_Gombe
With Nigeria,Nigeria_Gombe_vs_BurkinaFaso_BanaVillage,NG_Gombe_vs_BF_BanaVil,NG_Gombe vs BF_BanaVil,Nigeria_Gombe,BurkinaFaso_BanaVillage,Nigeria,Burkina Faso,Gombe,Bana Village,57,120,3R,3R:30200685-31200684,30200685,31200684,22000000,23000000,22.5,1000000,0.0002066551791601,0.0001519153914942,5.47397876659e-05,41533,10926,False,False,With Nigeria_Gombe
With Nigeria,Nigeria_Gombe_vs_BurkinaFaso_BanaVillage,NG_Gombe_vs_BF_BanaVil,NG_Gombe vs BF_BanaVil,Nigeria_Gombe,BurkinaFaso_BanaVillage,Nigeria,Burkina Faso,Gombe,Bana Village,57,120,3R,3R:31200685-32200684,31200685,32200684,21000000,22000000,21.5,1000000,0.001212251809564,0.0008569277497336,0.0003553240598303999,31667,8476,False,False,With Nigeria_Gombe
With Nigeria,Nigeria_Gombe_vs_BurkinaFaso_BanaVillage,NG_Gombe_vs_BF_BanaVil,NG_Gombe vs BF_BanaVil,Nigeria_Gombe,BurkinaFaso_BanaVillage,Nigeria,Burkina Faso,Gombe,Bana Village,57,120,3R,3R:32200685-33200684,32200685,33200684,20000000,21000000,20.5,1000000,0.0001591683757181,0.0002435771572002,-8.440878148209999e-05,8177,2090,False,False,With Nigeria_Gombe
With Nigeria,Nigeria_Gombe_vs_BurkinaFaso_BanaVillage,NG_Gombe_vs_BF_BanaVil,NG_Gombe vs BF_BanaVil,Nigeria_Gombe,BurkinaFaso_BanaVillage,Nigeria,Burkina Faso,Gombe,Bana Village,57,120,3R,3R:33200685-34200684,33200685,34200684,19000000,20000000,19.5,1000000,0.002137144195506,5.609204982610479e-05,0.002081052145679895,28262,7436,False,False,With Nigeria_Gombe
With Nigeria,Nigeria_Gombe_vs_BurkinaFaso_BanaVillage,NG_Gombe_vs_BF_BanaVil,NG_Gombe vs BF_BanaVil,Nigeria_Gombe,BurkinaFaso_BanaVillage,Nigeria,Burkina Faso,Gombe,Bana Village,57,120,3R,3R:34200685-35200684,34200685,35200684,18000000,19000000,18.5,1000000,0.000128636113838,0.0004996827352987,-0.00037104662146069994,31170,8453,False,False,With Nigeria_Gombe
With Nigeria,Nigeria_Gombe_vs_BurkinaFaso_BanaVillage,NG_Gombe_vs_BF_BanaVil,NG_Gombe vs BF_BanaVil,Nigeria_Gombe,BurkinaFaso_BanaVillage,Nigeria,Burkina Faso,Gombe,Bana Village,57,120,3R,3R:35200685-36200684,35200685,36200684,17000000,18000000,17.5,1000000,0.0,0.0009568951245651,-0.0009568951245651,55922,13893,False,False,With Nigeria_Gombe
With Nigeria,Nigeria_Gombe_vs_BurkinaFaso_BanaVillage,NG_Gombe_vs_BF_BanaVil,NG_Gombe vs BF_BanaVil,Nigeria_Gombe,BurkinaFaso_BanaVillage,Nigeria,Burkina Faso,Gombe,Bana Village,57,120,3R,3R:36200685-37200684,36200685,37200684,16000000,17000000,16.5,1000000,0.0006269715339049,0.0008747325188383,-0.0002477609849334,50124,12882,False,False,With Nigeria_Gombe
With Nigeria,Nigeria_Gombe_vs_BurkinaFaso_BanaVillage,NG_Gombe_vs_BF_BanaVil,NG_Gombe vs BF_BanaVil,Nigeria_Gombe,BurkinaFaso_BanaVillage,Nigeria,Burkina Faso,Gombe,Bana Village,57,120,3R,3R:37200685-38200684,37200685,38200684,15000000,16000000,15.5,1000000,0.0,0.0006553237305582,-0.0006553237305582,40318,10427,False,False,With Nigeria_Gombe
With Nigeria,Nigeria_Gombe_vs_BurkinaFaso_BanaVillage,NG_Gombe_vs_BF_BanaVil,NG_Gombe vs BF_BanaVil,Nigeria_Gombe,BurkinaFaso_BanaVillage,Nigeria,Burkina Faso,Gombe,Bana Village,57,120,3R,3R:38200685-39200684,38200685,39200684,14000000,15000000,14.5,1000000,0.0006504234247517,0.0005409007171119,0.00010952270763979997,15162,3935,False,False,With Nigeria_Gombe
With Nigeria,Nigeria_Gombe_vs_BurkinaFaso_BanaVillage,NG_Gombe_vs_BF_BanaVil,NG_Gombe vs BF_BanaVil,Nigeria_Gombe,BurkinaFaso_BanaVillage,Nigeria,Burkina Faso,Gombe,Bana Village,57,120,3R,3R:39200685-40200684,39200685,40200684,13000000,14000000,13.5,1000000,1.743822251704557e-06,0.0,1.743822251704557e-06,4046,929,False,True,With Nigeria_Gombe
With Nigeria,Nigeria_Gombe_vs_BurkinaFaso_BanaVillage,NG_Gombe_vs_BF_BanaVil,NG_Gombe vs BF_BanaVil,Nigeria_Gombe,BurkinaFaso_BanaVillage,Nigeria,Burkina Faso,Gombe,Bana Village,57,120,3R,3R:40200685-41200684,40200685,41200684,12000000,13000000,12.5,1000000,0.0071479525770195,0.0,0.0071479525770195,943,154,True,True,With Nigeria_Gombe
With Nigeria,Nigeria_Gombe_vs_BurkinaFaso_BanaVillage,NG_Gombe_vs_BF_BanaVil,NG_Gombe vs BF_BanaVil,Nigeria_Gombe,BurkinaFaso_BanaVillage,Nigeria,Burkina Faso,Gombe,Bana Village,57,120,3R,3R:41200685-42200684,41200685,42200684,11000000,12000000,11.5,1000000,0.0,0.0001479203678039,-0.0001479203678039,25544,6292,False,False,With Nigeria_Gombe
With Nigeria,Nigeria_Gombe_vs_BurkinaFaso_BanaVillage,NG_Gombe_vs_BF_BanaVil,NG_Gombe vs BF_BanaVil,Nigeria_Gombe,BurkinaFaso_BanaVillage,Nigeria,Burkina Faso,Gombe,Bana Village,57,120,3R,3R:42200685-43200684,42200685,43200684,10000000,11000000,10.5,1000000,2.223076450890996e-05,0.0010281259485409,-0.00100589518403199,20567,4926,False,False,With Nigeria_Gombe
With Nigeria,Nigeria_Gombe_vs_BurkinaFaso_BanaVillage,NG_Gombe_vs_BF_BanaVil,NG_Gombe vs BF_BanaVil,Nigeria_Gombe,BurkinaFaso_BanaVillage,Nigeria,Burkina Faso,Gombe,Bana Village,57,120,3R,3R:43200685-44200684,43200685,44200684,9000000,10000000,9.5,1000000,0.0018960519075747,0.0019713982947096,-7.53463871349001e-05,58548,15577,False,False,With Nigeria_Gombe
With Nigeria,Nigeria_Gombe_vs_BurkinaFaso_BanaVillage,NG_Gombe_vs_BF_BanaVil,NG_Gombe vs BF_BanaVil,Nigeria_Gombe,BurkinaFaso_BanaVillage,Nigeria,Burkina Faso,Gombe,Bana Village,57,120,3R,3R:44200685-45200684,44200685,45200684,8000000,9000000,8.5,1000000,0.0,0.0,0.0,29111,7524,False,False,With Nigeria_Gombe
With Nigeria,Nigeria_Gombe_vs_BurkinaFaso_BanaVillage,NG_Gombe_vs_BF_BanaVil,NG_Gombe vs BF_BanaVil,Nigeria_Gombe,BurkinaFaso_BanaVillage,Nigeria,Burkina Faso,Gombe,Bana Village,57,120,3R,3R:45200685-46200684,45200685,46200684,7000000,8000000,7.5,1000000,0.002360215798098,0.0030113001833196,-0.0006510843852216,32093,8172,False,False,With Nigeria_Gombe
With Nigeria,Nigeria_Gombe_vs_BurkinaFaso_BanaVillage,NG_Gombe_vs_BF_BanaVil,NG_Gombe vs BF_BanaVil,Nigeria_Gombe,BurkinaFaso_BanaVillage,Nigeria,Burkina Faso,Gombe,Bana Village,57,120,3R,3R:46200685-47200684,46200685,47200684,6000000,7000000,6.5,1000000,0.0,0.0001735497272657,-0.0001735497272657,27275,6874,False,False,With Nigeria_Gombe
With Nigeria,Nigeria_Gombe_vs_BurkinaFaso_BanaVillage,NG_Gombe_vs_BF_BanaVil,NG_Gombe vs BF_BanaVil,Nigeria_Gombe,BurkinaFaso_BanaVillage,Nigeria,Burkina Faso,Gombe,Bana Village,57,120,3R,3R:47200685-48200684,47200685,48200684,5000000,6000000,5.5,1000000,0.0002825506282004,0.0013247456481725,-0.0010421950199721,61531,15586,False,False,With Nigeria_Gombe
With Nigeria,Nigeria_Gombe_vs_BurkinaFaso_BanaVillage,NG_Gombe_vs_BF_BanaVil,NG_Gombe vs BF_BanaVil,Nigeria_Gombe,BurkinaFaso_BanaVillage,Nigeria,Burkina Faso,Gombe,Bana Village,57,120,3R,3R:48200685-49200684,48200685,49200684,4000000,5000000,4.5,1000000,0.0009665825289368,0.0003006832884342,0.0006658992405026,46164,11478,False,False,With Nigeria_Gombe
With Nigeria,Nigeria_Gombe_vs_BurkinaFaso_BanaVillage,NG_Gombe_vs_BF_BanaVil,NG_Gombe vs BF_BanaVil,Nigeria_Gombe,BurkinaFaso_BanaVillage,Nigeria,Burkina Faso,Gombe,Bana Village,57,120,3R,3R:49200685-50200684,49200685,50200684,3000000,4000000,3.5,1000000,0.0019220587439655,0.0029491125520184,-0.0010270538080529,43712,10742,False,False,With Nigeria_Gombe
With Nigeria,Nigeria_Gombe_vs_BurkinaFaso_BanaVillage,NG_Gombe_vs_BF_BanaVil,NG_Gombe vs BF_BanaVil,Nigeria_Gombe,BurkinaFaso_BanaVillage,Nigeria,Burkina Faso,Gombe,Bana Village,57,120,3R,3R:50200685-51200684,50200685,51200684,2000000,3000000,2.5,1000000,0.0018943765387554,0.0007398304964677,0.0011545460422877,34569,8386,False,False,With Nigeria_Gombe
With Nigeria,Nigeria_Gombe_vs_BurkinaFaso_BanaVillage,NG_Gombe_vs_BF_BanaVil,NG_Gombe vs BF_BanaVil,Nigeria_Gombe,BurkinaFaso_BanaVillage,Nigeria,Burkina Faso,Gombe,Bana Village,57,120,3R,3R:51200685-52200684,51200685,52200684,1000000,2000000,1.5,1000000,0.0018147389178339,0.0010524714891148,0.0007622674287191,53535,13121,False,False,With Nigeria_Gombe
With Nigeria,Nigeria_Gombe_vs_BurkinaFaso_BanaVillage,NG_Gombe_vs_BF_BanaVil,NG_Gombe vs BF_BanaVil,Nigeria_Gombe,BurkinaFaso_BanaVillage,Nigeria,Burkina Faso,Gombe,Bana Village,57,120,3R,3R:52200685-53200684,52200685,53200684,0,1000000,0.5,1000000,0.0162669320847164,0.026708787577616,-0.010441855492899603,11296,2594,False,False,With Nigeria_Gombe
With Nigeria,Nigeria_Gombe_vs_BurkinaFaso_BanaVillage,NG_Gombe_vs_BF_BanaVil,NG_Gombe vs BF_BanaVil,Nigeria_Gombe,BurkinaFaso_BanaVillage,Nigeria,Burkina Faso,Gombe,Bana Village,57,120,X,X:10393109-11393108,10393109,11393108,13000000,14000000,13.5,1000000,0.0006497266694211,0.0007879528391585,-0.0001382261697374,23410,7101,False,False,With Nigeria_Gombe
With Nigeria,Nigeria_Gombe_vs_BurkinaFaso_BanaVillage,NG_Gombe_vs_BF_BanaVil,NG_Gombe vs BF_BanaVil,Nigeria_Gombe,BurkinaFaso_BanaVillage,Nigeria,Burkina Faso,Gombe,Bana Village,57,120,X,X:11393109-12393108,11393109,12393108,12000000,13000000,12.5,1000000,0.001661462197884,0.0008822653410062,0.0007791968568778001,33914,9421,False,False,With Nigeria_Gombe
With Nigeria,Nigeria_Gombe_vs_BurkinaFaso_BanaVillage,NG_Gombe_vs_BF_BanaVil,NG_Gombe vs BF_BanaVil,Nigeria_Gombe,BurkinaFaso_BanaVillage,Nigeria,Burkina Faso,Gombe,Bana Village,57,120,X,X:12393109-13393108,12393109,13393108,11000000,12000000,11.5,1000000,0.0016150383092021,0.001996017412457,-0.0003809791032549001,24701,7262,False,False,With Nigeria_Gombe
With Nigeria,Nigeria_Gombe_vs_BurkinaFaso_BanaVillage,NG_Gombe_vs_BF_BanaVil,NG_Gombe vs BF_BanaVil,Nigeria_Gombe,BurkinaFaso_BanaVillage,Nigeria,Burkina Faso,Gombe,Bana Village,57,120,X,X:13393109-14393108,13393109,14393108,10000000,11000000,10.5,1000000,0.0096221923274575,0.0160695454617446,-0.006447353134287098,34062,9597,False,False,With Nigeria_Gombe
With Nigeria,Nigeria_Gombe_vs_BurkinaFaso_BanaVillage,NG_Gombe_vs_BF_BanaVil,NG_Gombe vs BF_BanaVil,Nigeria_Gombe,BurkinaFaso_BanaVillage,Nigeria,Burkina Faso,Gombe,Bana Village,57,120,X,X:1393109-2393108,1393109,2393108,22000000,23000000,22.5,1000000,0.0014538238741795,0.001178598065658,0.0002752258085215,46192,13791,False,False,With Nigeria_Gombe
With Nigeria,Nigeria_Gombe_vs_BurkinaFaso_BanaVillage,NG_Gombe_vs_BF_BanaVil,NG_Gombe vs BF_BanaVil,Nigeria_Gombe,BurkinaFaso_BanaVillage,Nigeria,Burkina Faso,Gombe,Bana Village,57,120,X,X:14393109-15393108,14393109,15393108,9000000,10000000,9.5,1000000,0.2008783952759735,0.1593170788148027,0.04156131646117081,24942,7287,False,False,With Nigeria_Gombe
With Nigeria,Nigeria_Gombe_vs_BurkinaFaso_BanaVillage,NG_Gombe_vs_BF_BanaVil,NG_Gombe vs BF_BanaVil,Nigeria_Gombe,BurkinaFaso_BanaVillage,Nigeria,Burkina Faso,Gombe,Bana Village,57,120,X,X:15393109-16393108,15393109,16393108,8000000,9000000,8.5,1000000,0.1822146310940506,0.1174970648084609,0.0647175662855897,29830,8592,False,False,With Nigeria_Gombe
With Nigeria,Nigeria_Gombe_vs_BurkinaFaso_BanaVillage,NG_Gombe_vs_BF_BanaVil,NG_Gombe vs BF_BanaVil,Nigeria_Gombe,BurkinaFaso_BanaVillage,Nigeria,Burkina Faso,Gombe,Bana Village,57,120,X,X:16393109-17393108,16393109,17393108,7000000,8000000,7.5,1000000,0.014330212327249,0.0157440066571329,-0.001413794329883901,33912,9644,False,False,With Nigeria_Gombe
With Nigeria,Nigeria_Gombe_vs_BurkinaFaso_BanaVillage,NG_Gombe_vs_BF_BanaVil,NG_Gombe vs BF_BanaVil,Nigeria_Gombe,BurkinaFaso_BanaVillage,Nigeria,Burkina Faso,Gombe,Bana Village,57,120,X,X:17393109-18393108,17393109,18393108,6000000,7000000,6.5,1000000,0.0062726746226581,0.004089755795752,0.0021829188269061,26828,7663,False,False,With Nigeria_Gombe
With Nigeria,Nigeria_Gombe_vs_BurkinaFaso_BanaVillage,NG_Gombe_vs_BF_BanaVil,NG_Gombe vs BF_BanaVil,Nigeria_Gombe,BurkinaFaso_BanaVillage,Nigeria,Burkina Faso,Gombe,Bana Village,57,120,X,X:18393109-19393108,18393109,19393108,5000000,6000000,5.5,1000000,0.0028432302434457,0.0048461181316303,-0.0020028878881846,30246,8599,False,False,With Nigeria_Gombe
With Nigeria,Nigeria_Gombe_vs_BurkinaFaso_BanaVillage,NG_Gombe_vs_BF_BanaVil,NG_Gombe vs BF_BanaVil,Nigeria_Gombe,BurkinaFaso_BanaVillage,Nigeria,Burkina Faso,Gombe,Bana Village,57,120,X,X:19393109-20393108,19393109,20393108,4000000,5000000,4.5,1000000,0.0037370785774155,0.0016652480930722,0.0020718304843433,26297,7559,False,False,With Nigeria_Gombe
With Nigeria,Nigeria_Gombe_vs_BurkinaFaso_BanaVillage,NG_Gombe_vs_BF_BanaVil,NG_Gombe vs BF_BanaVil,Nigeria_Gombe,BurkinaFaso_BanaVillage,Nigeria,Burkina Faso,Gombe,Bana Village,57,120,X,X:20393109-21393108,20393109,21393108,3000000,4000000,3.5,1000000,0.0,0.0050334829298915,-0.0050334829298915,4346,1004,False,False,With Nigeria_Gombe
With Nigeria,Nigeria_Gombe_vs_BurkinaFaso_BanaVillage,NG_Gombe_vs_BF_BanaVil,NG_Gombe vs BF_BanaVil,Nigeria_Gombe,BurkinaFaso_BanaVillage,Nigeria,Burkina Faso,Gombe,Bana Village,57,120,X,X:21393109-22393108,21393109,22393108,2000000,3000000,2.5,1000000,0.0047385723602226,0.0027330307663706,0.002005541593852,4241,1008,False,False,With Nigeria_Gombe
With Nigeria,Nigeria_Gombe_vs_BurkinaFaso_BanaVillage,NG_Gombe_vs_BF_BanaVil,NG_Gombe vs BF_BanaVil,Nigeria_Gombe,BurkinaFaso_BanaVillage,Nigeria,Burkina Faso,Gombe,Bana Village,57,120,X,X:22393109-23393108,22393109,23393108,1000000,2000000,1.5,1000000,0.0003578898565065,0.0002915536614179,6.633619508860002e-05,3779,913,False,True,With Nigeria_Gombe
With Nigeria,Nigeria_Gombe_vs_BurkinaFaso_BanaVillage,NG_Gombe_vs_BF_BanaVil,NG_Gombe vs BF_BanaVil,Nigeria_Gombe,BurkinaFaso_BanaVillage,Nigeria,Burkina Faso,Gombe,Bana Village,57,120,X,X:23393109-24393108,23393109,24393108,0,1000000,0.5,1000000,0.0025753995167423,0.0,0.0025753995167423,7769,1995,False,False,With Nigeria_Gombe
With Nigeria,Nigeria_Gombe_vs_BurkinaFaso_BanaVillage,NG_Gombe_vs_BF_BanaVil,NG_Gombe vs BF_BanaVil,Nigeria_Gombe,BurkinaFaso_BanaVillage,Nigeria,Burkina Faso,Gombe,Bana Village,57,120,X,X:2393109-3393108,2393109,3393108,21000000,22000000,21.5,1000000,0.00229374041204,0.0012707120068711,0.0010230284051689,40663,12147,False,False,With Nigeria_Gombe
With Nigeria,Nigeria_Gombe_vs_BurkinaFaso_BanaVillage,NG_Gombe_vs_BF_BanaVil,NG_Gombe vs BF_BanaVil,Nigeria_Gombe,BurkinaFaso_BanaVillage,Nigeria,Burkina Faso,Gombe,Bana Village,57,120,X,X:3393109-4393108,3393109,4393108,20000000,21000000,20.5,1000000,0.0035852030141228,0.0008977440141916,0.0026874589999312,21945,6424,False,False,With Nigeria_Gombe
With Nigeria,Nigeria_Gombe_vs_BurkinaFaso_BanaVillage,NG_Gombe_vs_BF_BanaVil,NG_Gombe vs BF_BanaVil,Nigeria_Gombe,BurkinaFaso_BanaVillage,Nigeria,Burkina Faso,Gombe,Bana Village,57,120,X,X:393109-1393108,393109,1393108,23000000,24000000,23.5,1000000,0.0006737533611488,0.0004057209561488,0.00026803240500000003,54171,15310,False,False,With Nigeria_Gombe
With Nigeria,Nigeria_Gombe_vs_BurkinaFaso_BanaVillage,NG_Gombe_vs_BF_BanaVil,NG_Gombe vs BF_BanaVil,Nigeria_Gombe,BurkinaFaso_BanaVillage,Nigeria,Burkina Faso,Gombe,Bana Village,57,120,X,X:4393109-5393108,4393109,5393108,19000000,20000000,19.5,1000000,8.536354170373772e-05,0.0012640043580025,-0.0011786408162987624,37899,11599,False,False,With Nigeria_Gombe
With Nigeria,Nigeria_Gombe_vs_BurkinaFaso_BanaVillage,NG_Gombe_vs_BF_BanaVil,NG_Gombe vs BF_BanaVil,Nigeria_Gombe,BurkinaFaso_BanaVillage,Nigeria,Burkina Faso,Gombe,Bana Village,57,120,X,X:5393109-6393108,5393109,6393108,18000000,19000000,18.5,1000000,1.0263447831029762e-05,0.0004102643539356,-0.00040000090610457025,37847,11395,False,False,With Nigeria_Gombe
With Nigeria,Nigeria_Gombe_vs_BurkinaFaso_BanaVillage,NG_Gombe_vs_BF_BanaVil,NG_Gombe vs BF_BanaVil,Nigeria_Gombe,BurkinaFaso_BanaVillage,Nigeria,Burkina Faso,Gombe,Bana Village,57,120,X,X:6393109-7393108,6393109,7393108,17000000,18000000,17.5,1000000,0.0005069431299401,0.0012977183315556,-0.0007907752016155001,37169,11501,False,False,With Nigeria_Gombe
With Nigeria,Nigeria_Gombe_vs_BurkinaFaso_BanaVillage,NG_Gombe_vs_BF_BanaVil,NG_Gombe vs BF_BanaVil,Nigeria_Gombe,BurkinaFaso_BanaVillage,Nigeria,Burkina Faso,Gombe,Bana Village,57,120,X,X:7393109-8393108,7393109,8393108,16000000,17000000,16.5,1000000,0.0035621842112206,0.0029304474510122,0.0006317367602084001,49696,14991,False,False,With Nigeria_Gombe
With Nigeria,Nigeria_Gombe_vs_BurkinaFaso_BanaVillage,NG_Gombe_vs_BF_BanaVil,NG_Gombe vs BF_BanaVil,Nigeria_Gombe,BurkinaFaso_BanaVillage,Nigeria,Burkina Faso,Gombe,Bana Village,57,120,X,X:8393109-9393108,8393109,9393108,15000000,16000000,15.5,1000000,0.0119869063917879,0.0108774936500629,0.0011094127417249997,23518,7345,False,False,With Nigeria_Gombe
With Nigeria,Nigeria_Gombe_vs_BurkinaFaso_BanaVillage,NG_Gombe_vs_BF_BanaVil,NG_Gombe vs BF_BanaVil,Nigeria_Gombe,BurkinaFaso_BanaVillage,Nigeria,Burkina Faso,Gombe,Bana Village,57,120,X,X:9393109-10393108,9393109,10393108,14000000,15000000,14.5,1000000,0.0081949340833393,0.0038347424563843,0.0043601916269549994,44499,13600,False,False,With Nigeria_Gombe
With Nigeria,Nigeria_Gombe_vs_Guinea_Siguiri_Dankakoro,NG_Gombe_vs_GN_Siguiri,NG_Gombe vs GN_Siguiri,Nigeria_Gombe,Guinea_Siguiri_Dankakoro,Nigeria,Guinea,Gombe,Siguiri_Dankakoro,57,81,3R,3R:28200685-29200684,28200685,29200684,24000000,25000000,24.5,1000000,0.062223381077445,0.0816405990494552,-0.019417217972010195,40164,10912,False,False,With Nigeria_Gombe
With Nigeria,Nigeria_Gombe_vs_Guinea_Siguiri_Dankakoro,NG_Gombe_vs_GN_Siguiri,NG_Gombe vs GN_Siguiri,Nigeria_Gombe,Guinea_Siguiri_Dankakoro,Nigeria,Guinea,Gombe,Siguiri_Dankakoro,57,81,3R,3R:29200685-30200684,29200685,30200684,23000000,24000000,23.5,1000000,0.0004893264067775,0.0014048473107749,-0.0009155209039974,15604,4146,False,False,With Nigeria_Gombe
With Nigeria,Nigeria_Gombe_vs_Guinea_Siguiri_Dankakoro,NG_Gombe_vs_GN_Siguiri,NG_Gombe vs GN_Siguiri,Nigeria_Gombe,Guinea_Siguiri_Dankakoro,Nigeria,Guinea,Gombe,Siguiri_Dankakoro,57,81,3R,3R:30200685-31200684,30200685,31200684,22000000,23000000,22.5,1000000,0.0006824013739829,0.0006603540665308,2.2047307452099994e-05,41533,10926,False,False,With Nigeria_Gombe
With Nigeria,Nigeria_Gombe_vs_Guinea_Siguiri_Dankakoro,NG_Gombe_vs_GN_Siguiri,NG_Gombe vs GN_Siguiri,Nigeria_Gombe,Guinea_Siguiri_Dankakoro,Nigeria,Guinea,Gombe,Siguiri_Dankakoro,57,81,3R,3R:31200685-32200684,31200685,32200684,21000000,22000000,21.5,1000000,0.0004298264561646,8.966213655381036e-05,0.0003401643196107896,31667,8476,False,False,With Nigeria_Gombe
With Nigeria,Nigeria_Gombe_vs_Guinea_Siguiri_Dankakoro,NG_Gombe_vs_GN_Siguiri,NG_Gombe vs GN_Siguiri,Nigeria_Gombe,Guinea_Siguiri_Dankakoro,Nigeria,Guinea,Gombe,Siguiri_Dankakoro,57,81,3R,3R:32200685-33200684,32200685,33200684,20000000,21000000,20.5,1000000,0.0002757860104016,0.0005481796964409,-0.0002723936860393,8177,2090,False,False,With Nigeria_Gombe
With Nigeria,Nigeria_Gombe_vs_Guinea_Siguiri_Dankakoro,NG_Gombe_vs_GN_Siguiri,NG_Gombe vs GN_Siguiri,Nigeria_Gombe,Guinea_Siguiri_Dankakoro,Nigeria,Guinea,Gombe,Siguiri_Dankakoro,57,81,3R,3R:33200685-34200684,33200685,34200684,19000000,20000000,19.5,1000000,0.0007503697810767,0.0,0.0007503697810767,28262,7436,False,False,With Nigeria_Gombe
With Nigeria,Nigeria_Gombe_vs_Guinea_Siguiri_Dankakoro,NG_Gombe_vs_GN_Siguiri,NG_Gombe vs GN_Siguiri,Nigeria_Gombe,Guinea_Siguiri_Dankakoro,Nigeria,Guinea,Gombe,Siguiri_Dankakoro,57,81,3R,3R:34200685-35200684,34200685,35200684,18000000,19000000,18.5,1000000,0.001221293005948,0.000756231608323,0.0004650613976249999,31170,8453,False,False,With Nigeria_Gombe
With Nigeria,Nigeria_Gombe_vs_Guinea_Siguiri_Dankakoro,NG_Gombe_vs_GN_Siguiri,NG_Gombe vs GN_Siguiri,Nigeria_Gombe,Guinea_Siguiri_Dankakoro,Nigeria,Guinea,Gombe,Siguiri_Dankakoro,57,81,3R,3R:35200685-36200684,35200685,36200684,17000000,18000000,17.5,1000000,0.0,0.0001072752444004,-0.0001072752444004,55922,13893,False,False,With Nigeria_Gombe
With Nigeria,Nigeria_Gombe_vs_Guinea_Siguiri_Dankakoro,NG_Gombe_vs_GN_Siguiri,NG_Gombe vs GN_Siguiri,Nigeria_Gombe,Guinea_Siguiri_Dankakoro,Nigeria,Guinea,Gombe,Siguiri_Dankakoro,57,81,3R,3R:36200685-37200684,36200685,37200684,16000000,17000000,16.5,1000000,0.0,0.0006032819179807,-0.0006032819179807,50124,12882,False,False,With Nigeria_Gombe
With Nigeria,Nigeria_Gombe_vs_Guinea_Siguiri_Dankakoro,NG_Gombe_vs_GN_Siguiri,NG_Gombe vs GN_Siguiri,Nigeria_Gombe,Guinea_Siguiri_Dankakoro,Nigeria,Guinea,Gombe,Siguiri_Dankakoro,57,81,3R,3R:37200685-38200684,37200685,38200684,15000000,16000000,15.5,1000000,0.0,0.0,0.0,40318,10427,False,False,With Nigeria_Gombe
With Nigeria,Nigeria_Gombe_vs_Guinea_Siguiri_Dankakoro,NG_Gombe_vs_GN_Siguiri,NG_Gombe vs GN_Siguiri,Nigeria_Gombe,Guinea_Siguiri_Dankakoro,Nigeria,Guinea,Gombe,Siguiri_Dankakoro,57,81,3R,3R:38200685-39200684,38200685,39200684,14000000,15000000,14.5,1000000,0.0011772185479538,0.0010526466715786,0.00012457187637520003,15162,3935,False,False,With Nigeria_Gombe
With Nigeria,Nigeria_Gombe_vs_Guinea_Siguiri_Dankakoro,NG_Gombe_vs_GN_Siguiri,NG_Gombe vs GN_Siguiri,Nigeria_Gombe,Guinea_Siguiri_Dankakoro,Nigeria,Guinea,Gombe,Siguiri_Dankakoro,57,81,3R,3R:39200685-40200684,39200685,40200684,13000000,14000000,13.5,1000000,0.0046811779282024,0.0073881803259811,-0.0027070023977786998,4046,929,False,True,With Nigeria_Gombe
With Nigeria,Nigeria_Gombe_vs_Guinea_Siguiri_Dankakoro,NG_Gombe_vs_GN_Siguiri,NG_Gombe vs GN_Siguiri,Nigeria_Gombe,Guinea_Siguiri_Dankakoro,Nigeria,Guinea,Gombe,Siguiri_Dankakoro,57,81,3R,3R:40200685-41200684,40200685,41200684,12000000,13000000,12.5,1000000,0.0035373167666409,0.0,0.0035373167666409,943,154,True,True,With Nigeria_Gombe
With Nigeria,Nigeria_Gombe_vs_Guinea_Siguiri_Dankakoro,NG_Gombe_vs_GN_Siguiri,NG_Gombe vs GN_Siguiri,Nigeria_Gombe,Guinea_Siguiri_Dankakoro,Nigeria,Guinea,Gombe,Siguiri_Dankakoro,57,81,3R,3R:41200685-42200684,41200685,42200684,11000000,12000000,11.5,1000000,0.0006766552287759,0.0010414260189764,-0.0003647707902004999,25544,6292,False,False,With Nigeria_Gombe
With Nigeria,Nigeria_Gombe_vs_Guinea_Siguiri_Dankakoro,NG_Gombe_vs_GN_Siguiri,NG_Gombe vs GN_Siguiri,Nigeria_Gombe,Guinea_Siguiri_Dankakoro,Nigeria,Guinea,Gombe,Siguiri_Dankakoro,57,81,3R,3R:42200685-43200684,42200685,43200684,10000000,11000000,10.5,1000000,0.0,0.0020155254192768,-0.0020155254192768,20567,4926,False,False,With Nigeria_Gombe
With Nigeria,Nigeria_Gombe_vs_Guinea_Siguiri_Dankakoro,NG_Gombe_vs_GN_Siguiri,NG_Gombe vs GN_Siguiri,Nigeria_Gombe,Guinea_Siguiri_Dankakoro,Nigeria,Guinea,Gombe,Siguiri_Dankakoro,57,81,3R,3R:43200685-44200684,43200685,44200684,9000000,10000000,9.5,1000000,0.0009516723104882,0.0005712065043022,0.000380465806186,58548,15577,False,False,With Nigeria_Gombe
With Nigeria,Nigeria_Gombe_vs_Guinea_Siguiri_Dankakoro,NG_Gombe_vs_GN_Siguiri,NG_Gombe vs GN_Siguiri,Nigeria_Gombe,Guinea_Siguiri_Dankakoro,Nigeria,Guinea,Gombe,Siguiri_Dankakoro,57,81,3R,3R:44200685-45200684,44200685,45200684,8000000,9000000,8.5,1000000,0.0001442683130259,2.6532536184175943e-05,0.00011773577684172407,29111,7524,False,False,With Nigeria_Gombe
With Nigeria,Nigeria_Gombe_vs_Guinea_Siguiri_Dankakoro,NG_Gombe_vs_GN_Siguiri,NG_Gombe vs GN_Siguiri,Nigeria_Gombe,Guinea_Siguiri_Dankakoro,Nigeria,Guinea,Gombe,Siguiri_Dankakoro,57,81,3R,3R:45200685-46200684,45200685,46200684,7000000,8000000,7.5,1000000,0.0030823482053123,0.003293447872753,-0.0002110996674407001,32093,8172,False,False,With Nigeria_Gombe
With Nigeria,Nigeria_Gombe_vs_Guinea_Siguiri_Dankakoro,NG_Gombe_vs_GN_Siguiri,NG_Gombe vs GN_Siguiri,Nigeria_Gombe,Guinea_Siguiri_Dankakoro,Nigeria,Guinea,Gombe,Siguiri_Dankakoro,57,81,3R,3R:46200685-47200684,46200685,47200684,6000000,7000000,6.5,1000000,0.0,0.0,0.0,27275,6874,False,False,With Nigeria_Gombe
With Nigeria,Nigeria_Gombe_vs_Guinea_Siguiri_Dankakoro,NG_Gombe_vs_GN_Siguiri,NG_Gombe vs GN_Siguiri,Nigeria_Gombe,Guinea_Siguiri_Dankakoro,Nigeria,Guinea,Gombe,Siguiri_Dankakoro,57,81,3R,3R:47200685-48200684,47200685,48200684,5000000,6000000,5.5,1000000,0.0,0.0004138154226418,-0.0004138154226418,61531,15586,False,False,With Nigeria_Gombe
With Nigeria,Nigeria_Gombe_vs_Guinea_Siguiri_Dankakoro,NG_Gombe_vs_GN_Siguiri,NG_Gombe vs GN_Siguiri,Nigeria_Gombe,Guinea_Siguiri_Dankakoro,Nigeria,Guinea,Gombe,Siguiri_Dankakoro,57,81,3R,3R:48200685-49200684,48200685,49200684,4000000,5000000,4.5,1000000,0.0001743198459924,0.0,0.0001743198459924,46164,11478,False,False,With Nigeria_Gombe
With Nigeria,Nigeria_Gombe_vs_Guinea_Siguiri_Dankakoro,NG_Gombe_vs_GN_Siguiri,NG_Gombe vs GN_Siguiri,Nigeria_Gombe,Guinea_Siguiri_Dankakoro,Nigeria,Guinea,Gombe,Siguiri_Dankakoro,57,81,3R,3R:49200685-50200684,49200685,50200684,3000000,4000000,3.5,1000000,0.0010472615212333,0.002935868079236,-0.0018886065580027,43712,10742,False,False,With Nigeria_Gombe
With Nigeria,Nigeria_Gombe_vs_Guinea_Siguiri_Dankakoro,NG_Gombe_vs_GN_Siguiri,NG_Gombe vs GN_Siguiri,Nigeria_Gombe,Guinea_Siguiri_Dankakoro,Nigeria,Guinea,Gombe,Siguiri_Dankakoro,57,81,3R,3R:50200685-51200684,50200685,51200684,2000000,3000000,2.5,1000000,0.0026341351858235,0.001834176421272,0.0007999587645514999,34569,8386,False,False,With Nigeria_Gombe
With Nigeria,Nigeria_Gombe_vs_Guinea_Siguiri_Dankakoro,NG_Gombe_vs_GN_Siguiri,NG_Gombe vs GN_Siguiri,Nigeria_Gombe,Guinea_Siguiri_Dankakoro,Nigeria,Guinea,Gombe,Siguiri_Dankakoro,57,81,3R,3R:51200685-52200684,51200685,52200684,1000000,2000000,1.5,1000000,0.0033020507847952,0.001593769665739,0.0017082811190562,53535,13121,False,False,With Nigeria_Gombe
With Nigeria,Nigeria_Gombe_vs_Guinea_Siguiri_Dankakoro,NG_Gombe_vs_GN_Siguiri,NG_Gombe vs GN_Siguiri,Nigeria_Gombe,Guinea_Siguiri_Dankakoro,Nigeria,Guinea,Gombe,Siguiri_Dankakoro,57,81,3R,3R:52200685-53200684,52200685,53200684,0,1000000,0.5,1000000,0.0022683379355821,0.0018025393357352,0.00046579859984690014,11296,2594,False,False,With Nigeria_Gombe
With Nigeria,Nigeria_Gombe_vs_Guinea_Siguiri_Dankakoro,NG_Gombe_vs_GN_Siguiri,NG_Gombe vs GN_Siguiri,Nigeria_Gombe,Guinea_Siguiri_Dankakoro,Nigeria,Guinea,Gombe,Siguiri_Dankakoro,57,81,X,X:10393109-11393108,10393109,11393108,13000000,14000000,13.5,1000000,0.0,0.0001948731175871,-0.0001948731175871,23410,7101,False,False,With Nigeria_Gombe
With Nigeria,Nigeria_Gombe_vs_Guinea_Siguiri_Dankakoro,NG_Gombe_vs_GN_Siguiri,NG_Gombe vs GN_Siguiri,Nigeria_Gombe,Guinea_Siguiri_Dankakoro,Nigeria,Guinea,Gombe,Siguiri_Dankakoro,57,81,X,X:11393109-12393108,11393109,12393108,12000000,13000000,12.5,1000000,0.0027787173519532,0.0023374062840766,0.00044131106787659996,33914,9421,False,False,With Nigeria_Gombe
With Nigeria,Nigeria_Gombe_vs_Guinea_Siguiri_Dankakoro,NG_Gombe_vs_GN_Siguiri,NG_Gombe vs GN_Siguiri,Nigeria_Gombe,Guinea_Siguiri_Dankakoro,Nigeria,Guinea,Gombe,Siguiri_Dankakoro,57,81,X,X:12393109-13393108,12393109,13393108,11000000,12000000,11.5,1000000,0.0006557581010799,0.0023582780526204,-0.0017025199515405,24701,7262,False,False,With Nigeria_Gombe
With Nigeria,Nigeria_Gombe_vs_Guinea_Siguiri_Dankakoro,NG_Gombe_vs_GN_Siguiri,NG_Gombe vs GN_Siguiri,Nigeria_Gombe,Guinea_Siguiri_Dankakoro,Nigeria,Guinea,Gombe,Siguiri_Dankakoro,57,81,X,X:13393109-14393108,13393109,14393108,10000000,11000000,10.5,1000000,0.0080799314209103,0.0127418867296682,-0.0046619553087579,34062,9597,False,False,With Nigeria_Gombe
With Nigeria,Nigeria_Gombe_vs_Guinea_Siguiri_Dankakoro,NG_Gombe_vs_GN_Siguiri,NG_Gombe vs GN_Siguiri,Nigeria_Gombe,Guinea_Siguiri_Dankakoro,Nigeria,Guinea,Gombe,Siguiri_Dankakoro,57,81,X,X:1393109-2393108,1393109,2393108,22000000,23000000,22.5,1000000,0.0023577453683579,0.0010905512659538,0.0012671941024040999,46192,13791,False,False,With Nigeria_Gombe
With Nigeria,Nigeria_Gombe_vs_Guinea_Siguiri_Dankakoro,NG_Gombe_vs_GN_Siguiri,NG_Gombe vs GN_Siguiri,Nigeria_Gombe,Guinea_Siguiri_Dankakoro,Nigeria,Guinea,Gombe,Siguiri_Dankakoro,57,81,X,X:14393109-15393108,14393109,15393108,9000000,10000000,9.5,1000000,0.2009412562247824,0.1534064939612437,0.0475347622635387,24942,7287,False,False,With Nigeria_Gombe
With Nigeria,Nigeria_Gombe_vs_Guinea_Siguiri_Dankakoro,NG_Gombe_vs_GN_Siguiri,NG_Gombe vs GN_Siguiri,Nigeria_Gombe,Guinea_Siguiri_Dankakoro,Nigeria,Guinea,Gombe,Siguiri_Dankakoro,57,81,X,X:15393109-16393108,15393109,16393108,8000000,9000000,8.5,1000000,0.1811290509963604,0.1051240854882393,0.0760049655081211,29830,8592,False,False,With Nigeria_Gombe
With Nigeria,Nigeria_Gombe_vs_Guinea_Siguiri_Dankakoro,NG_Gombe_vs_GN_Siguiri,NG_Gombe vs GN_Siguiri,Nigeria_Gombe,Guinea_Siguiri_Dankakoro,Nigeria,Guinea,Gombe,Siguiri_Dankakoro,57,81,X,X:16393109-17393108,16393109,17393108,7000000,8000000,7.5,1000000,0.0149637525534236,0.0116938656394083,0.0032698869140153006,33912,9644,False,False,With Nigeria_Gombe
With Nigeria,Nigeria_Gombe_vs_Guinea_Siguiri_Dankakoro,NG_Gombe_vs_GN_Siguiri,NG_Gombe vs GN_Siguiri,Nigeria_Gombe,Guinea_Siguiri_Dankakoro,Nigeria,Guinea,Gombe,Siguiri_Dankakoro,57,81,X,X:17393109-18393108,17393109,18393108,6000000,7000000,6.5,1000000,0.0015964416587088,0.0026653677248587,-0.0010689260661499,26828,7663,False,False,With Nigeria_Gombe
With Nigeria,Nigeria_Gombe_vs_Guinea_Siguiri_Dankakoro,NG_Gombe_vs_GN_Siguiri,NG_Gombe vs GN_Siguiri,Nigeria_Gombe,Guinea_Siguiri_Dankakoro,Nigeria,Guinea,Gombe,Siguiri_Dankakoro,57,81,X,X:18393109-19393108,18393109,19393108,5000000,6000000,5.5,1000000,0.0029992414865876,0.0042636779712191,-0.0012644364846315006,30246,8599,False,False,With Nigeria_Gombe
With Nigeria,Nigeria_Gombe_vs_Guinea_Siguiri_Dankakoro,NG_Gombe_vs_GN_Siguiri,NG_Gombe vs GN_Siguiri,Nigeria_Gombe,Guinea_Siguiri_Dankakoro,Nigeria,Guinea,Gombe,Siguiri_Dankakoro,57,81,X,X:19393109-20393108,19393109,20393108,4000000,5000000,4.5,1000000,0.0037479153257173,0.0016520736085489,0.0020958417171684,26297,7559,False,False,With Nigeria_Gombe
With Nigeria,Nigeria_Gombe_vs_Guinea_Siguiri_Dankakoro,NG_Gombe_vs_GN_Siguiri,NG_Gombe vs GN_Siguiri,Nigeria_Gombe,Guinea_Siguiri_Dankakoro,Nigeria,Guinea,Gombe,Siguiri_Dankakoro,57,81,X,X:20393109-21393108,20393109,21393108,3000000,4000000,3.5,1000000,0.0014718250601461,0.008371684124615,-0.006899859064468899,4346,1004,False,False,With Nigeria_Gombe
With Nigeria,Nigeria_Gombe_vs_Guinea_Siguiri_Dankakoro,NG_Gombe_vs_GN_Siguiri,NG_Gombe vs GN_Siguiri,Nigeria_Gombe,Guinea_Siguiri_Dankakoro,Nigeria,Guinea,Gombe,Siguiri_Dankakoro,57,81,X,X:21393109-22393108,21393109,22393108,2000000,3000000,2.5,1000000,0.0136534974796575,0.0003610963503106,0.0132924011293469,4241,1008,False,False,With Nigeria_Gombe
With Nigeria,Nigeria_Gombe_vs_Guinea_Siguiri_Dankakoro,NG_Gombe_vs_GN_Siguiri,NG_Gombe vs GN_Siguiri,Nigeria_Gombe,Guinea_Siguiri_Dankakoro,Nigeria,Guinea,Gombe,Siguiri_Dankakoro,57,81,X,X:22393109-23393108,22393109,23393108,1000000,2000000,1.5,1000000,0.0,0.0,0.0,3779,913,False,True,With Nigeria_Gombe
With Nigeria,Nigeria_Gombe_vs_Guinea_Siguiri_Dankakoro,NG_Gombe_vs_GN_Siguiri,NG_Gombe vs GN_Siguiri,Nigeria_Gombe,Guinea_Siguiri_Dankakoro,Nigeria,Guinea,Gombe,Siguiri_Dankakoro,57,81,X,X:23393109-24393108,23393109,24393108,0,1000000,0.5,1000000,0.0006884877531599,0.0,0.0006884877531599,7769,1995,False,False,With Nigeria_Gombe
With Nigeria,Nigeria_Gombe_vs_Guinea_Siguiri_Dankakoro,NG_Gombe_vs_GN_Siguiri,NG_Gombe vs GN_Siguiri,Nigeria_Gombe,Guinea_Siguiri_Dankakoro,Nigeria,Guinea,Gombe,Siguiri_Dankakoro,57,81,X,X:2393109-3393108,2393109,3393108,21000000,22000000,21.5,1000000,0.0018924502784583,0.0010153274213394,0.0008771228571189001,40663,12147,False,False,With Nigeria_Gombe
With Nigeria,Nigeria_Gombe_vs_Guinea_Siguiri_Dankakoro,NG_Gombe_vs_GN_Siguiri,NG_Gombe vs GN_Siguiri,Nigeria_Gombe,Guinea_Siguiri_Dankakoro,Nigeria,Guinea,Gombe,Siguiri_Dankakoro,57,81,X,X:3393109-4393108,3393109,4393108,20000000,21000000,20.5,1000000,0.0019930539897071,0.0003628494200205,0.0016302045696866,21945,6424,False,False,With Nigeria_Gombe
With Nigeria,Nigeria_Gombe_vs_Guinea_Siguiri_Dankakoro,NG_Gombe_vs_GN_Siguiri,NG_Gombe vs GN_Siguiri,Nigeria_Gombe,Guinea_Siguiri_Dankakoro,Nigeria,Guinea,Gombe,Siguiri_Dankakoro,57,81,X,X:393109-1393108,393109,1393108,23000000,24000000,23.5,1000000,0.0012527161536638,0.0006275295343189,0.0006251866193449,54171,15310,False,False,With Nigeria_Gombe
With Nigeria,Nigeria_Gombe_vs_Guinea_Siguiri_Dankakoro,NG_Gombe_vs_GN_Siguiri,NG_Gombe vs GN_Siguiri,Nigeria_Gombe,Guinea_Siguiri_Dankakoro,Nigeria,Guinea,Gombe,Siguiri_Dankakoro,57,81,X,X:4393109-5393108,4393109,5393108,19000000,20000000,19.5,1000000,0.0003848025060088,0.0008554814787556,-0.0004706789727468,37899,11599,False,False,With Nigeria_Gombe
With Nigeria,Nigeria_Gombe_vs_Guinea_Siguiri_Dankakoro,NG_Gombe_vs_GN_Siguiri,NG_Gombe vs GN_Siguiri,Nigeria_Gombe,Guinea_Siguiri_Dankakoro,Nigeria,Guinea,Gombe,Siguiri_Dankakoro,57,81,X,X:5393109-6393108,5393109,6393108,18000000,19000000,18.5,1000000,0.0008616593486011,0.0007521247994746,0.00010953454912650002,37847,11395,False,False,With Nigeria_Gombe
With Nigeria,Nigeria_Gombe_vs_Guinea_Siguiri_Dankakoro,NG_Gombe_vs_GN_Siguiri,NG_Gombe vs GN_Siguiri,Nigeria_Gombe,Guinea_Siguiri_Dankakoro,Nigeria,Guinea,Gombe,Siguiri_Dankakoro,57,81,X,X:6393109-7393108,6393109,7393108,17000000,18000000,17.5,1000000,0.0,0.0011242891751747,-0.0011242891751747,37169,11501,False,False,With Nigeria_Gombe
With Nigeria,Nigeria_Gombe_vs_Guinea_Siguiri_Dankakoro,NG_Gombe_vs_GN_Siguiri,NG_Gombe vs GN_Siguiri,Nigeria_Gombe,Guinea_Siguiri_Dankakoro,Nigeria,Guinea,Gombe,Siguiri_Dankakoro,57,81,X,X:7393109-8393108,7393109,8393108,16000000,17000000,16.5,1000000,0.0024584413660302,0.0021288011032227,0.0003296402628075001,49696,14991,False,False,With Nigeria_Gombe
With Nigeria,Nigeria_Gombe_vs_Guinea_Siguiri_Dankakoro,NG_Gombe_vs_GN_Siguiri,NG_Gombe vs GN_Siguiri,Nigeria_Gombe,Guinea_Siguiri_Dankakoro,Nigeria,Guinea,Gombe,Siguiri_Dankakoro,57,81,X,X:8393109-9393108,8393109,9393108,15000000,16000000,15.5,1000000,0.0108143854744488,0.0084666101276929,0.0023477753467559,23518,7345,False,False,With Nigeria_Gombe
With Nigeria,Nigeria_Gombe_vs_Guinea_Siguiri_Dankakoro,NG_Gombe_vs_GN_Siguiri,NG_Gombe vs GN_Siguiri,Nigeria_Gombe,Guinea_Siguiri_Dankakoro,Nigeria,Guinea,Gombe,Siguiri_Dankakoro,57,81,X,X:9393109-10393108,9393109,10393108,14000000,15000000,14.5,1000000,0.0030158480931456,0.0019038818017429,0.0011119662914027,44499,13600,False,False,With Nigeria_Gombe
With Nigeria,Nigeria_Gombe_vs_Mali_Faladje,NG_Gombe_vs_ML_Faladje,NG_Gombe vs ML_Faladje,Nigeria_Gombe,Mali_Faladje,Nigeria,Mali,Gombe,Faladje,57,75,3R,3R:28200685-29200684,28200685,29200684,24000000,25000000,24.5,1000000,0.0551989504301694,0.077276995970456,-0.022078045540286598,40164,10912,False,False,With Nigeria_Gombe
With Nigeria,Nigeria_Gombe_vs_Mali_Faladje,NG_Gombe_vs_ML_Faladje,NG_Gombe vs ML_Faladje,Nigeria_Gombe,Mali_Faladje,Nigeria,Mali,Gombe,Faladje,57,75,3R,3R:29200685-30200684,29200685,30200684,23000000,24000000,23.5,1000000,0.0004301761881597,0.0015699177368132,-0.0011397415486535,15604,4146,False,False,With Nigeria_Gombe
With Nigeria,Nigeria_Gombe_vs_Mali_Faladje,NG_Gombe_vs_ML_Faladje,NG_Gombe vs ML_Faladje,Nigeria_Gombe,Mali_Faladje,Nigeria,Mali,Gombe,Faladje,57,75,3R,3R:30200685-31200684,30200685,31200684,22000000,23000000,22.5,1000000,0.0006210025578147,0.0010004084118849,-0.00037940585407020006,41533,10926,False,False,With Nigeria_Gombe
With Nigeria,Nigeria_Gombe_vs_Mali_Faladje,NG_Gombe_vs_ML_Faladje,NG_Gombe vs ML_Faladje,Nigeria_Gombe,Mali_Faladje,Nigeria,Mali,Gombe,Faladje,57,75,3R,3R:31200685-32200684,31200685,32200684,21000000,22000000,21.5,1000000,0.0016839211581014,0.0009734257917395,0.0007104953663618999,31667,8476,False,False,With Nigeria_Gombe
With Nigeria,Nigeria_Gombe_vs_Mali_Faladje,NG_Gombe_vs_ML_Faladje,NG_Gombe vs ML_Faladje,Nigeria_Gombe,Mali_Faladje,Nigeria,Mali,Gombe,Faladje,57,75,3R,3R:32200685-33200684,32200685,33200684,20000000,21000000,20.5,1000000,0.0014240373039646,0.000807102158696,0.0006169351452686,8177,2090,False,False,With Nigeria_Gombe
With Nigeria,Nigeria_Gombe_vs_Mali_Faladje,NG_Gombe_vs_ML_Faladje,NG_Gombe vs ML_Faladje,Nigeria_Gombe,Mali_Faladje,Nigeria,Mali,Gombe,Faladje,57,75,3R,3R:33200685-34200684,33200685,34200684,19000000,20000000,19.5,1000000,0.0013122523994533,0.000625689089707,0.0006865633097463,28262,7436,False,False,With Nigeria_Gombe
With Nigeria,Nigeria_Gombe_vs_Mali_Faladje,NG_Gombe_vs_ML_Faladje,NG_Gombe vs ML_Faladje,Nigeria_Gombe,Mali_Faladje,Nigeria,Mali,Gombe,Faladje,57,75,3R,3R:34200685-35200684,34200685,35200684,18000000,19000000,18.5,1000000,0.0006383192096461,0.0003988531445137,0.0002394660651324,31170,8453,False,False,With Nigeria_Gombe
With Nigeria,Nigeria_Gombe_vs_Mali_Faladje,NG_Gombe_vs_ML_Faladje,NG_Gombe vs ML_Faladje,Nigeria_Gombe,Mali_Faladje,Nigeria,Mali,Gombe,Faladje,57,75,3R,3R:35200685-36200684,35200685,36200684,17000000,18000000,17.5,1000000,0.0,0.0,0.0,55922,13893,False,False,With Nigeria_Gombe
With Nigeria,Nigeria_Gombe_vs_Mali_Faladje,NG_Gombe_vs_ML_Faladje,NG_Gombe vs ML_Faladje,Nigeria_Gombe,Mali_Faladje,Nigeria,Mali,Gombe,Faladje,57,75,3R,3R:36200685-37200684,36200685,37200684,16000000,17000000,16.5,1000000,0.0,0.0004721345227483,-0.0004721345227483,50124,12882,False,False,With Nigeria_Gombe
With Nigeria,Nigeria_Gombe_vs_Mali_Faladje,NG_Gombe_vs_ML_Faladje,NG_Gombe vs ML_Faladje,Nigeria_Gombe,Mali_Faladje,Nigeria,Mali,Gombe,Faladje,57,75,3R,3R:37200685-38200684,37200685,38200684,15000000,16000000,15.5,1000000,1.7412182850089137e-05,0.0004791231663491,-0.00046171098349901085,40318,10427,False,False,With Nigeria_Gombe
With Nigeria,Nigeria_Gombe_vs_Mali_Faladje,NG_Gombe_vs_ML_Faladje,NG_Gombe vs ML_Faladje,Nigeria_Gombe,Mali_Faladje,Nigeria,Mali,Gombe,Faladje,57,75,3R,3R:38200685-39200684,38200685,39200684,14000000,15000000,14.5,1000000,0.0002627194081535,0.0,0.0002627194081535,15162,3935,False,False,With Nigeria_Gombe
With Nigeria,Nigeria_Gombe_vs_Mali_Faladje,NG_Gombe_vs_ML_Faladje,NG_Gombe vs ML_Faladje,Nigeria_Gombe,Mali_Faladje,Nigeria,Mali,Gombe,Faladje,57,75,3R,3R:39200685-40200684,39200685,40200684,13000000,14000000,13.5,1000000,0.0002760634751374,0.0013425317948229,-0.0010664683196855,4046,929,False,True,With Nigeria_Gombe
With Nigeria,Nigeria_Gombe_vs_Mali_Faladje,NG_Gombe_vs_ML_Faladje,NG_Gombe vs ML_Faladje,Nigeria_Gombe,Mali_Faladje,Nigeria,Mali,Gombe,Faladje,57,75,3R,3R:40200685-41200684,40200685,41200684,12000000,13000000,12.5,1000000,0.0006355540463984,0.0,0.0006355540463984,943,154,True,True,With Nigeria_Gombe
With Nigeria,Nigeria_Gombe_vs_Mali_Faladje,NG_Gombe_vs_ML_Faladje,NG_Gombe vs ML_Faladje,Nigeria_Gombe,Mali_Faladje,Nigeria,Mali,Gombe,Faladje,57,75,3R,3R:41200685-42200684,41200685,42200684,11000000,12000000,11.5,1000000,0.0,0.001667894185127,-0.001667894185127,25544,6292,False,False,With Nigeria_Gombe
With Nigeria,Nigeria_Gombe_vs_Mali_Faladje,NG_Gombe_vs_ML_Faladje,NG_Gombe vs ML_Faladje,Nigeria_Gombe,Mali_Faladje,Nigeria,Mali,Gombe,Faladje,57,75,3R,3R:42200685-43200684,42200685,43200684,10000000,11000000,10.5,1000000,0.0,0.0005638271240814,-0.0005638271240814,20567,4926,False,False,With Nigeria_Gombe
With Nigeria,Nigeria_Gombe_vs_Mali_Faladje,NG_Gombe_vs_ML_Faladje,NG_Gombe vs ML_Faladje,Nigeria_Gombe,Mali_Faladje,Nigeria,Mali,Gombe,Faladje,57,75,3R,3R:43200685-44200684,43200685,44200684,9000000,10000000,9.5,1000000,0.001937968230765,0.0013318912754473,0.0006060769553177,58548,15577,False,False,With Nigeria_Gombe
With Nigeria,Nigeria_Gombe_vs_Mali_Faladje,NG_Gombe_vs_ML_Faladje,NG_Gombe vs ML_Faladje,Nigeria_Gombe,Mali_Faladje,Nigeria,Mali,Gombe,Faladje,57,75,3R,3R:44200685-45200684,44200685,45200684,8000000,9000000,8.5,1000000,0.0,0.0,0.0,29111,7524,False,False,With Nigeria_Gombe
With Nigeria,Nigeria_Gombe_vs_Mali_Faladje,NG_Gombe_vs_ML_Faladje,NG_Gombe vs ML_Faladje,Nigeria_Gombe,Mali_Faladje,Nigeria,Mali,Gombe,Faladje,57,75,3R,3R:45200685-46200684,45200685,46200684,7000000,8000000,7.5,1000000,0.0029564328142735,0.0033870375925186,-0.0004306047782451001,32093,8172,False,False,With Nigeria_Gombe
With Nigeria,Nigeria_Gombe_vs_Mali_Faladje,NG_Gombe_vs_ML_Faladje,NG_Gombe vs ML_Faladje,Nigeria_Gombe,Mali_Faladje,Nigeria,Mali,Gombe,Faladje,57,75,3R,3R:46200685-47200684,46200685,47200684,6000000,7000000,6.5,1000000,0.0010474773020397,0.0020916720260889,-0.0010441947240492,27275,6874,False,False,With Nigeria_Gombe
With Nigeria,Nigeria_Gombe_vs_Mali_Faladje,NG_Gombe_vs_ML_Faladje,NG_Gombe vs ML_Faladje,Nigeria_Gombe,Mali_Faladje,Nigeria,Mali,Gombe,Faladje,57,75,3R,3R:47200685-48200684,47200685,48200684,5000000,6000000,5.5,1000000,0.0,0.0003678940291614,-0.0003678940291614,61531,15586,False,False,With Nigeria_Gombe
With Nigeria,Nigeria_Gombe_vs_Mali_Faladje,NG_Gombe_vs_ML_Faladje,NG_Gombe vs ML_Faladje,Nigeria_Gombe,Mali_Faladje,Nigeria,Mali,Gombe,Faladje,57,75,3R,3R:48200685-49200684,48200685,49200684,4000000,5000000,4.5,1000000,0.0005688244415355,0.0009423970350531,-0.00037357259351760005,46164,11478,False,False,With Nigeria_Gombe
With Nigeria,Nigeria_Gombe_vs_Mali_Faladje,NG_Gombe_vs_ML_Faladje,NG_Gombe vs ML_Faladje,Nigeria_Gombe,Mali_Faladje,Nigeria,Mali,Gombe,Faladje,57,75,3R,3R:49200685-50200684,49200685,50200684,3000000,4000000,3.5,1000000,0.0060175006996987,0.0043657069188622,0.0016517937808365,43712,10742,False,False,With Nigeria_Gombe
With Nigeria,Nigeria_Gombe_vs_Mali_Faladje,NG_Gombe_vs_ML_Faladje,NG_Gombe vs ML_Faladje,Nigeria_Gombe,Mali_Faladje,Nigeria,Mali,Gombe,Faladje,57,75,3R,3R:50200685-51200684,50200685,51200684,2000000,3000000,2.5,1000000,0.0020450350200757,0.0021138389609143,-6.880394083860026e-05,34569,8386,False,False,With Nigeria_Gombe
With Nigeria,Nigeria_Gombe_vs_Mali_Faladje,NG_Gombe_vs_ML_Faladje,NG_Gombe vs ML_Faladje,Nigeria_Gombe,Mali_Faladje,Nigeria,Mali,Gombe,Faladje,57,75,3R,3R:51200685-52200684,51200685,52200684,1000000,2000000,1.5,1000000,0.0012677196613402,0.0010893530100851,0.0001783666512551001,53535,13121,False,False,With Nigeria_Gombe
With Nigeria,Nigeria_Gombe_vs_Mali_Faladje,NG_Gombe_vs_ML_Faladje,NG_Gombe vs ML_Faladje,Nigeria_Gombe,Mali_Faladje,Nigeria,Mali,Gombe,Faladje,57,75,3R,3R:52200685-53200684,52200685,53200684,0,1000000,0.5,1000000,0.0110953533588894,0.0216423674484011,-0.0105470140895117,11296,2594,False,False,With Nigeria_Gombe
With Nigeria,Nigeria_Gombe_vs_Mali_Faladje,NG_Gombe_vs_ML_Faladje,NG_Gombe vs ML_Faladje,Nigeria_Gombe,Mali_Faladje,Nigeria,Mali,Gombe,Faladje,57,75,X,X:10393109-11393108,10393109,11393108,13000000,14000000,13.5,1000000,0.0,0.0004308842082271,-0.0004308842082271,23410,7101,False,False,With Nigeria_Gombe
With Nigeria,Nigeria_Gombe_vs_Mali_Faladje,NG_Gombe_vs_ML_Faladje,NG_Gombe vs ML_Faladje,Nigeria_Gombe,Mali_Faladje,Nigeria,Mali,Gombe,Faladje,57,75,X,X:11393109-12393108,11393109,12393108,12000000,13000000,12.5,1000000,0.0032477784435242,0.0019676350007847,0.0012801434427395,33914,9421,False,False,With Nigeria_Gombe
With Nigeria,Nigeria_Gombe_vs_Mali_Faladje,NG_Gombe_vs_ML_Faladje,NG_Gombe vs ML_Faladje,Nigeria_Gombe,Mali_Faladje,Nigeria,Mali,Gombe,Faladje,57,75,X,X:12393109-13393108,12393109,13393108,11000000,12000000,11.5,1000000,0.0037177528095327,0.0032536009845227,0.0004641518250099999,24701,7262,False,False,With Nigeria_Gombe
With Nigeria,Nigeria_Gombe_vs_Mali_Faladje,NG_Gombe_vs_ML_Faladje,NG_Gombe vs ML_Faladje,Nigeria_Gombe,Mali_Faladje,Nigeria,Mali,Gombe,Faladje,57,75,X,X:13393109-14393108,13393109,14393108,10000000,11000000,10.5,1000000,0.0080550024012445,0.0164884209956215,-0.008433418594376999,34062,9597,False,False,With Nigeria_Gombe
With Nigeria,Nigeria_Gombe_vs_Mali_Faladje,NG_Gombe_vs_ML_Faladje,NG_Gombe vs ML_Faladje,Nigeria_Gombe,Mali_Faladje,Nigeria,Mali,Gombe,Faladje,57,75,X,X:1393109-2393108,1393109,2393108,22000000,23000000,22.5,1000000,0.0017343045680174,0.0006058832750822,0.0011284212929352,46192,13791,False,False,With Nigeria_Gombe
With Nigeria,Nigeria_Gombe_vs_Mali_Faladje,NG_Gombe_vs_ML_Faladje,NG_Gombe vs ML_Faladje,Nigeria_Gombe,Mali_Faladje,Nigeria,Mali,Gombe,Faladje,57,75,X,X:14393109-15393108,14393109,15393108,9000000,10000000,9.5,1000000,0.173173257262577,0.1491242519971759,0.024049005265401102,24942,7287,False,False,With Nigeria_Gombe
With Nigeria,Nigeria_Gombe_vs_Mali_Faladje,NG_Gombe_vs_ML_Faladje,NG_Gombe vs ML_Faladje,Nigeria_Gombe,Mali_Faladje,Nigeria,Mali,Gombe,Faladje,57,75,X,X:15393109-16393108,15393109,16393108,8000000,9000000,8.5,1000000,0.1578545627399638,0.1029730376299967,0.05488152510996709,29830,8592,False,False,With Nigeria_Gombe
With Nigeria,Nigeria_Gombe_vs_Mali_Faladje,NG_Gombe_vs_ML_Faladje,NG_Gombe vs ML_Faladje,Nigeria_Gombe,Mali_Faladje,Nigeria,Mali,Gombe,Faladje,57,75,X,X:16393109-17393108,16393109,17393108,7000000,8000000,7.5,1000000,0.0126969011876938,0.0129205370278661,-0.0002236358401722996,33912,9644,False,False,With Nigeria_Gombe
With Nigeria,Nigeria_Gombe_vs_Mali_Faladje,NG_Gombe_vs_ML_Faladje,NG_Gombe vs ML_Faladje,Nigeria_Gombe,Mali_Faladje,Nigeria,Mali,Gombe,Faladje,57,75,X,X:17393109-18393108,17393109,18393108,6000000,7000000,6.5,1000000,0.0021383150103508,0.003174841286485,-0.0010365262761342,26828,7663,False,False,With Nigeria_Gombe
With Nigeria,Nigeria_Gombe_vs_Mali_Faladje,NG_Gombe_vs_ML_Faladje,NG_Gombe vs ML_Faladje,Nigeria_Gombe,Mali_Faladje,Nigeria,Mali,Gombe,Faladje,57,75,X,X:18393109-19393108,18393109,19393108,5000000,6000000,5.5,1000000,0.0016483335215357,0.0051275026356875,-0.0034791691141518,30246,8599,False,False,With Nigeria_Gombe
With Nigeria,Nigeria_Gombe_vs_Mali_Faladje,NG_Gombe_vs_ML_Faladje,NG_Gombe vs ML_Faladje,Nigeria_Gombe,Mali_Faladje,Nigeria,Mali,Gombe,Faladje,57,75,X,X:19393109-20393108,19393109,20393108,4000000,5000000,4.5,1000000,0.0001905503820552,0.0012303449275351,-0.0010397945454798999,26297,7559,False,False,With Nigeria_Gombe
With Nigeria,Nigeria_Gombe_vs_Mali_Faladje,NG_Gombe_vs_ML_Faladje,NG_Gombe vs ML_Faladje,Nigeria_Gombe,Mali_Faladje,Nigeria,Mali,Gombe,Faladje,57,75,X,X:20393109-21393108,20393109,21393108,3000000,4000000,3.5,1000000,0.0,0.0069001442617087,-0.0069001442617087,4346,1004,False,False,With Nigeria_Gombe
With Nigeria,Nigeria_Gombe_vs_Mali_Faladje,NG_Gombe_vs_ML_Faladje,NG_Gombe vs ML_Faladje,Nigeria_Gombe,Mali_Faladje,Nigeria,Mali,Gombe,Faladje,57,75,X,X:21393109-22393108,21393109,22393108,2000000,3000000,2.5,1000000,0.0162863251439931,0.0010653212507699,0.015221003893223199,4241,1008,False,False,With Nigeria_Gombe
With Nigeria,Nigeria_Gombe_vs_Mali_Faladje,NG_Gombe_vs_ML_Faladje,NG_Gombe vs ML_Faladje,Nigeria_Gombe,Mali_Faladje,Nigeria,Mali,Gombe,Faladje,57,75,X,X:22393109-23393108,22393109,23393108,1000000,2000000,1.5,1000000,0.0001826401679703,0.0,0.0001826401679703,3779,913,False,True,With Nigeria_Gombe
With Nigeria,Nigeria_Gombe_vs_Mali_Faladje,NG_Gombe_vs_ML_Faladje,NG_Gombe vs ML_Faladje,Nigeria_Gombe,Mali_Faladje,Nigeria,Mali,Gombe,Faladje,57,75,X,X:23393109-24393108,23393109,24393108,0,1000000,0.5,1000000,0.0027305892274709,0.0,0.0027305892274709,7769,1995,False,False,With Nigeria_Gombe
With Nigeria,Nigeria_Gombe_vs_Mali_Faladje,NG_Gombe_vs_ML_Faladje,NG_Gombe vs ML_Faladje,Nigeria_Gombe,Mali_Faladje,Nigeria,Mali,Gombe,Faladje,57,75,X,X:2393109-3393108,2393109,3393108,21000000,22000000,21.5,1000000,0.0016824063251245,0.0017864011792154,-0.00010399485409090005,40663,12147,False,False,With Nigeria_Gombe
With Nigeria,Nigeria_Gombe_vs_Mali_Faladje,NG_Gombe_vs_ML_Faladje,NG_Gombe vs ML_Faladje,Nigeria_Gombe,Mali_Faladje,Nigeria,Mali,Gombe,Faladje,57,75,X,X:3393109-4393108,3393109,4393108,20000000,21000000,20.5,1000000,0.0009712418877747,0.0007225425405929,0.0002486993471817999,21945,6424,False,False,With Nigeria_Gombe
With Nigeria,Nigeria_Gombe_vs_Mali_Faladje,NG_Gombe_vs_ML_Faladje,NG_Gombe vs ML_Faladje,Nigeria_Gombe,Mali_Faladje,Nigeria,Mali,Gombe,Faladje,57,75,X,X:393109-1393108,393109,1393108,23000000,24000000,23.5,1000000,0.0007833865460258,0.0011305840199048,-0.000347197473879,54171,15310,False,False,With Nigeria_Gombe
With Nigeria,Nigeria_Gombe_vs_Mali_Faladje,NG_Gombe_vs_ML_Faladje,NG_Gombe vs ML_Faladje,Nigeria_Gombe,Mali_Faladje,Nigeria,Mali,Gombe,Faladje,57,75,X,X:4393109-5393108,4393109,5393108,19000000,20000000,19.5,1000000,0.0004983410458693,0.0010332794781061,-0.0005349384322368001,37899,11599,False,False,With Nigeria_Gombe
With Nigeria,Nigeria_Gombe_vs_Mali_Faladje,NG_Gombe_vs_ML_Faladje,NG_Gombe vs ML_Faladje,Nigeria_Gombe,Mali_Faladje,Nigeria,Mali,Gombe,Faladje,57,75,X,X:5393109-6393108,5393109,6393108,18000000,19000000,18.5,1000000,0.0,0.000448918730221,-0.000448918730221,37847,11395,False,False,With Nigeria_Gombe
With Nigeria,Nigeria_Gombe_vs_Mali_Faladje,NG_Gombe_vs_ML_Faladje,NG_Gombe vs ML_Faladje,Nigeria_Gombe,Mali_Faladje,Nigeria,Mali,Gombe,Faladje,57,75,X,X:6393109-7393108,6393109,7393108,17000000,18000000,17.5,1000000,0.0012747945345603,0.0010666101880496,0.00020818434651070005,37169,11501,False,False,With Nigeria_Gombe
With Nigeria,Nigeria_Gombe_vs_Mali_Faladje,NG_Gombe_vs_ML_Faladje,NG_Gombe vs ML_Faladje,Nigeria_Gombe,Mali_Faladje,Nigeria,Mali,Gombe,Faladje,57,75,X,X:7393109-8393108,7393109,8393108,16000000,17000000,16.5,1000000,0.0024526235717715,0.0019385431545775,0.0005140804171940001,49696,14991,False,False,With Nigeria_Gombe
With Nigeria,Nigeria_Gombe_vs_Mali_Faladje,NG_Gombe_vs_ML_Faladje,NG_Gombe vs ML_Faladje,Nigeria_Gombe,Mali_Faladje,Nigeria,Mali,Gombe,Faladje,57,75,X,X:8393109-9393108,8393109,9393108,15000000,16000000,15.5,1000000,0.0097447576246227,0.0079443460286777,0.001800411595945,23518,7345,False,False,With Nigeria_Gombe
With Nigeria,Nigeria_Gombe_vs_Mali_Faladje,NG_Gombe_vs_ML_Faladje,NG_Gombe vs ML_Faladje,Nigeria_Gombe,Mali_Faladje,Nigeria,Mali,Gombe,Faladje,57,75,X,X:9393109-10393108,9393109,10393108,14000000,15000000,14.5,1000000,0.0049456551140876,0.0020312121027106,0.0029144430113769997,44499,13600,False,False,With Nigeria_Gombe
Without Nigeria,BurkinaFaso_BanaVillage_vs_Guinea_Siguiri_Dankakoro,BF_BanaVil_vs_GN_Siguiri,BF_BanaVil vs GN_Siguiri,BurkinaFaso_BanaVillage,Guinea_Siguiri_Dankakoro,Burkina Faso,Guinea,Bana Village,Siguiri_Dankakoro,120,81,3R,3R:28200685-29200684,28200685,29200684,24000000,25000000,24.5,1000000,0.0016748395130472,0.0016848738085999,-1.0034295552700063e-05,40164,10912,False,False,Without Nigeria
Without Nigeria,BurkinaFaso_BanaVillage_vs_Guinea_Siguiri_Dankakoro,BF_BanaVil_vs_GN_Siguiri,BF_BanaVil vs GN_Siguiri,BurkinaFaso_BanaVillage,Guinea_Siguiri_Dankakoro,Burkina Faso,Guinea,Bana Village,Siguiri_Dankakoro,120,81,3R,3R:29200685-30200684,29200685,30200684,23000000,24000000,23.5,1000000,0.0002383507462243,0.0,0.0002383507462243,15604,4146,False,False,Without Nigeria
Without Nigeria,BurkinaFaso_BanaVillage_vs_Guinea_Siguiri_Dankakoro,BF_BanaVil_vs_GN_Siguiri,BF_BanaVil vs GN_Siguiri,BurkinaFaso_BanaVillage,Guinea_Siguiri_Dankakoro,Burkina Faso,Guinea,Bana Village,Siguiri_Dankakoro,120,81,3R,3R:30200685-31200684,30200685,31200684,22000000,23000000,22.5,1000000,0.000497089443349,0.0,0.000497089443349,41533,10926,False,False,Without Nigeria
Without Nigeria,BurkinaFaso_BanaVillage_vs_Guinea_Siguiri_Dankakoro,BF_BanaVil_vs_GN_Siguiri,BF_BanaVil vs GN_Siguiri,BurkinaFaso_BanaVillage,Guinea_Siguiri_Dankakoro,Burkina Faso,Guinea,Bana Village,Siguiri_Dankakoro,120,81,3R,3R:31200685-32200684,31200685,32200684,21000000,22000000,21.5,1000000,0.0,0.0,0.0,31667,8476,False,False,Without Nigeria
Without Nigeria,BurkinaFaso_BanaVillage_vs_Guinea_Siguiri_Dankakoro,BF_BanaVil_vs_GN_Siguiri,BF_BanaVil vs GN_Siguiri,BurkinaFaso_BanaVillage,Guinea_Siguiri_Dankakoro,Burkina Faso,Guinea,Bana Village,Siguiri_Dankakoro,120,81,3R,3R:32200685-33200684,32200685,33200684,20000000,21000000,20.5,1000000,0.0006531708798531,0.0011060632110469,-0.0004528923311938,8177,2090,False,False,Without Nigeria
Without Nigeria,BurkinaFaso_BanaVillage_vs_Guinea_Siguiri_Dankakoro,BF_BanaVil_vs_GN_Siguiri,BF_BanaVil vs GN_Siguiri,BurkinaFaso_BanaVillage,Guinea_Siguiri_Dankakoro,Burkina Faso,Guinea,Bana Village,Siguiri_Dankakoro,120,81,3R,3R:33200685-34200684,33200685,34200684,19000000,20000000,19.5,1000000,0.0,0.0,0.0,28262,7436,False,False,Without Nigeria
Without Nigeria,BurkinaFaso_BanaVillage_vs_Guinea_Siguiri_Dankakoro,BF_BanaVil_vs_GN_Siguiri,BF_BanaVil vs GN_Siguiri,BurkinaFaso_BanaVillage,Guinea_Siguiri_Dankakoro,Burkina Faso,Guinea,Bana Village,Siguiri_Dankakoro,120,81,3R,3R:34200685-35200684,34200685,35200684,18000000,19000000,18.5,1000000,0.0002515890568711,0.0,0.0002515890568711,31170,8453,False,False,Without Nigeria
Without Nigeria,BurkinaFaso_BanaVillage_vs_Guinea_Siguiri_Dankakoro,BF_BanaVil_vs_GN_Siguiri,BF_BanaVil vs GN_Siguiri,BurkinaFaso_BanaVillage,Guinea_Siguiri_Dankakoro,Burkina Faso,Guinea,Bana Village,Siguiri_Dankakoro,120,81,3R,3R:35200685-36200684,35200685,36200684,17000000,18000000,17.5,1000000,0.0008135474534167,0.0004253757712632,0.0003881716821535,55922,13893,False,False,Without Nigeria
Without Nigeria,BurkinaFaso_BanaVillage_vs_Guinea_Siguiri_Dankakoro,BF_BanaVil_vs_GN_Siguiri,BF_BanaVil vs GN_Siguiri,BurkinaFaso_BanaVillage,Guinea_Siguiri_Dankakoro,Burkina Faso,Guinea,Bana Village,Siguiri_Dankakoro,120,81,3R,3R:36200685-37200684,36200685,37200684,16000000,17000000,16.5,1000000,0.0006543595995997,9.205242572406476e-05,0.0005623071738756353,50124,12882,False,False,Without Nigeria
Without Nigeria,BurkinaFaso_BanaVillage_vs_Guinea_Siguiri_Dankakoro,BF_BanaVil_vs_GN_Siguiri,BF_BanaVil vs GN_Siguiri,BurkinaFaso_BanaVillage,Guinea_Siguiri_Dankakoro,Burkina Faso,Guinea,Bana Village,Siguiri_Dankakoro,120,81,3R,3R:37200685-38200684,37200685,38200684,15000000,16000000,15.5,1000000,0.0,0.0003367438615767,-0.0003367438615767,40318,10427,False,False,Without Nigeria
Without Nigeria,BurkinaFaso_BanaVillage_vs_Guinea_Siguiri_Dankakoro,BF_BanaVil_vs_GN_Siguiri,BF_BanaVil vs GN_Siguiri,BurkinaFaso_BanaVillage,Guinea_Siguiri_Dankakoro,Burkina Faso,Guinea,Bana Village,Siguiri_Dankakoro,120,81,3R,3R:38200685-39200684,38200685,39200684,14000000,15000000,14.5,1000000,0.0,0.0,0.0,15162,3935,False,False,Without Nigeria
Without Nigeria,BurkinaFaso_BanaVillage_vs_Guinea_Siguiri_Dankakoro,BF_BanaVil_vs_GN_Siguiri,BF_BanaVil vs GN_Siguiri,BurkinaFaso_BanaVillage,Guinea_Siguiri_Dankakoro,Burkina Faso,Guinea,Bana Village,Siguiri_Dankakoro,120,81,3R,3R:39200685-40200684,39200685,40200684,13000000,14000000,13.5,1000000,0.0054313245501015,0.0036285125475884,0.0018028120025131004,4046,929,False,True,Without Nigeria
Without Nigeria,BurkinaFaso_BanaVillage_vs_Guinea_Siguiri_Dankakoro,BF_BanaVil_vs_GN_Siguiri,BF_BanaVil vs GN_Siguiri,BurkinaFaso_BanaVillage,Guinea_Siguiri_Dankakoro,Burkina Faso,Guinea,Bana Village,Siguiri_Dankakoro,120,81,3R,3R:40200685-41200684,40200685,41200684,12000000,13000000,12.5,1000000,0.0,0.0,0.0,943,154,True,True,Without Nigeria
Without Nigeria,BurkinaFaso_BanaVillage_vs_Guinea_Siguiri_Dankakoro,BF_BanaVil_vs_GN_Siguiri,BF_BanaVil vs GN_Siguiri,BurkinaFaso_BanaVillage,Guinea_Siguiri_Dankakoro,Burkina Faso,Guinea,Bana Village,Siguiri_Dankakoro,120,81,3R,3R:41200685-42200684,41200685,42200684,11000000,12000000,11.5,1000000,0.0010578482183179,0.0005286045655293,0.0005292436527885999,25544,6292,False,False,Without Nigeria
Without Nigeria,BurkinaFaso_BanaVillage_vs_Guinea_Siguiri_Dankakoro,BF_BanaVil_vs_GN_Siguiri,BF_BanaVil vs GN_Siguiri,BurkinaFaso_BanaVillage,Guinea_Siguiri_Dankakoro,Burkina Faso,Guinea,Bana Village,Siguiri_Dankakoro,120,81,3R,3R:42200685-43200684,42200685,43200684,10000000,11000000,10.5,1000000,0.0,0.0006381544123626,-0.0006381544123626,20567,4926,False,False,Without Nigeria
Without Nigeria,BurkinaFaso_BanaVillage_vs_Guinea_Siguiri_Dankakoro,BF_BanaVil_vs_GN_Siguiri,BF_BanaVil vs GN_Siguiri,BurkinaFaso_BanaVillage,Guinea_Siguiri_Dankakoro,Burkina Faso,Guinea,Bana Village,Siguiri_Dankakoro,120,81,3R,3R:43200685-44200684,43200685,44200684,9000000,10000000,9.5,1000000,0.0004354868235955,0.0002100401559859,0.00022544666760960003,58548,15577,False,False,Without Nigeria
Without Nigeria,BurkinaFaso_BanaVillage_vs_Guinea_Siguiri_Dankakoro,BF_BanaVil_vs_GN_Siguiri,BF_BanaVil vs GN_Siguiri,BurkinaFaso_BanaVillage,Guinea_Siguiri_Dankakoro,Burkina Faso,Guinea,Bana Village,Siguiri_Dankakoro,120,81,3R,3R:44200685-45200684,44200685,45200684,8000000,9000000,8.5,1000000,0.0005010231092312,0.0004650246636588,3.5998445572400025e-05,29111,7524,False,False,Without Nigeria
Without Nigeria,BurkinaFaso_BanaVillage_vs_Guinea_Siguiri_Dankakoro,BF_BanaVil_vs_GN_Siguiri,BF_BanaVil vs GN_Siguiri,BurkinaFaso_BanaVillage,Guinea_Siguiri_Dankakoro,Burkina Faso,Guinea,Bana Village,Siguiri_Dankakoro,120,81,3R,3R:45200685-46200684,45200685,46200684,7000000,8000000,7.5,1000000,0.0012981841206191,0.0008167882470794,0.0004813958735397,32093,8172,False,False,Without Nigeria
Without Nigeria,BurkinaFaso_BanaVillage_vs_Guinea_Siguiri_Dankakoro,BF_BanaVil_vs_GN_Siguiri,BF_BanaVil vs GN_Siguiri,BurkinaFaso_BanaVillage,Guinea_Siguiri_Dankakoro,Burkina Faso,Guinea,Bana Village,Siguiri_Dankakoro,120,81,3R,3R:46200685-47200684,46200685,47200684,6000000,7000000,6.5,1000000,0.0,0.0,0.0,27275,6874,False,False,Without Nigeria
Without Nigeria,BurkinaFaso_BanaVillage_vs_Guinea_Siguiri_Dankakoro,BF_BanaVil_vs_GN_Siguiri,BF_BanaVil vs GN_Siguiri,BurkinaFaso_BanaVillage,Guinea_Siguiri_Dankakoro,Burkina Faso,Guinea,Bana Village,Siguiri_Dankakoro,120,81,3R,3R:47200685-48200684,47200685,48200684,5000000,6000000,5.5,1000000,0.0,0.0001172557938965,-0.0001172557938965,61531,15586,False,False,Without Nigeria
Without Nigeria,BurkinaFaso_BanaVillage_vs_Guinea_Siguiri_Dankakoro,BF_BanaVil_vs_GN_Siguiri,BF_BanaVil vs GN_Siguiri,BurkinaFaso_BanaVillage,Guinea_Siguiri_Dankakoro,Burkina Faso,Guinea,Bana Village,Siguiri_Dankakoro,120,81,3R,3R:48200685-49200684,48200685,49200684,4000000,5000000,4.5,1000000,0.0004332348338812,0.0,0.0004332348338812,46164,11478,False,False,Without Nigeria
Without Nigeria,BurkinaFaso_BanaVillage_vs_Guinea_Siguiri_Dankakoro,BF_BanaVil_vs_GN_Siguiri,BF_BanaVil vs GN_Siguiri,BurkinaFaso_BanaVillage,Guinea_Siguiri_Dankakoro,Burkina Faso,Guinea,Bana Village,Siguiri_Dankakoro,120,81,3R,3R:49200685-50200684,49200685,50200684,3000000,4000000,3.5,1000000,0.0,0.0004055002200681,-0.0004055002200681,43712,10742,False,False,Without Nigeria
Without Nigeria,BurkinaFaso_BanaVillage_vs_Guinea_Siguiri_Dankakoro,BF_BanaVil_vs_GN_Siguiri,BF_BanaVil vs GN_Siguiri,BurkinaFaso_BanaVillage,Guinea_Siguiri_Dankakoro,Burkina Faso,Guinea,Bana Village,Siguiri_Dankakoro,120,81,3R,3R:50200685-51200684,50200685,51200684,2000000,3000000,2.5,1000000,0.0,0.0,0.0,34569,8386,False,False,Without Nigeria
Without Nigeria,BurkinaFaso_BanaVillage_vs_Guinea_Siguiri_Dankakoro,BF_BanaVil_vs_GN_Siguiri,BF_BanaVil vs GN_Siguiri,BurkinaFaso_BanaVillage,Guinea_Siguiri_Dankakoro,Burkina Faso,Guinea,Bana Village,Siguiri_Dankakoro,120,81,3R,3R:51200685-52200684,51200685,52200684,1000000,2000000,1.5,1000000,0.0,0.0002315560136876,-0.0002315560136876,53535,13121,False,False,Without Nigeria
Without Nigeria,BurkinaFaso_BanaVillage_vs_Guinea_Siguiri_Dankakoro,BF_BanaVil_vs_GN_Siguiri,BF_BanaVil vs GN_Siguiri,BurkinaFaso_BanaVillage,Guinea_Siguiri_Dankakoro,Burkina Faso,Guinea,Bana Village,Siguiri_Dankakoro,120,81,3R,3R:52200685-53200684,52200685,53200684,0,1000000,0.5,1000000,0.0035548556123291,0.0099333044524616,-0.0063784488401325,11296,2594,False,False,Without Nigeria
Without Nigeria,BurkinaFaso_BanaVillage_vs_Guinea_Siguiri_Dankakoro,BF_BanaVil_vs_GN_Siguiri,BF_BanaVil vs GN_Siguiri,BurkinaFaso_BanaVillage,Guinea_Siguiri_Dankakoro,Burkina Faso,Guinea,Bana Village,Siguiri_Dankakoro,120,81,X,X:10393109-11393108,10393109,11393108,13000000,14000000,13.5,1000000,0.0006608036344542,0.0001773002038402,0.00048350343061399995,23410,7101,False,False,Without Nigeria
Without Nigeria,BurkinaFaso_BanaVillage_vs_Guinea_Siguiri_Dankakoro,BF_BanaVil_vs_GN_Siguiri,BF_BanaVil vs GN_Siguiri,BurkinaFaso_BanaVillage,Guinea_Siguiri_Dankakoro,Burkina Faso,Guinea,Bana Village,Siguiri_Dankakoro,120,81,X,X:11393109-12393108,11393109,12393108,12000000,13000000,12.5,1000000,0.0003233578101039,0.0004475525770572,-0.00012419476695330002,33914,9421,False,False,Without Nigeria
Without Nigeria,BurkinaFaso_BanaVillage_vs_Guinea_Siguiri_Dankakoro,BF_BanaVil_vs_GN_Siguiri,BF_BanaVil vs GN_Siguiri,BurkinaFaso_BanaVillage,Guinea_Siguiri_Dankakoro,Burkina Faso,Guinea,Bana Village,Siguiri_Dankakoro,120,81,X,X:12393109-13393108,12393109,13393108,11000000,12000000,11.5,1000000,0.0007575427310545,0.000351754640296,0.00040578809075849997,24701,7262,False,False,Without Nigeria
Without Nigeria,BurkinaFaso_BanaVillage_vs_Guinea_Siguiri_Dankakoro,BF_BanaVil_vs_GN_Siguiri,BF_BanaVil vs GN_Siguiri,BurkinaFaso_BanaVillage,Guinea_Siguiri_Dankakoro,Burkina Faso,Guinea,Bana Village,Siguiri_Dankakoro,120,81,X,X:13393109-14393108,13393109,14393108,10000000,11000000,10.5,1000000,0.0004764744014315,0.000635243546126,-0.00015876914469449994,34062,9597,False,False,Without Nigeria
Without Nigeria,BurkinaFaso_BanaVillage_vs_Guinea_Siguiri_Dankakoro,BF_BanaVil_vs_GN_Siguiri,BF_BanaVil vs GN_Siguiri,BurkinaFaso_BanaVillage,Guinea_Siguiri_Dankakoro,Burkina Faso,Guinea,Bana Village,Siguiri_Dankakoro,120,81,X,X:1393109-2393108,1393109,2393108,22000000,23000000,22.5,1000000,0.0,0.0,0.0,46192,13791,False,False,Without Nigeria
Without Nigeria,BurkinaFaso_BanaVillage_vs_Guinea_Siguiri_Dankakoro,BF_BanaVil_vs_GN_Siguiri,BF_BanaVil vs GN_Siguiri,BurkinaFaso_BanaVillage,Guinea_Siguiri_Dankakoro,Burkina Faso,Guinea,Bana Village,Siguiri_Dankakoro,120,81,X,X:14393109-15393108,14393109,15393108,9000000,10000000,9.5,1000000,0.0,0.0,0.0,24942,7287,False,False,Without Nigeria
Without Nigeria,BurkinaFaso_BanaVillage_vs_Guinea_Siguiri_Dankakoro,BF_BanaVil_vs_GN_Siguiri,BF_BanaVil vs GN_Siguiri,BurkinaFaso_BanaVillage,Guinea_Siguiri_Dankakoro,Burkina Faso,Guinea,Bana Village,Siguiri_Dankakoro,120,81,X,X:15393109-16393108,15393109,16393108,8000000,9000000,8.5,1000000,0.0018391363788068,0.0028584079238474,-0.0010192715450405999,29830,8592,False,False,Without Nigeria
Without Nigeria,BurkinaFaso_BanaVillage_vs_Guinea_Siguiri_Dankakoro,BF_BanaVil_vs_GN_Siguiri,BF_BanaVil vs GN_Siguiri,BurkinaFaso_BanaVillage,Guinea_Siguiri_Dankakoro,Burkina Faso,Guinea,Bana Village,Siguiri_Dankakoro,120,81,X,X:16393109-17393108,16393109,17393108,7000000,8000000,7.5,1000000,0.0,0.0011638199960371,-0.0011638199960371,33912,9644,False,False,Without Nigeria
Without Nigeria,BurkinaFaso_BanaVillage_vs_Guinea_Siguiri_Dankakoro,BF_BanaVil_vs_GN_Siguiri,BF_BanaVil vs GN_Siguiri,BurkinaFaso_BanaVillage,Guinea_Siguiri_Dankakoro,Burkina Faso,Guinea,Bana Village,Siguiri_Dankakoro,120,81,X,X:17393109-18393108,17393109,18393108,6000000,7000000,6.5,1000000,0.0021908933545374,0.0,0.0021908933545374,26828,7663,False,False,Without Nigeria
Without Nigeria,BurkinaFaso_BanaVillage_vs_Guinea_Siguiri_Dankakoro,BF_BanaVil_vs_GN_Siguiri,BF_BanaVil vs GN_Siguiri,BurkinaFaso_BanaVillage,Guinea_Siguiri_Dankakoro,Burkina Faso,Guinea,Bana Village,Siguiri_Dankakoro,120,81,X,X:18393109-19393108,18393109,19393108,5000000,6000000,5.5,1000000,0.0,0.0,0.0,30246,8599,False,False,Without Nigeria
Without Nigeria,BurkinaFaso_BanaVillage_vs_Guinea_Siguiri_Dankakoro,BF_BanaVil_vs_GN_Siguiri,BF_BanaVil vs GN_Siguiri,BurkinaFaso_BanaVillage,Guinea_Siguiri_Dankakoro,Burkina Faso,Guinea,Bana Village,Siguiri_Dankakoro,120,81,X,X:19393109-20393108,19393109,20393108,4000000,5000000,4.5,1000000,0.0026735037672811,0.0003494846526758,0.0023240191146053,26297,7559,False,False,Without Nigeria
Without Nigeria,BurkinaFaso_BanaVillage_vs_Guinea_Siguiri_Dankakoro,BF_BanaVil_vs_GN_Siguiri,BF_BanaVil vs GN_Siguiri,BurkinaFaso_BanaVillage,Guinea_Siguiri_Dankakoro,Burkina Faso,Guinea,Bana Village,Siguiri_Dankakoro,120,81,X,X:20393109-21393108,20393109,21393108,3000000,4000000,3.5,1000000,0.0013657617760542,0.0,0.0013657617760542,4346,1004,False,False,Without Nigeria
Without Nigeria,BurkinaFaso_BanaVillage_vs_Guinea_Siguiri_Dankakoro,BF_BanaVil_vs_GN_Siguiri,BF_BanaVil vs GN_Siguiri,BurkinaFaso_BanaVillage,Guinea_Siguiri_Dankakoro,Burkina Faso,Guinea,Bana Village,Siguiri_Dankakoro,120,81,X,X:21393109-22393108,21393109,22393108,2000000,3000000,2.5,1000000,0.0018841882038346,0.0020682717563895,-0.0001840835525549001,4241,1008,False,False,Without Nigeria
Without Nigeria,BurkinaFaso_BanaVillage_vs_Guinea_Siguiri_Dankakoro,BF_BanaVil_vs_GN_Siguiri,BF_BanaVil vs GN_Siguiri,BurkinaFaso_BanaVillage,Guinea_Siguiri_Dankakoro,Burkina Faso,Guinea,Bana Village,Siguiri_Dankakoro,120,81,X,X:22393109-23393108,22393109,23393108,1000000,2000000,1.5,1000000,0.0008962256632227,0.0,0.0008962256632227,3779,913,False,True,Without Nigeria
Without Nigeria,BurkinaFaso_BanaVillage_vs_Guinea_Siguiri_Dankakoro,BF_BanaVil_vs_GN_Siguiri,BF_BanaVil vs GN_Siguiri,BurkinaFaso_BanaVillage,Guinea_Siguiri_Dankakoro,Burkina Faso,Guinea,Bana Village,Siguiri_Dankakoro,120,81,X,X:23393109-24393108,23393109,24393108,0,1000000,0.5,1000000,0.0014017447343615,0.0,0.0014017447343615,7769,1995,False,False,Without Nigeria
Without Nigeria,BurkinaFaso_BanaVillage_vs_Guinea_Siguiri_Dankakoro,BF_BanaVil_vs_GN_Siguiri,BF_BanaVil vs GN_Siguiri,BurkinaFaso_BanaVillage,Guinea_Siguiri_Dankakoro,Burkina Faso,Guinea,Bana Village,Siguiri_Dankakoro,120,81,X,X:2393109-3393108,2393109,3393108,21000000,22000000,21.5,1000000,7.966192013253982e-05,0.0,7.966192013253982e-05,40663,12147,False,False,Without Nigeria
Without Nigeria,BurkinaFaso_BanaVillage_vs_Guinea_Siguiri_Dankakoro,BF_BanaVil_vs_GN_Siguiri,BF_BanaVil vs GN_Siguiri,BurkinaFaso_BanaVillage,Guinea_Siguiri_Dankakoro,Burkina Faso,Guinea,Bana Village,Siguiri_Dankakoro,120,81,X,X:3393109-4393108,3393109,4393108,20000000,21000000,20.5,1000000,0.0,0.0,0.0,21945,6424,False,False,Without Nigeria
Without Nigeria,BurkinaFaso_BanaVillage_vs_Guinea_Siguiri_Dankakoro,BF_BanaVil_vs_GN_Siguiri,BF_BanaVil vs GN_Siguiri,BurkinaFaso_BanaVillage,Guinea_Siguiri_Dankakoro,Burkina Faso,Guinea,Bana Village,Siguiri_Dankakoro,120,81,X,X:393109-1393108,393109,1393108,23000000,24000000,23.5,1000000,0.0,0.0,0.0,54171,15310,False,False,Without Nigeria
Without Nigeria,BurkinaFaso_BanaVillage_vs_Guinea_Siguiri_Dankakoro,BF_BanaVil_vs_GN_Siguiri,BF_BanaVil vs GN_Siguiri,BurkinaFaso_BanaVillage,Guinea_Siguiri_Dankakoro,Burkina Faso,Guinea,Bana Village,Siguiri_Dankakoro,120,81,X,X:4393109-5393108,4393109,5393108,19000000,20000000,19.5,1000000,0.0003838561618709,0.0,0.0003838561618709,37899,11599,False,False,Without Nigeria
Without Nigeria,BurkinaFaso_BanaVillage_vs_Guinea_Siguiri_Dankakoro,BF_BanaVil_vs_GN_Siguiri,BF_BanaVil vs GN_Siguiri,BurkinaFaso_BanaVillage,Guinea_Siguiri_Dankakoro,Burkina Faso,Guinea,Bana Village,Siguiri_Dankakoro,120,81,X,X:5393109-6393108,5393109,6393108,18000000,19000000,18.5,1000000,0.0,0.0,0.0,37847,11395,False,False,Without Nigeria
Without Nigeria,BurkinaFaso_BanaVillage_vs_Guinea_Siguiri_Dankakoro,BF_BanaVil_vs_GN_Siguiri,BF_BanaVil vs GN_Siguiri,BurkinaFaso_BanaVillage,Guinea_Siguiri_Dankakoro,Burkina Faso,Guinea,Bana Village,Siguiri_Dankakoro,120,81,X,X:6393109-7393108,6393109,7393108,17000000,18000000,17.5,1000000,0.0,0.0,0.0,37169,11501,False,False,Without Nigeria
Without Nigeria,BurkinaFaso_BanaVillage_vs_Guinea_Siguiri_Dankakoro,BF_BanaVil_vs_GN_Siguiri,BF_BanaVil vs GN_Siguiri,BurkinaFaso_BanaVillage,Guinea_Siguiri_Dankakoro,Burkina Faso,Guinea,Bana Village,Siguiri_Dankakoro,120,81,X,X:7393109-8393108,7393109,8393108,16000000,17000000,16.5,1000000,0.0,0.0003708515648588,-0.0003708515648588,49696,14991,False,False,Without Nigeria
Without Nigeria,BurkinaFaso_BanaVillage_vs_Guinea_Siguiri_Dankakoro,BF_BanaVil_vs_GN_Siguiri,BF_BanaVil vs GN_Siguiri,BurkinaFaso_BanaVillage,Guinea_Siguiri_Dankakoro,Burkina Faso,Guinea,Bana Village,Siguiri_Dankakoro,120,81,X,X:8393109-9393108,8393109,9393108,15000000,16000000,15.5,1000000,0.013081620214665,0.0081173738199912,0.004964246394673799,23518,7345,False,False,Without Nigeria
Without Nigeria,BurkinaFaso_BanaVillage_vs_Guinea_Siguiri_Dankakoro,BF_BanaVil_vs_GN_Siguiri,BF_BanaVil vs GN_Siguiri,BurkinaFaso_BanaVillage,Guinea_Siguiri_Dankakoro,Burkina Faso,Guinea,Bana Village,Siguiri_Dankakoro,120,81,X,X:9393109-10393108,9393109,10393108,14000000,15000000,14.5,1000000,0.0037440247833892,0.0022018980068147,0.0015421267765745,44499,13600,False,False,Without Nigeria
Without Nigeria,BurkinaFaso_BanaVillage_vs_Mali_Faladje,BF_BanaVil_vs_ML_Faladje,BF_BanaVil vs ML_Faladje,BurkinaFaso_BanaVillage,Mali_Faladje,Burkina Faso,Mali,Bana Village,Faladje,120,75,3R,3R:28200685-29200684,28200685,29200684,24000000,25000000,24.5,1000000,0.0,0.0001110535351978,-0.0001110535351978,40164,10912,False,False,Without Nigeria
Without Nigeria,BurkinaFaso_BanaVillage_vs_Mali_Faladje,BF_BanaVil_vs_ML_Faladje,BF_BanaVil vs ML_Faladje,BurkinaFaso_BanaVillage,Mali_Faladje,Burkina Faso,Mali,Bana Village,Faladje,120,75,3R,3R:29200685-30200684,29200685,30200684,23000000,24000000,23.5,1000000,0.0,0.0,0.0,15604,4146,False,False,Without Nigeria
Without Nigeria,BurkinaFaso_BanaVillage_vs_Mali_Faladje,BF_BanaVil_vs_ML_Faladje,BF_BanaVil vs ML_Faladje,BurkinaFaso_BanaVillage,Mali_Faladje,Burkina Faso,Mali,Bana Village,Faladje,120,75,3R,3R:30200685-31200684,30200685,31200684,22000000,23000000,22.5,1000000,0.0001104161944663,0.0,0.0001104161944663,41533,10926,False,False,Without Nigeria
Without Nigeria,BurkinaFaso_BanaVillage_vs_Mali_Faladje,BF_BanaVil_vs_ML_Faladje,BF_BanaVil vs ML_Faladje,BurkinaFaso_BanaVillage,Mali_Faladje,Burkina Faso,Mali,Bana Village,Faladje,120,75,3R,3R:31200685-32200684,31200685,32200684,21000000,22000000,21.5,1000000,0.0001872830727215,0.0,0.0001872830727215,31667,8476,False,False,Without Nigeria
Without Nigeria,BurkinaFaso_BanaVillage_vs_Mali_Faladje,BF_BanaVil_vs_ML_Faladje,BF_BanaVil vs ML_Faladje,BurkinaFaso_BanaVillage,Mali_Faladje,Burkina Faso,Mali,Bana Village,Faladje,120,75,3R,3R:32200685-33200684,32200685,33200684,20000000,21000000,20.5,1000000,0.0004169489982799,0.0011482561582479,-0.000731307159968,8177,2090,False,False,Without Nigeria
Without Nigeria,BurkinaFaso_BanaVillage_vs_Mali_Faladje,BF_BanaVil_vs_ML_Faladje,BF_BanaVil vs ML_Faladje,BurkinaFaso_BanaVillage,Mali_Faladje,Burkina Faso,Mali,Bana Village,Faladje,120,75,3R,3R:33200685-34200684,33200685,34200684,19000000,20000000,19.5,1000000,0.0001404194788944,0.0002935202442422,-0.0001531007653478,28262,7436,False,False,Without Nigeria
Without Nigeria,BurkinaFaso_BanaVillage_vs_Mali_Faladje,BF_BanaVil_vs_ML_Faladje,BF_BanaVil vs ML_Faladje,BurkinaFaso_BanaVillage,Mali_Faladje,Burkina Faso,Mali,Bana Village,Faladje,120,75,3R,3R:34200685-35200684,34200685,35200684,18000000,19000000,18.5,1000000,0.0008558343636373,0.0001553980893935,0.0007004362742438,31170,8453,False,False,Without Nigeria
Without Nigeria,BurkinaFaso_BanaVillage_vs_Mali_Faladje,BF_BanaVil_vs_ML_Faladje,BF_BanaVil vs ML_Faladje,BurkinaFaso_BanaVillage,Mali_Faladje,Burkina Faso,Mali,Bana Village,Faladje,120,75,3R,3R:35200685-36200684,35200685,36200684,17000000,18000000,17.5,1000000,0.0008872800352832,2.986698023094614e-05,0.0008574130550522539,55922,13893,False,False,Without Nigeria
Without Nigeria,BurkinaFaso_BanaVillage_vs_Mali_Faladje,BF_BanaVil_vs_ML_Faladje,BF_BanaVil vs ML_Faladje,BurkinaFaso_BanaVillage,Mali_Faladje,Burkina Faso,Mali,Bana Village,Faladje,120,75,3R,3R:36200685-37200684,36200685,37200684,16000000,17000000,16.5,1000000,3.242862968651179e-05,0.0001677200211747,-0.0001352913914881882,50124,12882,False,False,Without Nigeria
Without Nigeria,BurkinaFaso_BanaVillage_vs_Mali_Faladje,BF_BanaVil_vs_ML_Faladje,BF_BanaVil vs ML_Faladje,BurkinaFaso_BanaVillage,Mali_Faladje,Burkina Faso,Mali,Bana Village,Faladje,120,75,3R,3R:37200685-38200684,37200685,38200684,15000000,16000000,15.5,1000000,0.0,0.0,0.0,40318,10427,False,False,Without Nigeria
Without Nigeria,BurkinaFaso_BanaVillage_vs_Mali_Faladje,BF_BanaVil_vs_ML_Faladje,BF_BanaVil vs ML_Faladje,BurkinaFaso_BanaVillage,Mali_Faladje,Burkina Faso,Mali,Bana Village,Faladje,120,75,3R,3R:38200685-39200684,38200685,39200684,14000000,15000000,14.5,1000000,0.0,0.0,0.0,15162,3935,False,False,Without Nigeria
Without Nigeria,BurkinaFaso_BanaVillage_vs_Mali_Faladje,BF_BanaVil_vs_ML_Faladje,BF_BanaVil vs ML_Faladje,BurkinaFaso_BanaVillage,Mali_Faladje,Burkina Faso,Mali,Bana Village,Faladje,120,75,3R,3R:39200685-40200684,39200685,40200684,13000000,14000000,13.5,1000000,0.0002542812892158,0.0,0.0002542812892158,4046,929,False,True,Without Nigeria
Without Nigeria,BurkinaFaso_BanaVillage_vs_Mali_Faladje,BF_BanaVil_vs_ML_Faladje,BF_BanaVil vs ML_Faladje,BurkinaFaso_BanaVillage,Mali_Faladje,Burkina Faso,Mali,Bana Village,Faladje,120,75,3R,3R:40200685-41200684,40200685,41200684,12000000,13000000,12.5,1000000,0.0,0.0,0.0,943,154,True,True,Without Nigeria
Without Nigeria,BurkinaFaso_BanaVillage_vs_Mali_Faladje,BF_BanaVil_vs_ML_Faladje,BF_BanaVil vs ML_Faladje,BurkinaFaso_BanaVillage,Mali_Faladje,Burkina Faso,Mali,Bana Village,Faladje,120,75,3R,3R:41200685-42200684,41200685,42200684,11000000,12000000,11.5,1000000,0.0001202097074738,3.733477884340288e-05,8.287492863039711e-05,25544,6292,False,False,Without Nigeria
Without Nigeria,BurkinaFaso_BanaVillage_vs_Mali_Faladje,BF_BanaVil_vs_ML_Faladje,BF_BanaVil vs ML_Faladje,BurkinaFaso_BanaVillage,Mali_Faladje,Burkina Faso,Mali,Bana Village,Faladje,120,75,3R,3R:42200685-43200684,42200685,43200684,10000000,11000000,10.5,1000000,0.0,9.2817861032108e-05,-9.2817861032108e-05,20567,4926,False,False,Without Nigeria
Without Nigeria,BurkinaFaso_BanaVillage_vs_Mali_Faladje,BF_BanaVil_vs_ML_Faladje,BF_BanaVil vs ML_Faladje,BurkinaFaso_BanaVillage,Mali_Faladje,Burkina Faso,Mali,Bana Village,Faladje,120,75,3R,3R:43200685-44200684,43200685,44200684,9000000,10000000,9.5,1000000,0.0007418012160646,0.0003303188168994,0.0004114823991652,58548,15577,False,False,Without Nigeria
Without Nigeria,BurkinaFaso_BanaVillage_vs_Mali_Faladje,BF_BanaVil_vs_ML_Faladje,BF_BanaVil vs ML_Faladje,BurkinaFaso_BanaVillage,Mali_Faladje,Burkina Faso,Mali,Bana Village,Faladje,120,75,3R,3R:44200685-45200684,44200685,45200684,8000000,9000000,8.5,1000000,0.0,0.000220646297647,-0.000220646297647,29111,7524,False,False,Without Nigeria
Without Nigeria,BurkinaFaso_BanaVillage_vs_Mali_Faladje,BF_BanaVil_vs_ML_Faladje,BF_BanaVil vs ML_Faladje,BurkinaFaso_BanaVillage,Mali_Faladje,Burkina Faso,Mali,Bana Village,Faladje,120,75,3R,3R:45200685-46200684,45200685,46200684,7000000,8000000,7.5,1000000,0.0015412186937861,3.603897359602083e-06,0.001537614796426498,32093,8172,False,False,Without Nigeria
Without Nigeria,BurkinaFaso_BanaVillage_vs_Mali_Faladje,BF_BanaVil_vs_ML_Faladje,BF_BanaVil vs ML_Faladje,BurkinaFaso_BanaVillage,Mali_Faladje,Burkina Faso,Mali,Bana Village,Faladje,120,75,3R,3R:46200685-47200684,46200685,47200684,6000000,7000000,6.5,1000000,0.0007069429201109,0.0,0.0007069429201109,27275,6874,False,False,Without Nigeria
Without Nigeria,BurkinaFaso_BanaVillage_vs_Mali_Faladje,BF_BanaVil_vs_ML_Faladje,BF_BanaVil vs ML_Faladje,BurkinaFaso_BanaVillage,Mali_Faladje,Burkina Faso,Mali,Bana Village,Faladje,120,75,3R,3R:47200685-48200684,47200685,48200684,5000000,6000000,5.5,1000000,0.0,0.0,0.0,61531,15586,False,False,Without Nigeria
Without Nigeria,BurkinaFaso_BanaVillage_vs_Mali_Faladje,BF_BanaVil_vs_ML_Faladje,BF_BanaVil vs ML_Faladje,BurkinaFaso_BanaVillage,Mali_Faladje,Burkina Faso,Mali,Bana Village,Faladje,120,75,3R,3R:48200685-49200684,48200685,49200684,4000000,5000000,4.5,1000000,0.0,0.0,0.0,46164,11478,False,False,Without Nigeria
Without Nigeria,BurkinaFaso_BanaVillage_vs_Mali_Faladje,BF_BanaVil_vs_ML_Faladje,BF_BanaVil vs ML_Faladje,BurkinaFaso_BanaVillage,Mali_Faladje,Burkina Faso,Mali,Bana Village,Faladje,120,75,3R,3R:49200685-50200684,49200685,50200684,3000000,4000000,3.5,1000000,0.0012551691174269,0.0005041029129544,0.0007510662044725,43712,10742,False,False,Without Nigeria
Without Nigeria,BurkinaFaso_BanaVillage_vs_Mali_Faladje,BF_BanaVil_vs_ML_Faladje,BF_BanaVil vs ML_Faladje,BurkinaFaso_BanaVillage,Mali_Faladje,Burkina Faso,Mali,Bana Village,Faladje,120,75,3R,3R:50200685-51200684,50200685,51200684,2000000,3000000,2.5,1000000,0.0,0.0,0.0,34569,8386,False,False,Without Nigeria
Without Nigeria,BurkinaFaso_BanaVillage_vs_Mali_Faladje,BF_BanaVil_vs_ML_Faladje,BF_BanaVil vs ML_Faladje,BurkinaFaso_BanaVillage,Mali_Faladje,Burkina Faso,Mali,Bana Village,Faladje,120,75,3R,3R:51200685-52200684,51200685,52200684,1000000,2000000,1.5,1000000,0.0,0.000148907931492,-0.000148907931492,53535,13121,False,False,Without Nigeria
Without Nigeria,BurkinaFaso_BanaVillage_vs_Mali_Faladje,BF_BanaVil_vs_ML_Faladje,BF_BanaVil vs ML_Faladje,BurkinaFaso_BanaVillage,Mali_Faladje,Burkina Faso,Mali,Bana Village,Faladje,120,75,3R,3R:52200685-53200684,52200685,53200684,0,1000000,0.5,1000000,0.0,0.0,0.0,11296,2594,False,False,Without Nigeria
Without Nigeria,BurkinaFaso_BanaVillage_vs_Mali_Faladje,BF_BanaVil_vs_ML_Faladje,BF_BanaVil vs ML_Faladje,BurkinaFaso_BanaVillage,Mali_Faladje,Burkina Faso,Mali,Bana Village,Faladje,120,75,X,X:10393109-11393108,10393109,11393108,13000000,14000000,13.5,1000000,0.0001360396429827,0.0002513598070699,-0.00011532016408719999,23410,7101,False,False,Without Nigeria
Without Nigeria,BurkinaFaso_BanaVillage_vs_Mali_Faladje,BF_BanaVil_vs_ML_Faladje,BF_BanaVil vs ML_Faladje,BurkinaFaso_BanaVillage,Mali_Faladje,Burkina Faso,Mali,Bana Village,Faladje,120,75,X,X:11393109-12393108,11393109,12393108,12000000,13000000,12.5,1000000,0.0013456897827931,0.0004101575047791,0.000935532278014,33914,9421,False,False,Without Nigeria
Without Nigeria,BurkinaFaso_BanaVillage_vs_Mali_Faladje,BF_BanaVil_vs_ML_Faladje,BF_BanaVil vs ML_Faladje,BurkinaFaso_BanaVillage,Mali_Faladje,Burkina Faso,Mali,Bana Village,Faladje,120,75,X,X:12393109-13393108,12393109,13393108,11000000,12000000,11.5,1000000,0.0,0.0,0.0,24701,7262,False,False,Without Nigeria
Without Nigeria,BurkinaFaso_BanaVillage_vs_Mali_Faladje,BF_BanaVil_vs_ML_Faladje,BF_BanaVil vs ML_Faladje,BurkinaFaso_BanaVillage,Mali_Faladje,Burkina Faso,Mali,Bana Village,Faladje,120,75,X,X:13393109-14393108,13393109,14393108,10000000,11000000,10.5,1000000,0.0012412394901184,8.962080812027449e-05,0.0011516186819981254,34062,9597,False,False,Without Nigeria
Without Nigeria,BurkinaFaso_BanaVillage_vs_Mali_Faladje,BF_BanaVil_vs_ML_Faladje,BF_BanaVil vs ML_Faladje,BurkinaFaso_BanaVillage,Mali_Faladje,Burkina Faso,Mali,Bana Village,Faladje,120,75,X,X:1393109-2393108,1393109,2393108,22000000,23000000,22.5,1000000,0.0,2.9344009751872963e-05,-2.9344009751872963e-05,46192,13791,False,False,Without Nigeria
Without Nigeria,BurkinaFaso_BanaVillage_vs_Mali_Faladje,BF_BanaVil_vs_ML_Faladje,BF_BanaVil vs ML_Faladje,BurkinaFaso_BanaVillage,Mali_Faladje,Burkina Faso,Mali,Bana Village,Faladje,120,75,X,X:14393109-15393108,14393109,15393108,9000000,10000000,9.5,1000000,0.0011275067985588,0.0013104743820207,-0.00018296758346190013,24942,7287,False,False,Without Nigeria
Without Nigeria,BurkinaFaso_BanaVillage_vs_Mali_Faladje,BF_BanaVil_vs_ML_Faladje,BF_BanaVil vs ML_Faladje,BurkinaFaso_BanaVillage,Mali_Faladje,Burkina Faso,Mali,Bana Village,Faladje,120,75,X,X:15393109-16393108,15393109,16393108,8000000,9000000,8.5,1000000,0.0018658469464928,0.0019271292614401,-6.128231494729997e-05,29830,8592,False,False,Without Nigeria
Without Nigeria,BurkinaFaso_BanaVillage_vs_Mali_Faladje,BF_BanaVil_vs_ML_Faladje,BF_BanaVil vs ML_Faladje,BurkinaFaso_BanaVillage,Mali_Faladje,Burkina Faso,Mali,Bana Village,Faladje,120,75,X,X:16393109-17393108,16393109,17393108,7000000,8000000,7.5,1000000,0.0003023056542377,0.0012798515698825,-0.0009775459156448,33912,9644,False,False,Without Nigeria
Without Nigeria,BurkinaFaso_BanaVillage_vs_Mali_Faladje,BF_BanaVil_vs_ML_Faladje,BF_BanaVil vs ML_Faladje,BurkinaFaso_BanaVillage,Mali_Faladje,Burkina Faso,Mali,Bana Village,Faladje,120,75,X,X:17393109-18393108,17393109,18393108,6000000,7000000,6.5,1000000,0.0014368254990421,0.0005129310645462,0.0009238944344959001,26828,7663,False,False,Without Nigeria
Without Nigeria,BurkinaFaso_BanaVillage_vs_Mali_Faladje,BF_BanaVil_vs_ML_Faladje,BF_BanaVil vs ML_Faladje,BurkinaFaso_BanaVillage,Mali_Faladje,Burkina Faso,Mali,Bana Village,Faladje,120,75,X,X:18393109-19393108,18393109,19393108,5000000,6000000,5.5,1000000,0.0001407002871034,0.0,0.0001407002871034,30246,8599,False,False,Without Nigeria
Without Nigeria,BurkinaFaso_BanaVillage_vs_Mali_Faladje,BF_BanaVil_vs_ML_Faladje,BF_BanaVil vs ML_Faladje,BurkinaFaso_BanaVillage,Mali_Faladje,Burkina Faso,Mali,Bana Village,Faladje,120,75,X,X:19393109-20393108,19393109,20393108,4000000,5000000,4.5,1000000,0.000250215632285,0.0,0.000250215632285,26297,7559,False,False,Without Nigeria
Without Nigeria,BurkinaFaso_BanaVillage_vs_Mali_Faladje,BF_BanaVil_vs_ML_Faladje,BF_BanaVil vs ML_Faladje,BurkinaFaso_BanaVillage,Mali_Faladje,Burkina Faso,Mali,Bana Village,Faladje,120,75,X,X:20393109-21393108,20393109,21393108,3000000,4000000,3.5,1000000,0.0,0.0,0.0,4346,1004,False,False,Without Nigeria
Without Nigeria,BurkinaFaso_BanaVillage_vs_Mali_Faladje,BF_BanaVil_vs_ML_Faladje,BF_BanaVil vs ML_Faladje,BurkinaFaso_BanaVillage,Mali_Faladje,Burkina Faso,Mali,Bana Village,Faladje,120,75,X,X:21393109-22393108,21393109,22393108,2000000,3000000,2.5,1000000,0.0029094701775721,0.0007408373723515,0.0021686328052206,4241,1008,False,False,Without Nigeria
Without Nigeria,BurkinaFaso_BanaVillage_vs_Mali_Faladje,BF_BanaVil_vs_ML_Faladje,BF_BanaVil vs ML_Faladje,BurkinaFaso_BanaVillage,Mali_Faladje,Burkina Faso,Mali,Bana Village,Faladje,120,75,X,X:22393109-23393108,22393109,23393108,1000000,2000000,1.5,1000000,0.0001864740145412,0.0,0.0001864740145412,3779,913,False,True,Without Nigeria
Without Nigeria,BurkinaFaso_BanaVillage_vs_Mali_Faladje,BF_BanaVil_vs_ML_Faladje,BF_BanaVil vs ML_Faladje,BurkinaFaso_BanaVillage,Mali_Faladje,Burkina Faso,Mali,Bana Village,Faladje,120,75,X,X:23393109-24393108,23393109,24393108,0,1000000,0.5,1000000,0.0004875210444696,0.0,0.0004875210444696,7769,1995,False,False,Without Nigeria
Without Nigeria,BurkinaFaso_BanaVillage_vs_Mali_Faladje,BF_BanaVil_vs_ML_Faladje,BF_BanaVil vs ML_Faladje,BurkinaFaso_BanaVillage,Mali_Faladje,Burkina Faso,Mali,Bana Village,Faladje,120,75,X,X:2393109-3393108,2393109,3393108,21000000,22000000,21.5,1000000,0.0,0.0,0.0,40663,12147,False,False,Without Nigeria
Without Nigeria,BurkinaFaso_BanaVillage_vs_Mali_Faladje,BF_BanaVil_vs_ML_Faladje,BF_BanaVil vs ML_Faladje,BurkinaFaso_BanaVillage,Mali_Faladje,Burkina Faso,Mali,Bana Village,Faladje,120,75,X,X:3393109-4393108,3393109,4393108,20000000,21000000,20.5,1000000,0.0,0.0005261310362862,-0.0005261310362862,21945,6424,False,False,Without Nigeria
Without Nigeria,BurkinaFaso_BanaVillage_vs_Mali_Faladje,BF_BanaVil_vs_ML_Faladje,BF_BanaVil vs ML_Faladje,BurkinaFaso_BanaVillage,Mali_Faladje,Burkina Faso,Mali,Bana Village,Faladje,120,75,X,X:393109-1393108,393109,1393108,23000000,24000000,23.5,1000000,0.0003665082102505,0.0,0.0003665082102505,54171,15310,False,False,Without Nigeria
Without Nigeria,BurkinaFaso_BanaVillage_vs_Mali_Faladje,BF_BanaVil_vs_ML_Faladje,BF_BanaVil vs ML_Faladje,BurkinaFaso_BanaVillage,Mali_Faladje,Burkina Faso,Mali,Bana Village,Faladje,120,75,X,X:4393109-5393108,4393109,5393108,19000000,20000000,19.5,1000000,0.0002521320375706,0.0,0.0002521320375706,37899,11599,False,False,Without Nigeria
Without Nigeria,BurkinaFaso_BanaVillage_vs_Mali_Faladje,BF_BanaVil_vs_ML_Faladje,BF_BanaVil vs ML_Faladje,BurkinaFaso_BanaVillage,Mali_Faladje,Burkina Faso,Mali,Bana Village,Faladje,120,75,X,X:5393109-6393108,5393109,6393108,18000000,19000000,18.5,1000000,0.0,0.0,0.0,37847,11395,False,False,Without Nigeria
Without Nigeria,BurkinaFaso_BanaVillage_vs_Mali_Faladje,BF_BanaVil_vs_ML_Faladje,BF_BanaVil vs ML_Faladje,BurkinaFaso_BanaVillage,Mali_Faladje,Burkina Faso,Mali,Bana Village,Faladje,120,75,X,X:6393109-7393108,6393109,7393108,17000000,18000000,17.5,1000000,0.000695776892193,0.0,0.000695776892193,37169,11501,False,False,Without Nigeria
Without Nigeria,BurkinaFaso_BanaVillage_vs_Mali_Faladje,BF_BanaVil_vs_ML_Faladje,BF_BanaVil vs ML_Faladje,BurkinaFaso_BanaVillage,Mali_Faladje,Burkina Faso,Mali,Bana Village,Faladje,120,75,X,X:7393109-8393108,7393109,8393108,16000000,17000000,16.5,1000000,9.194190480236813e-05,0.0,9.194190480236813e-05,49696,14991,False,False,Without Nigeria
Without Nigeria,BurkinaFaso_BanaVillage_vs_Mali_Faladje,BF_BanaVil_vs_ML_Faladje,BF_BanaVil vs ML_Faladje,BurkinaFaso_BanaVillage,Mali_Faladje,Burkina Faso,Mali,Bana Village,Faladje,120,75,X,X:8393109-9393108,8393109,9393108,15000000,16000000,15.5,1000000,0.0111048736965144,0.0070122058105339,0.004092667885980499,23518,7345,False,False,Without Nigeria
Without Nigeria,BurkinaFaso_BanaVillage_vs_Mali_Faladje,BF_BanaVil_vs_ML_Faladje,BF_BanaVil vs ML_Faladje,BurkinaFaso_BanaVillage,Mali_Faladje,Burkina Faso,Mali,Bana Village,Faladje,120,75,X,X:9393109-10393108,9393109,10393108,14000000,15000000,14.5,1000000,0.0026682838411997,0.001509182404376,0.0011591014368237,44499,13600,False,False,Without Nigeria
Without Nigeria,Guinea_Siguiri_Dankakoro_vs_Mali_Faladje,GN_Siguiri_vs_ML_Faladje,GN_Siguiri vs ML_Faladje,Guinea_Siguiri_Dankakoro,Mali_Faladje,Guinea,Mali,Siguiri_Dankakoro,Faladje,81,75,3R,3R:28200685-29200684,28200685,29200684,24000000,25000000,24.5,1000000,0.0,0.0,0.0,40164,10912,False,False,Without Nigeria
Without Nigeria,Guinea_Siguiri_Dankakoro_vs_Mali_Faladje,GN_Siguiri_vs_ML_Faladje,GN_Siguiri vs ML_Faladje,Guinea_Siguiri_Dankakoro,Mali_Faladje,Guinea,Mali,Siguiri_Dankakoro,Faladje,81,75,3R,3R:29200685-30200684,29200685,30200684,23000000,24000000,23.5,1000000,1.960342752065685e-06,0.0,1.960342752065685e-06,15604,4146,False,False,Without Nigeria
Without Nigeria,Guinea_Siguiri_Dankakoro_vs_Mali_Faladje,GN_Siguiri_vs_ML_Faladje,GN_Siguiri vs ML_Faladje,Guinea_Siguiri_Dankakoro,Mali_Faladje,Guinea,Mali,Siguiri_Dankakoro,Faladje,81,75,3R,3R:30200685-31200684,30200685,31200684,22000000,23000000,22.5,1000000,0.0,0.0,0.0,41533,10926,False,False,Without Nigeria
Without Nigeria,Guinea_Siguiri_Dankakoro_vs_Mali_Faladje,GN_Siguiri_vs_ML_Faladje,GN_Siguiri vs ML_Faladje,Guinea_Siguiri_Dankakoro,Mali_Faladje,Guinea,Mali,Siguiri_Dankakoro,Faladje,81,75,3R,3R:31200685-32200684,31200685,32200684,21000000,22000000,21.5,1000000,0.0001704608776308,0.0,0.0001704608776308,31667,8476,False,False,Without Nigeria
Without Nigeria,Guinea_Siguiri_Dankakoro_vs_Mali_Faladje,GN_Siguiri_vs_ML_Faladje,GN_Siguiri vs ML_Faladje,Guinea_Siguiri_Dankakoro,Mali_Faladje,Guinea,Mali,Siguiri_Dankakoro,Faladje,81,75,3R,3R:32200685-33200684,32200685,33200684,20000000,21000000,20.5,1000000,0.0011301128755299,0.0009548451935008,0.00017526768202910008,8177,2090,False,False,Without Nigeria
Without Nigeria,Guinea_Siguiri_Dankakoro_vs_Mali_Faladje,GN_Siguiri_vs_ML_Faladje,GN_Siguiri vs ML_Faladje,Guinea_Siguiri_Dankakoro,Mali_Faladje,Guinea,Mali,Siguiri_Dankakoro,Faladje,81,75,3R,3R:33200685-34200684,33200685,34200684,19000000,20000000,19.5,1000000,0.0,9.27364372976356e-05,-9.27364372976356e-05,28262,7436,False,False,Without Nigeria
Without Nigeria,Guinea_Siguiri_Dankakoro_vs_Mali_Faladje,GN_Siguiri_vs_ML_Faladje,GN_Siguiri vs ML_Faladje,Guinea_Siguiri_Dankakoro,Mali_Faladje,Guinea,Mali,Siguiri_Dankakoro,Faladje,81,75,3R,3R:34200685-35200684,34200685,35200684,18000000,19000000,18.5,1000000,0.0015257520120015,0.0004009387594636,0.0011248132525379,31170,8453,False,False,Without Nigeria
Without Nigeria,Guinea_Siguiri_Dankakoro_vs_Mali_Faladje,GN_Siguiri_vs_ML_Faladje,GN_Siguiri vs ML_Faladje,Guinea_Siguiri_Dankakoro,Mali_Faladje,Guinea,Mali,Siguiri_Dankakoro,Faladje,81,75,3R,3R:35200685-36200684,35200685,36200684,17000000,18000000,17.5,1000000,0.0005027055351802,0.0,0.0005027055351802,55922,13893,False,False,Without Nigeria
Without Nigeria,Guinea_Siguiri_Dankakoro_vs_Mali_Faladje,GN_Siguiri_vs_ML_Faladje,GN_Siguiri vs ML_Faladje,Guinea_Siguiri_Dankakoro,Mali_Faladje,Guinea,Mali,Siguiri_Dankakoro,Faladje,81,75,3R,3R:36200685-37200684,36200685,37200684,16000000,17000000,16.5,1000000,0.0,0.0003342804142115,-0.0003342804142115,50124,12882,False,False,Without Nigeria
Without Nigeria,Guinea_Siguiri_Dankakoro_vs_Mali_Faladje,GN_Siguiri_vs_ML_Faladje,GN_Siguiri vs ML_Faladje,Guinea_Siguiri_Dankakoro,Mali_Faladje,Guinea,Mali,Siguiri_Dankakoro,Faladje,81,75,3R,3R:37200685-38200684,37200685,38200684,15000000,16000000,15.5,1000000,0.0,0.0,0.0,40318,10427,False,False,Without Nigeria
Without Nigeria,Guinea_Siguiri_Dankakoro_vs_Mali_Faladje,GN_Siguiri_vs_ML_Faladje,GN_Siguiri vs ML_Faladje,Guinea_Siguiri_Dankakoro,Mali_Faladje,Guinea,Mali,Siguiri_Dankakoro,Faladje,81,75,3R,3R:38200685-39200684,38200685,39200684,14000000,15000000,14.5,1000000,0.0,9.134633755786316e-05,-9.134633755786316e-05,15162,3935,False,False,Without Nigeria
Without Nigeria,Guinea_Siguiri_Dankakoro_vs_Mali_Faladje,GN_Siguiri_vs_ML_Faladje,GN_Siguiri vs ML_Faladje,Guinea_Siguiri_Dankakoro,Mali_Faladje,Guinea,Mali,Siguiri_Dankakoro,Faladje,81,75,3R,3R:39200685-40200684,39200685,40200684,13000000,14000000,13.5,1000000,0.0015388383340695,0.0010478917359261,0.0004909465981434,4046,929,False,True,Without Nigeria
Without Nigeria,Guinea_Siguiri_Dankakoro_vs_Mali_Faladje,GN_Siguiri_vs_ML_Faladje,GN_Siguiri vs ML_Faladje,Guinea_Siguiri_Dankakoro,Mali_Faladje,Guinea,Mali,Siguiri_Dankakoro,Faladje,81,75,3R,3R:40200685-41200684,40200685,41200684,12000000,13000000,12.5,1000000,0.0,0.0,0.0,943,154,True,True,Without Nigeria
Without Nigeria,Guinea_Siguiri_Dankakoro_vs_Mali_Faladje,GN_Siguiri_vs_ML_Faladje,GN_Siguiri vs ML_Faladje,Guinea_Siguiri_Dankakoro,Mali_Faladje,Guinea,Mali,Siguiri_Dankakoro,Faladje,81,75,3R,3R:41200685-42200684,41200685,42200684,11000000,12000000,11.5,1000000,0.0006782773626841,0.0006787445103755,-4.6714769139999737e-07,25544,6292,False,False,Without Nigeria
Without Nigeria,Guinea_Siguiri_Dankakoro_vs_Mali_Faladje,GN_Siguiri_vs_ML_Faladje,GN_Siguiri vs ML_Faladje,Guinea_Siguiri_Dankakoro,Mali_Faladje,Guinea,Mali,Siguiri_Dankakoro,Faladje,81,75,3R,3R:42200685-43200684,42200685,43200684,10000000,11000000,10.5,1000000,0.0,0.0,0.0,20567,4926,False,False,Without Nigeria
Without Nigeria,Guinea_Siguiri_Dankakoro_vs_Mali_Faladje,GN_Siguiri_vs_ML_Faladje,GN_Siguiri vs ML_Faladje,Guinea_Siguiri_Dankakoro,Mali_Faladje,Guinea,Mali,Siguiri_Dankakoro,Faladje,81,75,3R,3R:43200685-44200684,43200685,44200684,9000000,10000000,9.5,1000000,0.0,0.0,0.0,58548,15577,False,False,Without Nigeria
Without Nigeria,Guinea_Siguiri_Dankakoro_vs_Mali_Faladje,GN_Siguiri_vs_ML_Faladje,GN_Siguiri vs ML_Faladje,Guinea_Siguiri_Dankakoro,Mali_Faladje,Guinea,Mali,Siguiri_Dankakoro,Faladje,81,75,3R,3R:44200685-45200684,44200685,45200684,8000000,9000000,8.5,1000000,0.0003821440249299,0.0,0.0003821440249299,29111,7524,False,False,Without Nigeria
Without Nigeria,Guinea_Siguiri_Dankakoro_vs_Mali_Faladje,GN_Siguiri_vs_ML_Faladje,GN_Siguiri vs ML_Faladje,Guinea_Siguiri_Dankakoro,Mali_Faladje,Guinea,Mali,Siguiri_Dankakoro,Faladje,81,75,3R,3R:45200685-46200684,45200685,46200684,7000000,8000000,7.5,1000000,0.0003410096136459,0.000340491978982,5.176346639000021e-07,32093,8172,False,False,Without Nigeria
Without Nigeria,Guinea_Siguiri_Dankakoro_vs_Mali_Faladje,GN_Siguiri_vs_ML_Faladje,GN_Siguiri vs ML_Faladje,Guinea_Siguiri_Dankakoro,Mali_Faladje,Guinea,Mali,Siguiri_Dankakoro,Faladje,81,75,3R,3R:46200685-47200684,46200685,47200684,6000000,7000000,6.5,1000000,0.0004605968096854,0.0,0.0004605968096854,27275,6874,False,False,Without Nigeria
Without Nigeria,Guinea_Siguiri_Dankakoro_vs_Mali_Faladje,GN_Siguiri_vs_ML_Faladje,GN_Siguiri vs ML_Faladje,Guinea_Siguiri_Dankakoro,Mali_Faladje,Guinea,Mali,Siguiri_Dankakoro,Faladje,81,75,3R,3R:47200685-48200684,47200685,48200684,5000000,6000000,5.5,1000000,0.0,0.0006166801183076,-0.0006166801183076,61531,15586,False,False,Without Nigeria
Without Nigeria,Guinea_Siguiri_Dankakoro_vs_Mali_Faladje,GN_Siguiri_vs_ML_Faladje,GN_Siguiri vs ML_Faladje,Guinea_Siguiri_Dankakoro,Mali_Faladje,Guinea,Mali,Siguiri_Dankakoro,Faladje,81,75,3R,3R:48200685-49200684,48200685,49200684,4000000,5000000,4.5,1000000,0.0,0.0,0.0,46164,11478,False,False,Without Nigeria
Without Nigeria,Guinea_Siguiri_Dankakoro_vs_Mali_Faladje,GN_Siguiri_vs_ML_Faladje,GN_Siguiri vs ML_Faladje,Guinea_Siguiri_Dankakoro,Mali_Faladje,Guinea,Mali,Siguiri_Dankakoro,Faladje,81,75,3R,3R:49200685-50200684,49200685,50200684,3000000,4000000,3.5,1000000,0.0005012480529087,0.0008526104019142,-0.0003513623490055,43712,10742,False,False,Without Nigeria
Without Nigeria,Guinea_Siguiri_Dankakoro_vs_Mali_Faladje,GN_Siguiri_vs_ML_Faladje,GN_Siguiri vs ML_Faladje,Guinea_Siguiri_Dankakoro,Mali_Faladje,Guinea,Mali,Siguiri_Dankakoro,Faladje,81,75,3R,3R:50200685-51200684,50200685,51200684,2000000,3000000,2.5,1000000,0.0,0.0,0.0,34569,8386,False,False,Without Nigeria
Without Nigeria,Guinea_Siguiri_Dankakoro_vs_Mali_Faladje,GN_Siguiri_vs_ML_Faladje,GN_Siguiri vs ML_Faladje,Guinea_Siguiri_Dankakoro,Mali_Faladje,Guinea,Mali,Siguiri_Dankakoro,Faladje,81,75,3R,3R:51200685-52200684,51200685,52200684,1000000,2000000,1.5,1000000,0.0004273679875018,0.001007736960455,-0.0005803689729531999,53535,13121,False,False,Without Nigeria
Without Nigeria,Guinea_Siguiri_Dankakoro_vs_Mali_Faladje,GN_Siguiri_vs_ML_Faladje,GN_Siguiri vs ML_Faladje,Guinea_Siguiri_Dankakoro,Mali_Faladje,Guinea,Mali,Siguiri_Dankakoro,Faladje,81,75,3R,3R:52200685-53200684,52200685,53200684,0,1000000,0.5,1000000,0.0004851863327977,0.0067977623313239,-0.0063125759985262,11296,2594,False,False,Without Nigeria
Without Nigeria,Guinea_Siguiri_Dankakoro_vs_Mali_Faladje,GN_Siguiri_vs_ML_Faladje,GN_Siguiri vs ML_Faladje,Guinea_Siguiri_Dankakoro,Mali_Faladje,Guinea,Mali,Siguiri_Dankakoro,Faladje,81,75,X,X:10393109-11393108,10393109,11393108,13000000,14000000,13.5,1000000,0.0,0.0,0.0,23410,7101,False,False,Without Nigeria
Without Nigeria,Guinea_Siguiri_Dankakoro_vs_Mali_Faladje,GN_Siguiri_vs_ML_Faladje,GN_Siguiri vs ML_Faladje,Guinea_Siguiri_Dankakoro,Mali_Faladje,Guinea,Mali,Siguiri_Dankakoro,Faladje,81,75,X,X:11393109-12393108,11393109,12393108,12000000,13000000,12.5,1000000,0.0011774268255417,0.0004995306609782,0.0006778961645635,33914,9421,False,False,Without Nigeria
Without Nigeria,Guinea_Siguiri_Dankakoro_vs_Mali_Faladje,GN_Siguiri_vs_ML_Faladje,GN_Siguiri vs ML_Faladje,Guinea_Siguiri_Dankakoro,Mali_Faladje,Guinea,Mali,Siguiri_Dankakoro,Faladje,81,75,X,X:12393109-13393108,12393109,13393108,11000000,12000000,11.5,1000000,0.0016831620275673,0.0009341228770037,0.0007490391505636,24701,7262,False,False,Without Nigeria
Without Nigeria,Guinea_Siguiri_Dankakoro_vs_Mali_Faladje,GN_Siguiri_vs_ML_Faladje,GN_Siguiri vs ML_Faladje,Guinea_Siguiri_Dankakoro,Mali_Faladje,Guinea,Mali,Siguiri_Dankakoro,Faladje,81,75,X,X:13393109-14393108,13393109,14393108,10000000,11000000,10.5,1000000,0.0,0.0003101906285395,-0.0003101906285395,34062,9597,False,False,Without Nigeria
Without Nigeria,Guinea_Siguiri_Dankakoro_vs_Mali_Faladje,GN_Siguiri_vs_ML_Faladje,GN_Siguiri vs ML_Faladje,Guinea_Siguiri_Dankakoro,Mali_Faladje,Guinea,Mali,Siguiri_Dankakoro,Faladje,81,75,X,X:1393109-2393108,1393109,2393108,22000000,23000000,22.5,1000000,0.0,0.0005696879816307,-0.0005696879816307,46192,13791,False,False,Without Nigeria
Without Nigeria,Guinea_Siguiri_Dankakoro_vs_Mali_Faladje,GN_Siguiri_vs_ML_Faladje,GN_Siguiri vs ML_Faladje,Guinea_Siguiri_Dankakoro,Mali_Faladje,Guinea,Mali,Siguiri_Dankakoro,Faladje,81,75,X,X:14393109-15393108,14393109,15393108,9000000,10000000,9.5,1000000,0.0002229787968081,0.0,0.0002229787968081,24942,7287,False,False,Without Nigeria
Without Nigeria,Guinea_Siguiri_Dankakoro_vs_Mali_Faladje,GN_Siguiri_vs_ML_Faladje,GN_Siguiri vs ML_Faladje,Guinea_Siguiri_Dankakoro,Mali_Faladje,Guinea,Mali,Siguiri_Dankakoro,Faladje,81,75,X,X:15393109-16393108,15393109,16393108,8000000,9000000,8.5,1000000,0.0,0.0,0.0,29830,8592,False,False,Without Nigeria
Without Nigeria,Guinea_Siguiri_Dankakoro_vs_Mali_Faladje,GN_Siguiri_vs_ML_Faladje,GN_Siguiri vs ML_Faladje,Guinea_Siguiri_Dankakoro,Mali_Faladje,Guinea,Mali,Siguiri_Dankakoro,Faladje,81,75,X,X:16393109-17393108,16393109,17393108,7000000,8000000,7.5,1000000,0.0,0.0,0.0,33912,9644,False,False,Without Nigeria
Without Nigeria,Guinea_Siguiri_Dankakoro_vs_Mali_Faladje,GN_Siguiri_vs_ML_Faladje,GN_Siguiri vs ML_Faladje,Guinea_Siguiri_Dankakoro,Mali_Faladje,Guinea,Mali,Siguiri_Dankakoro,Faladje,81,75,X,X:17393109-18393108,17393109,18393108,6000000,7000000,6.5,1000000,0.0,0.0,0.0,26828,7663,False,False,Without Nigeria
Without Nigeria,Guinea_Siguiri_Dankakoro_vs_Mali_Faladje,GN_Siguiri_vs_ML_Faladje,GN_Siguiri vs ML_Faladje,Guinea_Siguiri_Dankakoro,Mali_Faladje,Guinea,Mali,Siguiri_Dankakoro,Faladje,81,75,X,X:18393109-19393108,18393109,19393108,5000000,6000000,5.5,1000000,0.0,0.0,0.0,30246,8599,False,False,Without Nigeria
Without Nigeria,Guinea_Siguiri_Dankakoro_vs_Mali_Faladje,GN_Siguiri_vs_ML_Faladje,GN_Siguiri vs ML_Faladje,Guinea_Siguiri_Dankakoro,Mali_Faladje,Guinea,Mali,Siguiri_Dankakoro,Faladje,81,75,X,X:19393109-20393108,19393109,20393108,4000000,5000000,4.5,1000000,0.0002177307481033,0.0,0.0002177307481033,26297,7559,False,False,Without Nigeria
Without Nigeria,Guinea_Siguiri_Dankakoro_vs_Mali_Faladje,GN_Siguiri_vs_ML_Faladje,GN_Siguiri vs ML_Faladje,Guinea_Siguiri_Dankakoro,Mali_Faladje,Guinea,Mali,Siguiri_Dankakoro,Faladje,81,75,X,X:20393109-21393108,20393109,21393108,3000000,4000000,3.5,1000000,0.0015595594511491,0.0025930848521487,-0.0010335254009996,4346,1004,False,False,Without Nigeria
Without Nigeria,Guinea_Siguiri_Dankakoro_vs_Mali_Faladje,GN_Siguiri_vs_ML_Faladje,GN_Siguiri vs ML_Faladje,Guinea_Siguiri_Dankakoro,Mali_Faladje,Guinea,Mali,Siguiri_Dankakoro,Faladje,81,75,X,X:21393109-22393108,21393109,22393108,2000000,3000000,2.5,1000000,0.0008702269370961,0.0013542056808177,-0.00048397874372159996,4241,1008,False,False,Without Nigeria
Without Nigeria,Guinea_Siguiri_Dankakoro_vs_Mali_Faladje,GN_Siguiri_vs_ML_Faladje,GN_Siguiri vs ML_Faladje,Guinea_Siguiri_Dankakoro,Mali_Faladje,Guinea,Mali,Siguiri_Dankakoro,Faladje,81,75,X,X:22393109-23393108,22393109,23393108,1000000,2000000,1.5,1000000,0.0,0.0001050937958415,-0.0001050937958415,3779,913,False,True,Without Nigeria
Without Nigeria,Guinea_Siguiri_Dankakoro_vs_Mali_Faladje,GN_Siguiri_vs_ML_Faladje,GN_Siguiri vs ML_Faladje,Guinea_Siguiri_Dankakoro,Mali_Faladje,Guinea,Mali,Siguiri_Dankakoro,Faladje,81,75,X,X:23393109-24393108,23393109,24393108,0,1000000,0.5,1000000,0.0014140645647677,0.0,0.0014140645647677,7769,1995,False,False,Without Nigeria
Without Nigeria,Guinea_Siguiri_Dankakoro_vs_Mali_Faladje,GN_Siguiri_vs_ML_Faladje,GN_Siguiri vs ML_Faladje,Guinea_Siguiri_Dankakoro,Mali_Faladje,Guinea,Mali,Siguiri_Dankakoro,Faladje,81,75,X,X:2393109-3393108,2393109,3393108,21000000,22000000,21.5,1000000,0.0,0.0,0.0,40663,12147,False,False,Without Nigeria
Without Nigeria,Guinea_Siguiri_Dankakoro_vs_Mali_Faladje,GN_Siguiri_vs_ML_Faladje,GN_Siguiri vs ML_Faladje,Guinea_Siguiri_Dankakoro,Mali_Faladje,Guinea,Mali,Siguiri_Dankakoro,Faladje,81,75,X,X:3393109-4393108,3393109,4393108,20000000,21000000,20.5,1000000,0.0,0.0002537472910143,-0.0002537472910143,21945,6424,False,False,Without Nigeria
Without Nigeria,Guinea_Siguiri_Dankakoro_vs_Mali_Faladje,GN_Siguiri_vs_ML_Faladje,GN_Siguiri vs ML_Faladje,Guinea_Siguiri_Dankakoro,Mali_Faladje,Guinea,Mali,Siguiri_Dankakoro,Faladje,81,75,X,X:393109-1393108,393109,1393108,23000000,24000000,23.5,1000000,0.0,0.0001473295973351,-0.0001473295973351,54171,15310,False,False,Without Nigeria
Without Nigeria,Guinea_Siguiri_Dankakoro_vs_Mali_Faladje,GN_Siguiri_vs_ML_Faladje,GN_Siguiri vs ML_Faladje,Guinea_Siguiri_Dankakoro,Mali_Faladje,Guinea,Mali,Siguiri_Dankakoro,Faladje,81,75,X,X:4393109-5393108,4393109,5393108,19000000,20000000,19.5,1000000,5.402426104116693e-05,0.0,5.402426104116693e-05,37899,11599,False,False,Without Nigeria
Without Nigeria,Guinea_Siguiri_Dankakoro_vs_Mali_Faladje,GN_Siguiri_vs_ML_Faladje,GN_Siguiri vs ML_Faladje,Guinea_Siguiri_Dankakoro,Mali_Faladje,Guinea,Mali,Siguiri_Dankakoro,Faladje,81,75,X,X:5393109-6393108,5393109,6393108,18000000,19000000,18.5,1000000,0.0,0.0,0.0,37847,11395,False,False,Without Nigeria
Without Nigeria,Guinea_Siguiri_Dankakoro_vs_Mali_Faladje,GN_Siguiri_vs_ML_Faladje,GN_Siguiri vs ML_Faladje,Guinea_Siguiri_Dankakoro,Mali_Faladje,Guinea,Mali,Siguiri_Dankakoro,Faladje,81,75,X,X:6393109-7393108,6393109,7393108,17000000,18000000,17.5,1000000,0.0,0.0,0.0,37169,11501,False,False,Without Nigeria
Without Nigeria,Guinea_Siguiri_Dankakoro_vs_Mali_Faladje,GN_Siguiri_vs_ML_Faladje,GN_Siguiri vs ML_Faladje,Guinea_Siguiri_Dankakoro,Mali_Faladje,Guinea,Mali,Siguiri_Dankakoro,Faladje,81,75,X,X:7393109-8393108,7393109,8393108,16000000,17000000,16.5,1000000,0.0,9.631118564099824e-05,-9.631118564099824e-05,49696,14991,False,False,Without Nigeria
Without Nigeria,Guinea_Siguiri_Dankakoro_vs_Mali_Faladje,GN_Siguiri_vs_ML_Faladje,GN_Siguiri vs ML_Faladje,Guinea_Siguiri_Dankakoro,Mali_Faladje,Guinea,Mali,Siguiri_Dankakoro,Faladje,81,75,X,X:8393109-9393108,8393109,9393108,15000000,16000000,15.5,1000000,0.0,0.0,0.0,23518,7345,False,False,Without Nigeria
Without Nigeria,Guinea_Siguiri_Dankakoro_vs_Mali_Faladje,GN_Siguiri_vs_ML_Faladje,GN_Siguiri vs ML_Faladje,Guinea_Siguiri_Dankakoro,Mali_Faladje,Guinea,Mali,Siguiri_Dankakoro,Faladje,81,75,X,X:9393109-10393108,9393109,10393108,14000000,15000000,14.5,1000000,0.0012469846852402,0.0002329682280915,0.0010140164571487,44499,13600,False,False,Without Nigeria
