Pair_ID,Pair_label,Nigeria_status,Contig,Region,Genomic_start_POS,Genomic_end_POS,Distance_from_CEN_midpoint_Mb,FST,N_sites,Site_class,Background_median_FST,MAD_scale,Robust_threshold,Robust_outlier,FST_excess_over_median,robust_z,Low_site_count
Nigeria_Gombe_vs_BurkinaFaso_BanaVillage,NG_Gombe vs BF_BanaVil,With Nigeria_Gombe,3R,3R:28200685-29200684,28200685,29200684,24.5,0.0493537621317644,40164,0-fold,0.0006504234247517,0.0009643177695368703,0.003543376733362311,True,0.0487033387070127,50.50548713875021,False
Nigeria_Gombe_vs_BurkinaFaso_BanaVillage,NG_Gombe vs BF_BanaVil,With Nigeria_Gombe,3R,3R:29200685-30200684,29200685,30200684,23.5,0.0010330731341933,15604,0-fold,0.0006504234247517,0.0009643177695368703,0.003543376733362311,False,0.00038264970944159996,0.39680872999506567,False
Nigeria_Gombe_vs_BurkinaFaso_BanaVillage,NG_Gombe vs BF_BanaVil,With Nigeria_Gombe,3R,3R:30200685-31200684,30200685,31200684,22.5,0.0002066551791601,41533,0-fold,0.0006504234247517,0.0009643177695368703,0.003543376733362311,False,-0.0004437682455916,-0.46018880872093343,False
Nigeria_Gombe_vs_BurkinaFaso_BanaVillage,NG_Gombe vs BF_BanaVil,With Nigeria_Gombe,3R,3R:31200685-32200684,31200685,32200684,21.5,0.001212251809564,31667,0-fold,0.0006504234247517,0.0009643177695368703,0.003543376733362311,False,0.0005618283848123,0.5826174758577014,False
Nigeria_Gombe_vs_BurkinaFaso_BanaVillage,NG_Gombe vs BF_BanaVil,With Nigeria_Gombe,3R,3R:32200685-33200684,32200685,33200684,20.5,0.0001591683757181,8177,0-fold,0.0006504234247517,0.0009643177695368703,0.003543376733362311,False,-0.0004912550490336,-0.5094327456700641,False
Nigeria_Gombe_vs_BurkinaFaso_BanaVillage,NG_Gombe vs BF_BanaVil,With Nigeria_Gombe,3R,3R:33200685-34200684,33200685,34200684,19.5,0.002137144195506,28262,0-fold,0.0006504234247517,0.0009643177695368703,0.003543376733362311,False,0.0014867207707543,1.5417332519635332,False
Nigeria_Gombe_vs_BurkinaFaso_BanaVillage,NG_Gombe vs BF_BanaVil,With Nigeria_Gombe,3R,3R:34200685-35200684,34200685,35200684,18.5,0.000128636113838,31170,0-fold,0.0006504234247517,0.0009643177695368703,0.003543376733362311,False,-0.0005217873109137,-0.5410947795396294,False
Nigeria_Gombe_vs_BurkinaFaso_BanaVillage,NG_Gombe vs BF_BanaVil,With Nigeria_Gombe,3R,3R:35200685-36200684,35200685,36200684,17.5,0.0,55922,0-fold,0.0006504234247517,0.0009643177695368703,0.003543376733362311,False,-0.0006504234247517,-0.6744907594765952,False
Nigeria_Gombe_vs_BurkinaFaso_BanaVillage,NG_Gombe vs BF_BanaVil,With Nigeria_Gombe,3R,3R:36200685-37200684,36200685,37200684,16.5,0.0006269715339049,50124,0-fold,0.0006504234247517,0.0009643177695368703,0.003543376733362311,False,-2.3451890846799936e-05,-0.024319670950441054,False
Nigeria_Gombe_vs_BurkinaFaso_BanaVillage,NG_Gombe vs BF_BanaVil,With Nigeria_Gombe,3R,3R:37200685-38200684,37200685,38200684,15.5,0.0,40318,0-fold,0.0006504234247517,0.0009643177695368703,0.003543376733362311,False,-0.0006504234247517,-0.6744907594765952,False
Nigeria_Gombe_vs_BurkinaFaso_BanaVillage,NG_Gombe vs BF_BanaVil,With Nigeria_Gombe,3R,3R:38200685-39200684,38200685,39200684,14.5,0.0006504234247517,15162,0-fold,0.0006504234247517,0.0009643177695368703,0.003543376733362311,False,0.0,0.0,False
Nigeria_Gombe_vs_BurkinaFaso_BanaVillage,NG_Gombe vs BF_BanaVil,With Nigeria_Gombe,3R,3R:39200685-40200684,39200685,40200684,13.5,1.743822251704557e-06,4046,0-fold,0.0006504234247517,0.0009643177695368703,0.003543376733362311,False,-0.0006486796024999954,-0.6726824113295502,False
Nigeria_Gombe_vs_BurkinaFaso_BanaVillage,NG_Gombe vs BF_BanaVil,With Nigeria_Gombe,3R,3R:40200685-41200684,40200685,41200684,12.5,0.0071479525770195,943,0-fold,0.0006504234247517,0.0009643177695368703,0.003543376733362311,True,0.0064975291522678,6.737954393797334,True
Nigeria_Gombe_vs_BurkinaFaso_BanaVillage,NG_Gombe vs BF_BanaVil,With Nigeria_Gombe,3R,3R:41200685-42200684,41200685,42200684,11.5,0.0,25544,0-fold,0.0006504234247517,0.0009643177695368703,0.003543376733362311,False,-0.0006504234247517,-0.6744907594765952,False
Nigeria_Gombe_vs_BurkinaFaso_BanaVillage,NG_Gombe vs BF_BanaVil,With Nigeria_Gombe,3R,3R:42200685-43200684,42200685,43200684,10.5,2.223076450890996e-05,20567,0-fold,0.0006504234247517,0.0009643177695368703,0.003543376733362311,False,-0.00062819266024279,-0.6514373996701212,False
Nigeria_Gombe_vs_BurkinaFaso_BanaVillage,NG_Gombe vs BF_BanaVil,With Nigeria_Gombe,3R,3R:43200685-44200684,43200685,44200684,9.5,0.0018960519075747,58548,0-fold,0.0006504234247517,0.0009643177695368703,0.003543376733362311,False,0.001245628482823,1.2917199310982663,False
Nigeria_Gombe_vs_BurkinaFaso_BanaVillage,NG_Gombe vs BF_BanaVil,With Nigeria_Gombe,3R,3R:44200685-45200684,44200685,45200684,8.5,0.0,29111,0-fold,0.0006504234247517,0.0009643177695368703,0.003543376733362311,False,-0.0006504234247517,-0.6744907594765952,False
Nigeria_Gombe_vs_BurkinaFaso_BanaVillage,NG_Gombe vs BF_BanaVil,With Nigeria_Gombe,3R,3R:45200685-46200684,45200685,46200684,7.5,0.002360215798098,32093,0-fold,0.0006504234247517,0.0009643177695368703,0.003543376733362311,False,0.0017097923733463002,1.773059075917948,False
Nigeria_Gombe_vs_BurkinaFaso_BanaVillage,NG_Gombe vs BF_BanaVil,With Nigeria_Gombe,3R,3R:46200685-47200684,46200685,47200684,6.5,0.0,27275,0-fold,0.0006504234247517,0.0009643177695368703,0.003543376733362311,False,-0.0006504234247517,-0.6744907594765952,False
Nigeria_Gombe_vs_BurkinaFaso_BanaVillage,NG_Gombe vs BF_BanaVil,With Nigeria_Gombe,3R,3R:47200685-48200684,47200685,48200684,5.5,0.0002825506282004,61531,0-fold,0.0006504234247517,0.0009643177695368703,0.003543376733362311,False,-0.00036787279655129995,-0.38148503343247214,False
Nigeria_Gombe_vs_BurkinaFaso_BanaVillage,NG_Gombe vs BF_BanaVil,With Nigeria_Gombe,3R,3R:48200685-49200684,48200685,49200684,4.5,0.0009665825289368,46164,0-fold,0.0006504234247517,0.0009643177695368703,0.003543376733362311,False,0.0003161591041851,0.32785780182910107,False
Nigeria_Gombe_vs_BurkinaFaso_BanaVillage,NG_Gombe vs BF_BanaVil,With Nigeria_Gombe,3R,3R:49200685-50200684,49200685,50200684,3.5,0.0019220587439655,43712,0-fold,0.0006504234247517,0.0009643177695368703,0.003543376733362311,False,0.0012716353192138,1.3186890871299863,False
Nigeria_Gombe_vs_BurkinaFaso_BanaVillage,NG_Gombe vs BF_BanaVil,With Nigeria_Gombe,3R,3R:50200685-51200684,50200685,51200684,2.5,0.0018943765387554,34569,0-fold,0.0006504234247517,0.0009643177695368703,0.003543376733362311,False,0.0012439531140037,1.2899825693361735,False
Nigeria_Gombe_vs_BurkinaFaso_BanaVillage,NG_Gombe vs BF_BanaVil,With Nigeria_Gombe,3R,3R:51200685-52200684,51200685,52200684,1.5,0.0018147389178339,53535,0-fold,0.0006504234247517,0.0009643177695368703,0.003543376733362311,False,0.0011643154930822,1.2073981522101185,False
Nigeria_Gombe_vs_BurkinaFaso_BanaVillage,NG_Gombe vs BF_BanaVil,With Nigeria_Gombe,3R,3R:52200685-53200684,52200685,53200684,0.5,0.0162669320847164,11296,0-fold,0.0006504234247517,0.0009643177695368703,0.003543376733362311,True,0.015616508659964699,16.194359528876863,False
Nigeria_Gombe_vs_BurkinaFaso_BanaVillage,NG_Gombe vs BF_BanaVil,With Nigeria_Gombe,X,X:10393109-11393108,10393109,11393108,13.5,0.0006497266694211,23410,0-fold,0.001977601304962,0.002366366455410401,0.009076700671193203,False,-0.0013278746355409,-0.5611449708074083,False
Nigeria_Gombe_vs_BurkinaFaso_BanaVillage,NG_Gombe vs BF_BanaVil,With Nigeria_Gombe,X,X:11393109-12393108,11393109,12393108,12.5,0.001661462197884,33914,0-fold,0.001977601304962,0.002366366455410401,0.009076700671193203,False,-0.0003161391070779999,-0.13359685113655467,False
Nigeria_Gombe_vs_BurkinaFaso_BanaVillage,NG_Gombe vs BF_BanaVil,With Nigeria_Gombe,X,X:12393109-13393108,12393109,13393108,11.5,0.0016150383092021,24701,0-fold,0.001977601304962,0.002366366455410401,0.009076700671193203,False,-0.00036256299575989997,-0.1532150673159455,False
Nigeria_Gombe_vs_BurkinaFaso_BanaVillage,NG_Gombe vs BF_BanaVil,With Nigeria_Gombe,X,X:1393109-2393108,1393109,2393108,22.5,0.0014538238741795,46192,0-fold,0.001977601304962,0.002366366455410401,0.009076700671193203,False,-0.0005237774307825,-0.2213424846286797,False
Nigeria_Gombe_vs_BurkinaFaso_BanaVillage,NG_Gombe vs BF_BanaVil,With Nigeria_Gombe,X,X:17393109-18393108,17393109,18393108,6.5,0.0062726746226581,26828,0-fold,0.001977601304962,0.002366366455410401,0.009076700671193203,False,0.0042950733176961,1.8150499504740494,False
Nigeria_Gombe_vs_BurkinaFaso_BanaVillage,NG_Gombe vs BF_BanaVil,With Nigeria_Gombe,X,X:18393109-19393108,18393109,19393108,5.5,0.0028432302434457,30246,0-fold,0.001977601304962,0.002366366455410401,0.009076700671193203,False,0.0008656289384837003,0.3658051087161703,False
Nigeria_Gombe_vs_BurkinaFaso_BanaVillage,NG_Gombe vs BF_BanaVil,With Nigeria_Gombe,X,X:19393109-20393108,19393109,20393108,4.5,0.0037370785774155,26297,0-fold,0.001977601304962,0.002366366455410401,0.009076700671193203,False,0.0017594772724535,0.7435354183755754,False
Nigeria_Gombe_vs_BurkinaFaso_BanaVillage,NG_Gombe vs BF_BanaVil,With Nigeria_Gombe,X,X:20393109-21393108,20393109,21393108,3.5,0.0,4346,0-fold,0.001977601304962,0.002366366455410401,0.009076700671193203,False,-0.001977601304962,-0.835712195142245,False
Nigeria_Gombe_vs_BurkinaFaso_BanaVillage,NG_Gombe vs BF_BanaVil,With Nigeria_Gombe,X,X:21393109-22393108,21393109,22393108,2.5,0.0047385723602226,4241,0-fold,0.001977601304962,0.002366366455410401,0.009076700671193203,False,0.0027609710552606,1.1667554908699727,False
Nigeria_Gombe_vs_BurkinaFaso_BanaVillage,NG_Gombe vs BF_BanaVil,With Nigeria_Gombe,X,X:22393109-23393108,22393109,23393108,1.5,0.0003578898565065,3779,0-fold,0.001977601304962,0.002366366455410401,0.009076700671193203,False,-0.0016197114484555,-0.6844719442131341,False
Nigeria_Gombe_vs_BurkinaFaso_BanaVillage,NG_Gombe vs BF_BanaVil,With Nigeria_Gombe,X,X:23393109-24393108,23393109,24393108,0.5,0.0025753995167423,7769,0-fold,0.001977601304962,0.002366366455410401,0.009076700671193203,False,0.0005977982117803,0.2526228388732899,False
Nigeria_Gombe_vs_BurkinaFaso_BanaVillage,NG_Gombe vs BF_BanaVil,With Nigeria_Gombe,X,X:2393109-3393108,2393109,3393108,21.5,0.00229374041204,40663,0-fold,0.001977601304962,0.002366366455410401,0.009076700671193203,False,0.0003161391070780001,0.13359685113655476,False
Nigeria_Gombe_vs_BurkinaFaso_BanaVillage,NG_Gombe vs BF_BanaVil,With Nigeria_Gombe,X,X:3393109-4393108,3393109,4393108,20.5,0.0035852030141228,21945,0-fold,0.001977601304962,0.002366366455410401,0.009076700671193203,False,0.0016076017091608001,0.6793545038154254,False
Nigeria_Gombe_vs_BurkinaFaso_BanaVillage,NG_Gombe vs BF_BanaVil,With Nigeria_Gombe,X,X:393109-1393108,393109,1393108,23.5,0.0006737533611488,54171,0-fold,0.001977601304962,0.002366366455410401,0.009076700671193203,False,-0.0013038479438131998,-0.5509915595837299,False
Nigeria_Gombe_vs_BurkinaFaso_BanaVillage,NG_Gombe vs BF_BanaVil,With Nigeria_Gombe,X,X:4393109-5393108,4393109,5393108,19.5,8.536354170373772e-05,37899,0-fold,0.001977601304962,0.002366366455410401,0.009076700671193203,False,-0.0018922377632582623,-0.7996385170740977,False
Nigeria_Gombe_vs_BurkinaFaso_BanaVillage,NG_Gombe vs BF_BanaVil,With Nigeria_Gombe,X,X:5393109-6393108,5393109,6393108,18.5,1.0263447831029762e-05,37847,0-fold,0.001977601304962,0.002366366455410401,0.009076700671193203,False,-0.0019673378571309704,-0.8313749768692411,False
Nigeria_Gombe_vs_BurkinaFaso_BanaVillage,NG_Gombe vs BF_BanaVil,With Nigeria_Gombe,X,X:6393109-7393108,6393109,7393108,17.5,0.0005069431299401,37169,0-fold,0.001977601304962,0.002366366455410401,0.009076700671193203,False,-0.0014706581750218999,-0.621483697784603,False
Nigeria_Gombe_vs_BurkinaFaso_BanaVillage,NG_Gombe vs BF_BanaVil,With Nigeria_Gombe,X,X:7393109-8393108,7393109,8393108,16.5,0.0035621842112206,49696,0-fold,0.001977601304962,0.002366366455410401,0.009076700671193203,False,0.0015845829062586,0.669627015137765,False
Nigeria_Gombe_vs_BurkinaFaso_BanaVillage,NG_Gombe vs BF_BanaVil,With Nigeria_Gombe,X,X:8393109-9393108,8393109,9393108,15.5,0.0119869063917879,23518,0-fold,0.001977601304962,0.002366366455410401,0.009076700671193203,True,0.0100093050868259,4.229820391487073,False
Nigeria_Gombe_vs_BurkinaFaso_BanaVillage,NG_Gombe vs BF_BanaVil,With Nigeria_Gombe,X,X:9393109-10393108,9393109,10393108,14.5,0.0081949340833393,44499,0-fold,0.001977601304962,0.002366366455410401,0.009076700671193203,False,0.0062173327783773,2.6273753011340006,False
Nigeria_Gombe_vs_Guinea_Siguiri_Dankakoro,NG_Gombe vs GN_Siguiri,With Nigeria_Gombe,3R,3R:28200685-29200684,28200685,29200684,24.5,0.062223381077445,40164,0-fold,0.0006824013739829,0.0010117282770670474,0.0037175862051840427,True,0.061540979703462104,60.82757702677492,False
Nigeria_Gombe_vs_Guinea_Siguiri_Dankakoro,NG_Gombe vs GN_Siguiri,With Nigeria_Gombe,3R,3R:29200685-30200684,29200685,30200684,23.5,0.0004893264067775,15604,0-fold,0.0006824013739829,0.0010117282770670474,0.0037175862051840427,False,-0.00019307496720539997,-0.1908367805683115,False
Nigeria_Gombe_vs_Guinea_Siguiri_Dankakoro,NG_Gombe vs GN_Siguiri,With Nigeria_Gombe,3R,3R:30200685-31200684,30200685,31200684,22.5,0.0006824013739829,41533,0-fold,0.0006824013739829,0.0010117282770670474,0.0037175862051840427,False,0.0,0.0,False
Nigeria_Gombe_vs_Guinea_Siguiri_Dankakoro,NG_Gombe vs GN_Siguiri,With Nigeria_Gombe,3R,3R:31200685-32200684,31200685,32200684,21.5,0.0004298264561646,31667,0-fold,0.0006824013739829,0.0010117282770670474,0.0037175862051840427,False,-0.0002525749178183,-0.24964698876510877,False
Nigeria_Gombe_vs_Guinea_Siguiri_Dankakoro,NG_Gombe vs GN_Siguiri,With Nigeria_Gombe,3R,3R:32200685-33200684,32200685,33200684,20.5,0.0002757860104016,8177,0-fold,0.0006824013739829,0.0010117282770670474,0.0037175862051840427,False,-0.0004066153635813,-0.40190174852091587,False
Nigeria_Gombe_vs_Guinea_Siguiri_Dankakoro,NG_Gombe vs GN_Siguiri,With Nigeria_Gombe,3R,3R:33200685-34200684,33200685,34200684,19.5,0.0007503697810767,28262,0-fold,0.0006824013739829,0.0010117282770670474,0.0037175862051840427,False,6.796840709380003e-05,0.06718049562757823,False
Nigeria_Gombe_vs_Guinea_Siguiri_Dankakoro,NG_Gombe vs GN_Siguiri,With Nigeria_Gombe,3R,3R:34200685-35200684,34200685,35200684,18.5,0.001221293005948,31170,0-fold,0.0006824013739829,0.0010117282770670474,0.0037175862051840427,False,0.0005388916319650999,0.5326446281874432,False
Nigeria_Gombe_vs_Guinea_Siguiri_Dankakoro,NG_Gombe vs GN_Siguiri,With Nigeria_Gombe,3R,3R:35200685-36200684,35200685,36200684,17.5,0.0,55922,0-fold,0.0006824013739829,0.0010117282770670474,0.0037175862051840427,False,-0.0006824013739829,-0.6744907594765953,False
Nigeria_Gombe_vs_Guinea_Siguiri_Dankakoro,NG_Gombe vs GN_Siguiri,With Nigeria_Gombe,3R,3R:36200685-37200684,36200685,37200684,16.5,0.0,50124,0-fold,0.0006824013739829,0.0010117282770670474,0.0037175862051840427,False,-0.0006824013739829,-0.6744907594765953,False
Nigeria_Gombe_vs_Guinea_Siguiri_Dankakoro,NG_Gombe vs GN_Siguiri,With Nigeria_Gombe,3R,3R:37200685-38200684,37200685,38200684,15.5,0.0,40318,0-fold,0.0006824013739829,0.0010117282770670474,0.0037175862051840427,False,-0.0006824013739829,-0.6744907594765953,False
Nigeria_Gombe_vs_Guinea_Siguiri_Dankakoro,NG_Gombe vs GN_Siguiri,With Nigeria_Gombe,3R,3R:38200685-39200684,38200685,39200684,14.5,0.0011772185479538,15162,0-fold,0.0006824013739829,0.0010117282770670474,0.0037175862051840427,False,0.0004948171739709,0.48908109537607436,False
Nigeria_Gombe_vs_Guinea_Siguiri_Dankakoro,NG_Gombe vs GN_Siguiri,With Nigeria_Gombe,3R,3R:39200685-40200684,39200685,40200684,13.5,0.0046811779282024,4046,0-fold,0.0006824013739829,0.0010117282770670474,0.0037175862051840427,True,0.0039987765542195,3.952421460247968,False
Nigeria_Gombe_vs_Guinea_Siguiri_Dankakoro,NG_Gombe vs GN_Siguiri,With Nigeria_Gombe,3R,3R:40200685-41200684,40200685,41200684,12.5,0.0035373167666409,943,0-fold,0.0006824013739829,0.0010117282770670474,0.0037175862051840427,False,0.0028549153926580003,2.821820302318984,True
Nigeria_Gombe_vs_Guinea_Siguiri_Dankakoro,NG_Gombe vs GN_Siguiri,With Nigeria_Gombe,3R,3R:41200685-42200684,41200685,42200684,11.5,0.0006766552287759,25544,0-fold,0.0006824013739829,0.0010117282770670474,0.0037175862051840427,False,-5.746145207000011e-06,-0.005679534057956565,False
Nigeria_Gombe_vs_Guinea_Siguiri_Dankakoro,NG_Gombe vs GN_Siguiri,With Nigeria_Gombe,3R,3R:42200685-43200684,42200685,43200684,10.5,0.0,20567,0-fold,0.0006824013739829,0.0010117282770670474,0.0037175862051840427,False,-0.0006824013739829,-0.6744907594765953,False
Nigeria_Gombe_vs_Guinea_Siguiri_Dankakoro,NG_Gombe vs GN_Siguiri,With Nigeria_Gombe,3R,3R:43200685-44200684,43200685,44200684,9.5,0.0009516723104882,58548,0-fold,0.0006824013739829,0.0010117282770670474,0.0037175862051840427,False,0.0002692709365053,0.2661494618751823,False
Nigeria_Gombe_vs_Guinea_Siguiri_Dankakoro,NG_Gombe vs GN_Siguiri,With Nigeria_Gombe,3R,3R:44200685-45200684,44200685,45200684,8.5,0.0001442683130259,29111,0-fold,0.0006824013739829,0.0010117282770670474,0.0037175862051840427,False,-0.000538133060957,-0.5318948507765566,False
Nigeria_Gombe_vs_Guinea_Siguiri_Dankakoro,NG_Gombe vs GN_Siguiri,With Nigeria_Gombe,3R,3R:45200685-46200684,45200685,46200684,7.5,0.0030823482053123,32093,0-fold,0.0006824013739829,0.0010117282770670474,0.0037175862051840427,False,0.0023999468313294003,2.3721258817503186,False
Nigeria_Gombe_vs_Guinea_Siguiri_Dankakoro,NG_Gombe vs GN_Siguiri,With Nigeria_Gombe,3R,3R:46200685-47200684,46200685,47200684,6.5,0.0,27275,0-fold,0.0006824013739829,0.0010117282770670474,0.0037175862051840427,False,-0.0006824013739829,-0.6744907594765953,False
Nigeria_Gombe_vs_Guinea_Siguiri_Dankakoro,NG_Gombe vs GN_Siguiri,With Nigeria_Gombe,3R,3R:47200685-48200684,47200685,48200684,5.5,0.0,61531,0-fold,0.0006824013739829,0.0010117282770670474,0.0037175862051840427,False,-0.0006824013739829,-0.6744907594765953,False
Nigeria_Gombe_vs_Guinea_Siguiri_Dankakoro,NG_Gombe vs GN_Siguiri,With Nigeria_Gombe,3R,3R:48200685-49200684,48200685,49200684,4.5,0.0001743198459924,46164,0-fold,0.0006824013739829,0.0010117282770670474,0.0037175862051840427,False,-0.0005080815279905,-0.5021916847707414,False
Nigeria_Gombe_vs_Guinea_Siguiri_Dankakoro,NG_Gombe vs GN_Siguiri,With Nigeria_Gombe,3R,3R:49200685-50200684,49200685,50200684,3.5,0.0010472615212333,43712,0-fold,0.0006824013739829,0.0010117282770670474,0.0037175862051840427,False,0.0003648601472504001,0.36063057198333176,False
Nigeria_Gombe_vs_Guinea_Siguiri_Dankakoro,NG_Gombe vs GN_Siguiri,With Nigeria_Gombe,3R,3R:50200685-51200684,50200685,51200684,2.5,0.0026341351858235,34569,0-fold,0.0006824013739829,0.0010117282770670474,0.0037175862051840427,False,0.0019517338118406,1.9291086906245067,False
Nigeria_Gombe_vs_Guinea_Siguiri_Dankakoro,NG_Gombe vs GN_Siguiri,With Nigeria_Gombe,3R,3R:51200685-52200684,51200685,52200684,1.5,0.0033020507847952,53535,0-fold,0.0006824013739829,0.0010117282770670474,0.0037175862051840427,False,0.0026196494108123,2.5892815988167692,False
Nigeria_Gombe_vs_Guinea_Siguiri_Dankakoro,NG_Gombe vs GN_Siguiri,With Nigeria_Gombe,3R,3R:52200685-53200684,52200685,53200684,0.5,0.0022683379355821,11296,0-fold,0.0006824013739829,0.0010117282770670474,0.0037175862051840427,False,0.0015859365615992001,1.5675518788471106,False
Nigeria_Gombe_vs_Guinea_Siguiri_Dankakoro,NG_Gombe vs GN_Siguiri,With Nigeria_Gombe,X,X:10393109-11393108,10393109,11393108,13.5,0.0,23410,0-fold,0.00174444596858355,0.0015898261412740074,0.006513924392405572,False,-0.00174444596858355,-1.0972558088557016,False
Nigeria_Gombe_vs_Guinea_Siguiri_Dankakoro,NG_Gombe vs GN_Siguiri,With Nigeria_Gombe,X,X:11393109-12393108,11393109,12393108,12.5,0.0027787173519532,33914,0-fold,0.00174444596858355,0.0015898261412740074,0.006513924392405572,False,0.00103427138336965,0.6505562819220199,False
Nigeria_Gombe_vs_Guinea_Siguiri_Dankakoro,NG_Gombe vs GN_Siguiri,With Nigeria_Gombe,X,X:12393109-13393108,12393109,13393108,11.5,0.0006557581010799,24701,0-fold,0.00174444596858355,0.0015898261412740074,0.006513924392405572,False,-0.0010886878675036502,-0.684784228438482,False
Nigeria_Gombe_vs_Guinea_Siguiri_Dankakoro,NG_Gombe vs GN_Siguiri,With Nigeria_Gombe,X,X:1393109-2393108,1393109,2393108,22.5,0.0023577453683579,46192,0-fold,0.00174444596858355,0.0015898261412740074,0.006513924392405572,False,0.0006132993997743498,0.3857650744646092,False
Nigeria_Gombe_vs_Guinea_Siguiri_Dankakoro,NG_Gombe vs GN_Siguiri,With Nigeria_Gombe,X,X:17393109-18393108,17393109,18393108,6.5,0.0015964416587088,26828,0-fold,0.00174444596858355,0.0015898261412740074,0.006513924392405572,False,-0.00014800430987474997,-0.09309465106426461,False
Nigeria_Gombe_vs_Guinea_Siguiri_Dankakoro,NG_Gombe vs GN_Siguiri,With Nigeria_Gombe,X,X:18393109-19393108,18393109,19393108,5.5,0.0029992414865876,30246,0-fold,0.00174444596858355,0.0015898261412740074,0.006513924392405572,False,0.0012547955180040498,0.7892658734360218,False
Nigeria_Gombe_vs_Guinea_Siguiri_Dankakoro,NG_Gombe vs GN_Siguiri,With Nigeria_Gombe,X,X:19393109-20393108,19393109,20393108,4.5,0.0037479153257173,26297,0-fold,0.00174444596858355,0.0015898261412740074,0.006513924392405572,False,0.00200346935713375,1.260181415515202,False
Nigeria_Gombe_vs_Guinea_Siguiri_Dankakoro,NG_Gombe vs GN_Siguiri,With Nigeria_Gombe,X,X:20393109-21393108,20393109,21393108,3.5,0.0014718250601461,4346,0-fold,0.00174444596858355,0.0015898261412740074,0.006513924392405572,False,-0.00027262090843744994,-0.1714784411702937,False
Nigeria_Gombe_vs_Guinea_Siguiri_Dankakoro,NG_Gombe vs GN_Siguiri,With Nigeria_Gombe,X,X:21393109-22393108,21393109,22393108,2.5,0.0136534974796575,4241,0-fold,0.00174444596858355,0.0015898261412740074,0.006513924392405572,True,0.011909051511073951,7.490788584927048,False
Nigeria_Gombe_vs_Guinea_Siguiri_Dankakoro,NG_Gombe vs GN_Siguiri,With Nigeria_Gombe,X,X:22393109-23393108,22393109,23393108,1.5,0.0,3779,0-fold,0.00174444596858355,0.0015898261412740074,0.006513924392405572,False,-0.00174444596858355,-1.0972558088557016,False
Nigeria_Gombe_vs_Guinea_Siguiri_Dankakoro,NG_Gombe vs GN_Siguiri,With Nigeria_Gombe,X,X:23393109-24393108,23393109,24393108,0.5,0.0006884877531599,7769,0-fold,0.00174444596858355,0.0015898261412740074,0.006513924392405572,False,-0.00105595821542365,-0.6641972905147085,False
Nigeria_Gombe_vs_Guinea_Siguiri_Dankakoro,NG_Gombe vs GN_Siguiri,With Nigeria_Gombe,X,X:2393109-3393108,2393109,3393108,21.5,0.0018924502784583,40663,0-fold,0.00174444596858355,0.0015898261412740074,0.006513924392405572,False,0.00014800430987474997,0.09309465106426461,False
Nigeria_Gombe_vs_Guinea_Siguiri_Dankakoro,NG_Gombe vs GN_Siguiri,With Nigeria_Gombe,X,X:3393109-4393108,3393109,4393108,20.5,0.0019930539897071,21945,0-fold,0.00174444596858355,0.0015898261412740074,0.006513924392405572,False,0.00024860802112354995,0.15637434475969045,False
Nigeria_Gombe_vs_Guinea_Siguiri_Dankakoro,NG_Gombe vs GN_Siguiri,With Nigeria_Gombe,X,X:393109-1393108,393109,1393108,23.5,0.0012527161536638,54171,0-fold,0.00174444596858355,0.0015898261412740074,0.006513924392405572,False,-0.00049172981491975,-0.30929785474888605,False
Nigeria_Gombe_vs_Guinea_Siguiri_Dankakoro,NG_Gombe vs GN_Siguiri,With Nigeria_Gombe,X,X:4393109-5393108,4393109,5393108,19.5,0.0003848025060088,37899,0-fold,0.00174444596858355,0.0015898261412740074,0.006513924392405572,False,-0.00135964346257475,-0.8552151881747267,False
Nigeria_Gombe_vs_Guinea_Siguiri_Dankakoro,NG_Gombe vs GN_Siguiri,With Nigeria_Gombe,X,X:5393109-6393108,5393109,6393108,18.5,0.0008616593486011,37847,0-fold,0.00174444596858355,0.0015898261412740074,0.006513924392405572,False,-0.00088278661998245,-0.5552724270057786,False
Nigeria_Gombe_vs_Guinea_Siguiri_Dankakoro,NG_Gombe vs GN_Siguiri,With Nigeria_Gombe,X,X:6393109-7393108,6393109,7393108,17.5,0.0,37169,0-fold,0.00174444596858355,0.0015898261412740074,0.006513924392405572,False,-0.00174444596858355,-1.0972558088557016,False
Nigeria_Gombe_vs_Guinea_Siguiri_Dankakoro,NG_Gombe vs GN_Siguiri,With Nigeria_Gombe,X,X:7393109-8393108,7393109,8393108,16.5,0.0024584413660302,49696,0-fold,0.00174444596858355,0.0015898261412740074,0.006513924392405572,False,0.0007139953974466501,0.44910281628309984,False
Nigeria_Gombe_vs_Guinea_Siguiri_Dankakoro,NG_Gombe vs GN_Siguiri,With Nigeria_Gombe,X,X:8393109-9393108,8393109,9393108,15.5,0.0108143854744488,23518,0-fold,0.00174444596858355,0.0015898261412740074,0.006513924392405572,True,0.009069939505865252,5.7049882816727715,False
Nigeria_Gombe_vs_Guinea_Siguiri_Dankakoro,NG_Gombe vs GN_Siguiri,With Nigeria_Gombe,X,X:9393109-10393108,9393109,10393108,14.5,0.0030158480931456,44499,0-fold,0.00174444596858355,0.0015898261412740074,0.006513924392405572,False,0.00127140212456205,0.7997114222459644,False
Nigeria_Gombe_vs_Mali_Faladje,NG_Gombe vs ML_Faladje,With Nigeria_Gombe,3R,3R:28200685-29200684,28200685,29200684,24.5,0.0551989504301694,40164,0-fold,0.0006355540463984,0.0009422724291902677,0.003462371333969203,True,0.054563396383770994,57.90617945879993,False
Nigeria_Gombe_vs_Mali_Faladje,NG_Gombe vs ML_Faladje,With Nigeria_Gombe,3R,3R:29200685-30200684,29200685,30200684,23.5,0.0004301761881597,15604,0-fold,0.0006355540463984,0.0009422724291902677,0.003462371333969203,False,-0.00020537785823869997,-0.2179601693484647,False
Nigeria_Gombe_vs_Mali_Faladje,NG_Gombe vs ML_Faladje,With Nigeria_Gombe,3R,3R:30200685-31200684,30200685,31200684,22.5,0.0006210025578147,41533,0-fold,0.0006355540463984,0.0009422724291902677,0.003462371333969203,False,-1.455148858369999e-05,-0.015442973956273628,False
Nigeria_Gombe_vs_Mali_Faladje,NG_Gombe vs ML_Faladje,With Nigeria_Gombe,3R,3R:31200685-32200684,31200685,32200684,21.5,0.0016839211581014,31667,0-fold,0.0006355540463984,0.0009422724291902677,0.003462371333969203,False,0.0010483671117029999,1.1125944888400305,False
Nigeria_Gombe_vs_Mali_Faladje,NG_Gombe vs ML_Faladje,With Nigeria_Gombe,3R,3R:32200685-33200684,32200685,33200684,20.5,0.0014240373039646,8177,0-fold,0.0006355540463984,0.0009422724291902677,0.003462371333969203,False,0.0007884832575662,0.8367890571135305,False
Nigeria_Gombe_vs_Mali_Faladje,NG_Gombe vs ML_Faladje,With Nigeria_Gombe,3R,3R:33200685-34200684,33200685,34200684,19.5,0.0013122523994533,28262,0-fold,0.0006355540463984,0.0009422724291902677,0.003462371333969203,False,0.0006766983530549,0.7181557393506821,False
Nigeria_Gombe_vs_Mali_Faladje,NG_Gombe vs ML_Faladje,With Nigeria_Gombe,3R,3R:34200685-35200684,34200685,35200684,18.5,0.0006383192096461,31170,0-fold,0.0006355540463984,0.0009422724291902677,0.003462371333969203,False,2.765163247700031e-06,0.002934568774421476,False
Nigeria_Gombe_vs_Mali_Faladje,NG_Gombe vs ML_Faladje,With Nigeria_Gombe,3R,3R:35200685-36200684,35200685,36200684,17.5,0.0,55922,0-fold,0.0006355540463984,0.0009422724291902677,0.003462371333969203,False,-0.0006355540463984,-0.6744907594765952,False
Nigeria_Gombe_vs_Mali_Faladje,NG_Gombe vs ML_Faladje,With Nigeria_Gombe,3R,3R:36200685-37200684,36200685,37200684,16.5,0.0,50124,0-fold,0.0006355540463984,0.0009422724291902677,0.003462371333969203,False,-0.0006355540463984,-0.6744907594765952,False
Nigeria_Gombe_vs_Mali_Faladje,NG_Gombe vs ML_Faladje,With Nigeria_Gombe,3R,3R:37200685-38200684,37200685,38200684,15.5,1.7412182850089137e-05,40318,0-fold,0.0006355540463984,0.0009422724291902677,0.003462371333969203,False,-0.0006181418635483109,-0.6560118330953447,False
Nigeria_Gombe_vs_Mali_Faladje,NG_Gombe vs ML_Faladje,With Nigeria_Gombe,3R,3R:38200685-39200684,38200685,39200684,14.5,0.0002627194081535,15162,0-fold,0.0006355540463984,0.0009422724291902677,0.003462371333969203,False,-0.00037283463824489997,-0.39567605577220555,False
Nigeria_Gombe_vs_Mali_Faladje,NG_Gombe vs ML_Faladje,With Nigeria_Gombe,3R,3R:39200685-40200684,39200685,40200684,13.5,0.0002760634751374,4046,0-fold,0.0006355540463984,0.0009422724291902677,0.003462371333969203,False,-0.00035949057126099995,-0.38151447513955655,False
Nigeria_Gombe_vs_Mali_Faladje,NG_Gombe vs ML_Faladje,With Nigeria_Gombe,3R,3R:40200685-41200684,40200685,41200684,12.5,0.0006355540463984,943,0-fold,0.0006355540463984,0.0009422724291902677,0.003462371333969203,False,0.0,0.0,True
Nigeria_Gombe_vs_Mali_Faladje,NG_Gombe vs ML_Faladje,With Nigeria_Gombe,3R,3R:41200685-42200684,41200685,42200684,11.5,0.0,25544,0-fold,0.0006355540463984,0.0009422724291902677,0.003462371333969203,False,-0.0006355540463984,-0.6744907594765952,False
Nigeria_Gombe_vs_Mali_Faladje,NG_Gombe vs ML_Faladje,With Nigeria_Gombe,3R,3R:42200685-43200684,42200685,43200684,10.5,0.0,20567,0-fold,0.0006355540463984,0.0009422724291902677,0.003462371333969203,False,-0.0006355540463984,-0.6744907594765952,False
Nigeria_Gombe_vs_Mali_Faladje,NG_Gombe vs ML_Faladje,With Nigeria_Gombe,3R,3R:43200685-44200684,43200685,44200684,9.5,0.001937968230765,58548,0-fold,0.0006355540463984,0.0009422724291902677,0.003462371333969203,False,0.0013024141843666001,1.3822055533194542,False
Nigeria_Gombe_vs_Mali_Faladje,NG_Gombe vs ML_Faladje,With Nigeria_Gombe,3R,3R:44200685-45200684,44200685,45200684,8.5,0.0,29111,0-fold,0.0006355540463984,0.0009422724291902677,0.003462371333969203,False,-0.0006355540463984,-0.6744907594765952,False
Nigeria_Gombe_vs_Mali_Faladje,NG_Gombe vs ML_Faladje,With Nigeria_Gombe,3R,3R:45200685-46200684,45200685,46200684,7.5,0.0029564328142735,32093,0-fold,0.0006355540463984,0.0009422724291902677,0.003462371333969203,False,0.0023208787678751,2.463065559362194,False
Nigeria_Gombe_vs_Mali_Faladje,NG_Gombe vs ML_Faladje,With Nigeria_Gombe,3R,3R:46200685-47200684,46200685,47200684,6.5,0.0010474773020397,27275,0-fold,0.0006355540463984,0.0009422724291902677,0.003462371333969203,False,0.0004119232556412999,0.43715940621894456,False
Nigeria_Gombe_vs_Mali_Faladje,NG_Gombe vs ML_Faladje,With Nigeria_Gombe,3R,3R:47200685-48200684,47200685,48200684,5.5,0.0,61531,0-fold,0.0006355540463984,0.0009422724291902677,0.003462371333969203,False,-0.0006355540463984,-0.6744907594765952,False
Nigeria_Gombe_vs_Mali_Faladje,NG_Gombe vs ML_Faladje,With Nigeria_Gombe,3R,3R:48200685-49200684,48200685,49200684,4.5,0.0005688244415355,46164,0-fold,0.0006355540463984,0.0009422724291902677,0.003462371333969203,False,-6.672960486289996e-05,-0.07081774102235314,False
Nigeria_Gombe_vs_Mali_Faladje,NG_Gombe vs ML_Faladje,With Nigeria_Gombe,3R,3R:49200685-50200684,49200685,50200684,3.5,0.0060175006996987,43712,0-fold,0.0006355540463984,0.0009422724291902677,0.003462371333969203,True,0.0053819466533003004,5.711667333751049,False
Nigeria_Gombe_vs_Mali_Faladje,NG_Gombe vs ML_Faladje,With Nigeria_Gombe,3R,3R:50200685-51200684,50200685,51200684,2.5,0.0020450350200757,34569,0-fold,0.0006355540463984,0.0009422724291902677,0.003462371333969203,False,0.0014094809736773,1.4958317043071325,False
Nigeria_Gombe_vs_Mali_Faladje,NG_Gombe vs ML_Faladje,With Nigeria_Gombe,3R,3R:51200685-52200684,51200685,52200684,1.5,0.0012677196613402,53535,0-fold,0.0006355540463984,0.0009422724291902677,0.003462371333969203,False,0.0006321656149418001,0.6708947384622569,False
Nigeria_Gombe_vs_Mali_Faladje,NG_Gombe vs ML_Faladje,With Nigeria_Gombe,3R,3R:52200685-53200684,52200685,53200684,0.5,0.0110953533588894,11296,0-fold,0.0006355540463984,0.0009422724291902677,0.003462371333969203,True,0.010459799312490999,11.100610596745913,False
Nigeria_Gombe_vs_Mali_Faladje,NG_Gombe vs ML_Faladje,With Nigeria_Gombe,X,X:10393109-11393108,10393109,11393108,13.5,0.0,23410,0-fold,0.0016653699233301,0.001958402232808774,0.007540576621756423,False,-0.0016653699233301,-0.8503717445938559,False
Nigeria_Gombe_vs_Mali_Faladje,NG_Gombe vs ML_Faladje,With Nigeria_Gombe,X,X:11393109-12393108,11393109,12393108,12.5,0.0032477784435242,33914,0-fold,0.0016653699233301,0.001958402232808774,0.007540576621756423,False,0.0015824085201941002,0.8080099653096201,False
Nigeria_Gombe_vs_Mali_Faladje,NG_Gombe vs ML_Faladje,With Nigeria_Gombe,X,X:12393109-13393108,12393109,13393108,11.5,0.0037177528095327,24701,0-fold,0.0016653699233301,0.001958402232808774,0.007540576621756423,False,0.0020523828862026,1.0479884325188076,False
Nigeria_Gombe_vs_Mali_Faladje,NG_Gombe vs ML_Faladje,With Nigeria_Gombe,X,X:1393109-2393108,1393109,2393108,22.5,0.0017343045680174,46192,0-fold,0.0016653699233301,0.001958402232808774,0.007540576621756423,False,6.893464468729995e-05,0.03519943121614639,False
Nigeria_Gombe_vs_Mali_Faladje,NG_Gombe vs ML_Faladje,With Nigeria_Gombe,X,X:17393109-18393108,17393109,18393108,6.5,0.0021383150103508,26828,0-fold,0.0016653699233301,0.001958402232808774,0.007540576621756423,False,0.0004729450870207001,0.2414953777612856,False
Nigeria_Gombe_vs_Mali_Faladje,NG_Gombe vs ML_Faladje,With Nigeria_Gombe,X,X:18393109-19393108,18393109,19393108,5.5,0.0016483335215357,30246,0-fold,0.0016653699233301,0.001958402232808774,0.007540576621756423,False,-1.7036401794400056e-05,-0.008699133155075173,False
Nigeria_Gombe_vs_Mali_Faladje,NG_Gombe vs ML_Faladje,With Nigeria_Gombe,X,X:19393109-20393108,19393109,20393108,4.5,0.0001905503820552,26297,0-fold,0.0016653699233301,0.001958402232808774,0.007540576621756423,False,-0.0014748195412749,-0.7530728450813132,False
Nigeria_Gombe_vs_Mali_Faladje,NG_Gombe vs ML_Faladje,With Nigeria_Gombe,X,X:20393109-21393108,20393109,21393108,3.5,0.0,4346,0-fold,0.0016653699233301,0.001958402232808774,0.007540576621756423,False,-0.0016653699233301,-0.8503717445938559,False
Nigeria_Gombe_vs_Mali_Faladje,NG_Gombe vs ML_Faladje,With Nigeria_Gombe,X,X:21393109-22393108,21393109,22393108,2.5,0.0162863251439931,4241,0-fold,0.0016653699233301,0.001958402232808774,0.007540576621756423,True,0.014620955220663,7.4657570215763975,False
Nigeria_Gombe_vs_Mali_Faladje,NG_Gombe vs ML_Faladje,With Nigeria_Gombe,X,X:22393109-23393108,22393109,23393108,1.5,0.0001826401679703,3779,0-fold,0.0016653699233301,0.001958402232808774,0.007540576621756423,False,-0.0014827297553598,-0.7571119612303768,False
Nigeria_Gombe_vs_Mali_Faladje,NG_Gombe vs ML_Faladje,With Nigeria_Gombe,X,X:23393109-24393108,23393109,24393108,0.5,0.0027305892274709,7769,0-fold,0.0016653699233301,0.001958402232808774,0.007540576621756423,False,0.0010652193041408,0.5439226356543948,False
Nigeria_Gombe_vs_Mali_Faladje,NG_Gombe vs ML_Faladje,With Nigeria_Gombe,X,X:2393109-3393108,2393109,3393108,21.5,0.0016824063251245,40663,0-fold,0.0016653699233301,0.001958402232808774,0.007540576621756423,False,1.7036401794400056e-05,0.008699133155075173,False
Nigeria_Gombe_vs_Mali_Faladje,NG_Gombe vs ML_Faladje,With Nigeria_Gombe,X,X:3393109-4393108,3393109,4393108,20.5,0.0009712418877747,21945,0-fold,0.0016653699233301,0.001958402232808774,0.007540576621756423,False,-0.0006941280355554,-0.3544358885660938,False
Nigeria_Gombe_vs_Mali_Faladje,NG_Gombe vs ML_Faladje,With Nigeria_Gombe,X,X:393109-1393108,393109,1393108,23.5,0.0007833865460258,54171,0-fold,0.0016653699233301,0.001958402232808774,0.007540576621756423,False,-0.0008819833773042999,-0.4503586457003494,False
Nigeria_Gombe_vs_Mali_Faladje,NG_Gombe vs ML_Faladje,With Nigeria_Gombe,X,X:4393109-5393108,4393109,5393108,19.5,0.0004983410458693,37899,0-fold,0.0016653699233301,0.001958402232808774,0.007540576621756423,False,-0.0011670288774607998,-0.5959086738718772,False
Nigeria_Gombe_vs_Mali_Faladje,NG_Gombe vs ML_Faladje,With Nigeria_Gombe,X,X:5393109-6393108,5393109,6393108,18.5,0.0,37847,0-fold,0.0016653699233301,0.001958402232808774,0.007540576621756423,False,-0.0016653699233301,-0.8503717445938559,False
Nigeria_Gombe_vs_Mali_Faladje,NG_Gombe vs ML_Faladje,With Nigeria_Gombe,X,X:6393109-7393108,6393109,7393108,17.5,0.0012747945345603,37169,0-fold,0.0016653699233301,0.001958402232808774,0.007540576621756423,False,-0.0003905753887698,-0.19943573502243717,False
Nigeria_Gombe_vs_Mali_Faladje,NG_Gombe vs ML_Faladje,With Nigeria_Gombe,X,X:7393109-8393108,7393109,8393108,16.5,0.0024526235717715,49696,0-fold,0.0016653699233301,0.001958402232808774,0.007540576621756423,False,0.0007872536484414001,0.4019877200161825,False
Nigeria_Gombe_vs_Mali_Faladje,NG_Gombe vs ML_Faladje,With Nigeria_Gombe,X,X:8393109-9393108,8393109,9393108,15.5,0.0097447576246227,23518,0-fold,0.0016653699233301,0.001958402232808774,0.007540576621756423,True,0.0080793877012926,4.125499637377866,False
Nigeria_Gombe_vs_Mali_Faladje,NG_Gombe vs ML_Faladje,With Nigeria_Gombe,X,X:9393109-10393108,9393109,10393108,14.5,0.0049456551140876,44499,0-fold,0.0016653699233301,0.001958402232808774,0.007540576621756423,False,0.0032802851907575,1.6749803159960959,False
BurkinaFaso_BanaVillage_vs_Guinea_Siguiri_Dankakoro,BF_BanaVil vs GN_Siguiri,Without Nigeria,3R,3R:28200685-29200684,28200685,29200684,24.5,0.0016748395130472,40164,0-fold,0.0002515890568711,0.0003730059357170928,0.0013706068640223785,True,0.0014232504561761,3.815624149358222,False
BurkinaFaso_BanaVillage_vs_Guinea_Siguiri_Dankakoro,BF_BanaVil vs GN_Siguiri,Without Nigeria,3R,3R:29200685-30200684,29200685,30200684,23.5,0.0002383507462243,15604,0-fold,0.0002515890568711,0.0003730059357170928,0.0013706068640223785,False,-1.3238310646799975e-05,-0.035490884672786015,False
BurkinaFaso_BanaVillage_vs_Guinea_Siguiri_Dankakoro,BF_BanaVil vs GN_Siguiri,Without Nigeria,3R,3R:30200685-31200684,30200685,31200684,22.5,0.000497089443349,41533,0-fold,0.0002515890568711,0.0003730059357170928,0.0013706068640223785,False,0.00024550038647790003,0.6581675061173835,False
BurkinaFaso_BanaVillage_vs_Guinea_Siguiri_Dankakoro,BF_BanaVil vs GN_Siguiri,Without Nigeria,3R,3R:31200685-32200684,31200685,32200684,21.5,0.0,31667,0-fold,0.0002515890568711,0.0003730059357170928,0.0013706068640223785,False,-0.0002515890568711,-0.6744907594765952,False
BurkinaFaso_BanaVillage_vs_Guinea_Siguiri_Dankakoro,BF_BanaVil vs GN_Siguiri,Without Nigeria,3R,3R:32200685-33200684,32200685,33200684,20.5,0.0006531708798531,8177,0-fold,0.0002515890568711,0.0003730059357170928,0.0013706068640223785,False,0.000401581822982,1.0766097386894686,False
BurkinaFaso_BanaVillage_vs_Guinea_Siguiri_Dankakoro,BF_BanaVil vs GN_Siguiri,Without Nigeria,3R,3R:33200685-34200684,33200685,34200684,19.5,0.0,28262,0-fold,0.0002515890568711,0.0003730059357170928,0.0013706068640223785,False,-0.0002515890568711,-0.6744907594765952,False
BurkinaFaso_BanaVillage_vs_Guinea_Siguiri_Dankakoro,BF_BanaVil vs GN_Siguiri,Without Nigeria,3R,3R:34200685-35200684,34200685,35200684,18.5,0.0002515890568711,31170,0-fold,0.0002515890568711,0.0003730059357170928,0.0013706068640223785,False,0.0,0.0,False
BurkinaFaso_BanaVillage_vs_Guinea_Siguiri_Dankakoro,BF_BanaVil vs GN_Siguiri,Without Nigeria,3R,3R:35200685-36200684,35200685,36200684,17.5,0.0008135474534167,55922,0-fold,0.0002515890568711,0.0003730059357170928,0.0013706068640223785,False,0.0005619583965456,1.5065669007793445,False
BurkinaFaso_BanaVillage_vs_Guinea_Siguiri_Dankakoro,BF_BanaVil vs GN_Siguiri,Without Nigeria,3R,3R:36200685-37200684,36200685,37200684,16.5,0.0006543595995997,50124,0-fold,0.0002515890568711,0.0003730059357170928,0.0013706068640223785,False,0.00040277054272860007,1.0797966041861657,False
BurkinaFaso_BanaVillage_vs_Guinea_Siguiri_Dankakoro,BF_BanaVil vs GN_Siguiri,Without Nigeria,3R,3R:37200685-38200684,37200685,38200684,15.5,0.0,40318,0-fold,0.0002515890568711,0.0003730059357170928,0.0013706068640223785,False,-0.0002515890568711,-0.6744907594765952,False
BurkinaFaso_BanaVillage_vs_Guinea_Siguiri_Dankakoro,BF_BanaVil vs GN_Siguiri,Without Nigeria,3R,3R:38200685-39200684,38200685,39200684,14.5,0.0,15162,0-fold,0.0002515890568711,0.0003730059357170928,0.0013706068640223785,False,-0.0002515890568711,-0.6744907594765952,False
BurkinaFaso_BanaVillage_vs_Guinea_Siguiri_Dankakoro,BF_BanaVil vs GN_Siguiri,Without Nigeria,3R,3R:39200685-40200684,39200685,40200684,13.5,0.0054313245501015,4046,0-fold,0.0002515890568711,0.0003730059357170928,0.0013706068640223785,True,0.0051797354932304005,13.886469348731712,False
BurkinaFaso_BanaVillage_vs_Guinea_Siguiri_Dankakoro,BF_BanaVil vs GN_Siguiri,Without Nigeria,3R,3R:40200685-41200684,40200685,41200684,12.5,0.0,943,0-fold,0.0002515890568711,0.0003730059357170928,0.0013706068640223785,False,-0.0002515890568711,-0.6744907594765952,True
BurkinaFaso_BanaVillage_vs_Guinea_Siguiri_Dankakoro,BF_BanaVil vs GN_Siguiri,Without Nigeria,3R,3R:41200685-42200684,41200685,42200684,11.5,0.0010578482183179,25544,0-fold,0.0002515890568711,0.0003730059357170928,0.0013706068640223785,False,0.0008062591614467999,2.1615183144385908,False
BurkinaFaso_BanaVillage_vs_Guinea_Siguiri_Dankakoro,BF_BanaVil vs GN_Siguiri,Without Nigeria,3R,3R:42200685-43200684,42200685,43200684,10.5,0.0,20567,0-fold,0.0002515890568711,0.0003730059357170928,0.0013706068640223785,False,-0.0002515890568711,-0.6744907594765952,False
BurkinaFaso_BanaVillage_vs_Guinea_Siguiri_Dankakoro,BF_BanaVil vs GN_Siguiri,Without Nigeria,3R,3R:43200685-44200684,43200685,44200684,9.5,0.0004354868235955,58548,0-fold,0.0002515890568711,0.0003730059357170928,0.0013706068640223785,False,0.00018389776672440004,0.4930156577022348,False
BurkinaFaso_BanaVillage_vs_Guinea_Siguiri_Dankakoro,BF_BanaVil vs GN_Siguiri,Without Nigeria,3R,3R:44200685-45200684,44200685,45200684,8.5,0.0005010231092312,29111,0-fold,0.0002515890568711,0.0003730059357170928,0.0013706068640223785,False,0.0002494340523601,0.6687133594283706,False
BurkinaFaso_BanaVillage_vs_Guinea_Siguiri_Dankakoro,BF_BanaVil vs GN_Siguiri,Without Nigeria,3R,3R:45200685-46200684,45200685,46200684,7.5,0.0012981841206191,32093,0-fold,0.0002515890568711,0.0003730059357170928,0.0013706068640223785,False,0.001046595063748,2.8058402388046506,False
BurkinaFaso_BanaVillage_vs_Guinea_Siguiri_Dankakoro,BF_BanaVil vs GN_Siguiri,Without Nigeria,3R,3R:46200685-47200684,46200685,47200684,6.5,0.0,27275,0-fold,0.0002515890568711,0.0003730059357170928,0.0013706068640223785,False,-0.0002515890568711,-0.6744907594765952,False
BurkinaFaso_BanaVillage_vs_Guinea_Siguiri_Dankakoro,BF_BanaVil vs GN_Siguiri,Without Nigeria,3R,3R:47200685-48200684,47200685,48200684,5.5,0.0,61531,0-fold,0.0002515890568711,0.0003730059357170928,0.0013706068640223785,False,-0.0002515890568711,-0.6744907594765952,False
BurkinaFaso_BanaVillage_vs_Guinea_Siguiri_Dankakoro,BF_BanaVil vs GN_Siguiri,Without Nigeria,3R,3R:48200685-49200684,48200685,49200684,4.5,0.0004332348338812,46164,0-fold,0.0002515890568711,0.0003730059357170928,0.0013706068640223785,False,0.0001816457770101,0.4869782478417975,False
BurkinaFaso_BanaVillage_vs_Guinea_Siguiri_Dankakoro,BF_BanaVil vs GN_Siguiri,Without Nigeria,3R,3R:49200685-50200684,49200685,50200684,3.5,0.0,43712,0-fold,0.0002515890568711,0.0003730059357170928,0.0013706068640223785,False,-0.0002515890568711,-0.6744907594765952,False
BurkinaFaso_BanaVillage_vs_Guinea_Siguiri_Dankakoro,BF_BanaVil vs GN_Siguiri,Without Nigeria,3R,3R:50200685-51200684,50200685,51200684,2.5,0.0,34569,0-fold,0.0002515890568711,0.0003730059357170928,0.0013706068640223785,False,-0.0002515890568711,-0.6744907594765952,False
BurkinaFaso_BanaVillage_vs_Guinea_Siguiri_Dankakoro,BF_BanaVil vs GN_Siguiri,Without Nigeria,3R,3R:51200685-52200684,51200685,52200684,1.5,0.0,53535,0-fold,0.0002515890568711,0.0003730059357170928,0.0013706068640223785,False,-0.0002515890568711,-0.6744907594765952,False
BurkinaFaso_BanaVillage_vs_Guinea_Siguiri_Dankakoro,BF_BanaVil vs GN_Siguiri,Without Nigeria,3R,3R:52200685-53200684,52200685,53200684,0.5,0.0035548556123291,11296,0-fold,0.0002515890568711,0.0003730059357170928,0.0013706068640223785,True,0.0033032665554580004,8.855801581568853,False
BurkinaFaso_BanaVillage_vs_Guinea_Siguiri_Dankakoro,BF_BanaVil vs GN_Siguiri,Without Nigeria,X,X:10393109-11393108,10393109,11393108,13.5,0.0006608036344542,23410,0-fold,0.00052232989816255,0.0007744063070157965,0.0028455488192099393,False,0.00013847373629165,0.1788127692622542,False
BurkinaFaso_BanaVillage_vs_Guinea_Siguiri_Dankakoro,BF_BanaVil vs GN_Siguiri,Without Nigeria,X,X:11393109-12393108,11393109,12393108,12.5,0.0003233578101039,33914,0-fold,0.00052232989816255,0.0007744063070157965,0.0028455488192099393,False,-0.00019897208805864995,-0.25693500460423196,False
BurkinaFaso_BanaVillage_vs_Guinea_Siguiri_Dankakoro,BF_BanaVil vs GN_Siguiri,Without Nigeria,X,X:12393109-13393108,12393109,13393108,11.5,0.0007575427310545,24701,0-fold,0.00052232989816255,0.0007744063070157965,0.0028455488192099393,False,0.00023521283289195,0.30373310594325015,False
BurkinaFaso_BanaVillage_vs_Guinea_Siguiri_Dankakoro,BF_BanaVil vs GN_Siguiri,Without Nigeria,X,X:1393109-2393108,1393109,2393108,22.5,0.0,46192,0-fold,0.00052232989816255,0.0007744063070157965,0.0028455488192099393,False,-0.00052232989816255,-0.6744907594765952,False
BurkinaFaso_BanaVillage_vs_Guinea_Siguiri_Dankakoro,BF_BanaVil vs GN_Siguiri,Without Nigeria,X,X:17393109-18393108,17393109,18393108,6.5,0.0021908933545374,26828,0-fold,0.00052232989816255,0.0007744063070157965,0.0028455488192099393,False,0.00166856345637485,2.1546356754307974,False
BurkinaFaso_BanaVillage_vs_Guinea_Siguiri_Dankakoro,BF_BanaVil vs GN_Siguiri,Without Nigeria,X,X:18393109-19393108,18393109,19393108,5.5,0.0,30246,0-fold,0.00052232989816255,0.0007744063070157965,0.0028455488192099393,False,-0.00052232989816255,-0.6744907594765952,False
BurkinaFaso_BanaVillage_vs_Guinea_Siguiri_Dankakoro,BF_BanaVil vs GN_Siguiri,Without Nigeria,X,X:19393109-20393108,19393109,20393108,4.5,0.0026735037672811,26297,0-fold,0.00052232989816255,0.0007744063070157965,0.0028455488192099393,False,0.00215117386911855,2.7778361948111945,False
BurkinaFaso_BanaVillage_vs_Guinea_Siguiri_Dankakoro,BF_BanaVil vs GN_Siguiri,Without Nigeria,X,X:20393109-21393108,20393109,21393108,3.5,0.0013657617760542,4346,0-fold,0.00052232989816255,0.0007744063070157965,0.0028455488192099393,False,0.00084343187789165,1.0891335339737174,False
BurkinaFaso_BanaVillage_vs_Guinea_Siguiri_Dankakoro,BF_BanaVil vs GN_Siguiri,Without Nigeria,X,X:21393109-22393108,21393109,22393108,2.5,0.0018841882038346,4241,0-fold,0.00052232989816255,0.0007744063070157965,0.0028455488192099393,False,0.00136185830567205,1.7585836960962025,False
BurkinaFaso_BanaVillage_vs_Guinea_Siguiri_Dankakoro,BF_BanaVil vs GN_Siguiri,Without Nigeria,X,X:22393109-23393108,22393109,23393108,1.5,0.0008962256632227,3779,0-fold,0.00052232989816255,0.0007744063070157965,0.0028455488192099393,False,0.00037389576506015006,0.48281601230879856,False
BurkinaFaso_BanaVillage_vs_Guinea_Siguiri_Dankakoro,BF_BanaVil vs GN_Siguiri,Without Nigeria,X,X:23393109-24393108,23393109,24393108,0.5,0.0014017447343615,7769,0-fold,0.00052232989816255,0.0007744063070157965,0.0028455488192099393,False,0.00087941483619895,1.1355987525305775,False
BurkinaFaso_BanaVillage_vs_Guinea_Siguiri_Dankakoro,BF_BanaVil vs GN_Siguiri,Without Nigeria,X,X:2393109-3393108,2393109,3393108,21.5,7.966192013253982e-05,40663,0-fold,0.00052232989816255,0.0007744063070157965,0.0028455488192099393,False,-0.00044266797803001016,-0.5716223822296175,False
BurkinaFaso_BanaVillage_vs_Guinea_Siguiri_Dankakoro,BF_BanaVil vs GN_Siguiri,Without Nigeria,X,X:3393109-4393108,3393109,4393108,20.5,0.0,21945,0-fold,0.00052232989816255,0.0007744063070157965,0.0028455488192099393,False,-0.00052232989816255,-0.6744907594765952,False
BurkinaFaso_BanaVillage_vs_Guinea_Siguiri_Dankakoro,BF_BanaVil vs GN_Siguiri,Without Nigeria,X,X:393109-1393108,393109,1393108,23.5,0.0,54171,0-fold,0.00052232989816255,0.0007744063070157965,0.0028455488192099393,False,-0.00052232989816255,-0.6744907594765952,False
BurkinaFaso_BanaVillage_vs_Guinea_Siguiri_Dankakoro,BF_BanaVil vs GN_Siguiri,Without Nigeria,X,X:4393109-5393108,4393109,5393108,19.5,0.0003838561618709,37899,0-fold,0.00052232989816255,0.0007744063070157965,0.0028455488192099393,False,-0.00013847373629164995,-0.17881276926225412,False
BurkinaFaso_BanaVillage_vs_Guinea_Siguiri_Dankakoro,BF_BanaVil vs GN_Siguiri,Without Nigeria,X,X:5393109-6393108,5393109,6393108,18.5,0.0,37847,0-fold,0.00052232989816255,0.0007744063070157965,0.0028455488192099393,False,-0.00052232989816255,-0.6744907594765952,False
BurkinaFaso_BanaVillage_vs_Guinea_Siguiri_Dankakoro,BF_BanaVil vs GN_Siguiri,Without Nigeria,X,X:6393109-7393108,6393109,7393108,17.5,0.0,37169,0-fold,0.00052232989816255,0.0007744063070157965,0.0028455488192099393,False,-0.00052232989816255,-0.6744907594765952,False
BurkinaFaso_BanaVillage_vs_Guinea_Siguiri_Dankakoro,BF_BanaVil vs GN_Siguiri,Without Nigeria,X,X:7393109-8393108,7393109,8393108,16.5,0.0,49696,0-fold,0.00052232989816255,0.0007744063070157965,0.0028455488192099393,False,-0.00052232989816255,-0.6744907594765952,False
BurkinaFaso_BanaVillage_vs_Guinea_Siguiri_Dankakoro,BF_BanaVil vs GN_Siguiri,Without Nigeria,X,X:8393109-9393108,8393109,9393108,15.5,0.013081620214665,23518,0-fold,0.00052232989816255,0.0007744063070157965,0.0028455488192099393,True,0.01255929031650245,16.21795974893353,False
BurkinaFaso_BanaVillage_vs_Guinea_Siguiri_Dankakoro,BF_BanaVil vs GN_Siguiri,Without Nigeria,X,X:9393109-10393108,9393109,10393108,14.5,0.0037440247833892,44499,0-fold,0.00052232989816255,0.0007744063070157965,0.0028455488192099393,True,0.0032216948852266504,4.160212611957632,False
BurkinaFaso_BanaVillage_vs_Mali_Faladje,BF_BanaVil vs ML_Faladje,Without Nigeria,3R,3R:28200685-29200684,28200685,29200684,24.5,0.0,40164,0-fold,3.242862968651179e-05,4.807868637322238e-05,0.00017666468880617894,False,-3.242862968651179e-05,-0.6744907594765952,False
BurkinaFaso_BanaVillage_vs_Mali_Faladje,BF_BanaVil vs ML_Faladje,Without Nigeria,3R,3R:29200685-30200684,29200685,30200684,23.5,0.0,15604,0-fold,3.242862968651179e-05,4.807868637322238e-05,0.00017666468880617894,False,-3.242862968651179e-05,-0.6744907594765952,False
BurkinaFaso_BanaVillage_vs_Mali_Faladje,BF_BanaVil vs ML_Faladje,Without Nigeria,3R,3R:30200685-31200684,30200685,31200684,22.5,0.0001104161944663,41533,0-fold,3.242862968651179e-05,4.807868637322238e-05,0.00017666468880617894,False,7.798756477978821e-05,1.6220818550322063,False
BurkinaFaso_BanaVillage_vs_Mali_Faladje,BF_BanaVil vs ML_Faladje,Without Nigeria,3R,3R:31200685-32200684,31200685,32200684,21.5,0.0001872830727215,31667,0-fold,3.242862968651179e-05,4.807868637322238e-05,0.00017666468880617894,True,0.0001548544430349882,3.2208542852625652,False
BurkinaFaso_BanaVillage_vs_Mali_Faladje,BF_BanaVil vs ML_Faladje,Without Nigeria,3R,3R:32200685-33200684,32200685,33200684,20.5,0.0004169489982799,8177,0-fold,3.242862968651179e-05,4.807868637322238e-05,0.00017666468880617894,True,0.0003845203685933882,7.99773033748169,False
BurkinaFaso_BanaVillage_vs_Mali_Faladje,BF_BanaVil vs ML_Faladje,Without Nigeria,3R,3R:33200685-34200684,33200685,34200684,19.5,0.0001404194788944,28262,0-fold,3.242862968651179e-05,4.807868637322238e-05,0.00017666468880617894,False,0.0001079908492078882,2.2461272832952055,False
BurkinaFaso_BanaVillage_vs_Mali_Faladje,BF_BanaVil vs ML_Faladje,Without Nigeria,3R,3R:34200685-35200684,34200685,35200684,18.5,0.0008558343636373,31170,0-fold,3.242862968651179e-05,4.807868637322238e-05,0.00017666468880617894,True,0.0008234057339507883,17.126211135614295,False
BurkinaFaso_BanaVillage_vs_Mali_Faladje,BF_BanaVil vs ML_Faladje,Without Nigeria,3R,3R:35200685-36200684,35200685,36200684,17.5,0.0008872800352832,55922,0-fold,3.242862968651179e-05,4.807868637322238e-05,0.00017666468880617894,True,0.0008548514055966882,17.780257117690326,False
BurkinaFaso_BanaVillage_vs_Mali_Faladje,BF_BanaVil vs ML_Faladje,Without Nigeria,3R,3R:36200685-37200684,36200685,37200684,16.5,3.242862968651179e-05,50124,0-fold,3.242862968651179e-05,4.807868637322238e-05,0.00017666468880617894,False,0.0,0.0,False
BurkinaFaso_BanaVillage_vs_Mali_Faladje,BF_BanaVil vs ML_Faladje,Without Nigeria,3R,3R:37200685-38200684,37200685,38200684,15.5,0.0,40318,0-fold,3.242862968651179e-05,4.807868637322238e-05,0.00017666468880617894,False,-3.242862968651179e-05,-0.6744907594765952,False
BurkinaFaso_BanaVillage_vs_Mali_Faladje,BF_BanaVil vs ML_Faladje,Without Nigeria,3R,3R:38200685-39200684,38200685,39200684,14.5,0.0,15162,0-fold,3.242862968651179e-05,4.807868637322238e-05,0.00017666468880617894,False,-3.242862968651179e-05,-0.6744907594765952,False
BurkinaFaso_BanaVillage_vs_Mali_Faladje,BF_BanaVil vs ML_Faladje,Without Nigeria,3R,3R:39200685-40200684,39200685,40200684,13.5,0.0002542812892158,4046,0-fold,3.242862968651179e-05,4.807868637322238e-05,0.00017666468880617894,True,0.0002218526595292882,4.614366079120871,False
BurkinaFaso_BanaVillage_vs_Mali_Faladje,BF_BanaVil vs ML_Faladje,Without Nigeria,3R,3R:40200685-41200684,40200685,41200684,12.5,0.0,943,0-fold,3.242862968651179e-05,4.807868637322238e-05,0.00017666468880617894,False,-3.242862968651179e-05,-0.6744907594765952,True
BurkinaFaso_BanaVillage_vs_Mali_Faladje,BF_BanaVil vs ML_Faladje,Without Nigeria,3R,3R:41200685-42200684,41200685,42200684,11.5,0.0001202097074738,25544,0-fold,3.242862968651179e-05,4.807868637322238e-05,0.00017666468880617894,False,8.778107778728821e-05,1.8257794546603552,False
BurkinaFaso_BanaVillage_vs_Mali_Faladje,BF_BanaVil vs ML_Faladje,Without Nigeria,3R,3R:42200685-43200684,42200685,43200684,10.5,0.0,20567,0-fold,3.242862968651179e-05,4.807868637322238e-05,0.00017666468880617894,False,-3.242862968651179e-05,-0.6744907594765952,False
BurkinaFaso_BanaVillage_vs_Mali_Faladje,BF_BanaVil vs ML_Faladje,Without Nigeria,3R,3R:43200685-44200684,43200685,44200684,9.5,0.0007418012160646,58548,0-fold,3.242862968651179e-05,4.807868637322238e-05,0.00017666468880617894,True,0.0007093725863780882,14.754408655665271,False
BurkinaFaso_BanaVillage_vs_Mali_Faladje,BF_BanaVil vs ML_Faladje,Without Nigeria,3R,3R:44200685-45200684,44200685,45200684,8.5,0.0,29111,0-fold,3.242862968651179e-05,4.807868637322238e-05,0.00017666468880617894,False,-3.242862968651179e-05,-0.6744907594765952,False
BurkinaFaso_BanaVillage_vs_Mali_Faladje,BF_BanaVil vs ML_Faladje,Without Nigeria,3R,3R:45200685-46200684,45200685,46200684,7.5,0.0015412186937861,32093,0-fold,3.242862968651179e-05,4.807868637322238e-05,0.00017666468880617894,True,0.0015087900640995881,31.381682361020474,False
BurkinaFaso_BanaVillage_vs_Mali_Faladje,BF_BanaVil vs ML_Faladje,Without Nigeria,3R,3R:46200685-47200684,46200685,47200684,6.5,0.0007069429201109,27275,0-fold,3.242862968651179e-05,4.807868637322238e-05,0.00017666468880617894,True,0.0006745142904243883,14.02938269128879,False
BurkinaFaso_BanaVillage_vs_Mali_Faladje,BF_BanaVil vs ML_Faladje,Without Nigeria,3R,3R:47200685-48200684,47200685,48200684,5.5,0.0,61531,0-fold,3.242862968651179e-05,4.807868637322238e-05,0.00017666468880617894,False,-3.242862968651179e-05,-0.6744907594765952,False
BurkinaFaso_BanaVillage_vs_Mali_Faladje,BF_BanaVil vs ML_Faladje,Without Nigeria,3R,3R:48200685-49200684,48200685,49200684,4.5,0.0,46164,0-fold,3.242862968651179e-05,4.807868637322238e-05,0.00017666468880617894,False,-3.242862968651179e-05,-0.6744907594765952,False
BurkinaFaso_BanaVillage_vs_Mali_Faladje,BF_BanaVil vs ML_Faladje,Without Nigeria,3R,3R:49200685-50200684,49200685,50200684,3.5,0.0012551691174269,43712,0-fold,3.242862968651179e-05,4.807868637322238e-05,0.00017666468880617894,True,0.0012227404877403882,25.432069384104437,False
BurkinaFaso_BanaVillage_vs_Mali_Faladje,BF_BanaVil vs ML_Faladje,Without Nigeria,3R,3R:50200685-51200684,50200685,51200684,2.5,0.0,34569,0-fold,3.242862968651179e-05,4.807868637322238e-05,0.00017666468880617894,False,-3.242862968651179e-05,-0.6744907594765952,False
BurkinaFaso_BanaVillage_vs_Mali_Faladje,BF_BanaVil vs ML_Faladje,Without Nigeria,3R,3R:51200685-52200684,51200685,52200684,1.5,0.0,53535,0-fold,3.242862968651179e-05,4.807868637322238e-05,0.00017666468880617894,False,-3.242862968651179e-05,-0.6744907594765952,False
BurkinaFaso_BanaVillage_vs_Mali_Faladje,BF_BanaVil vs ML_Faladje,Without Nigeria,3R,3R:52200685-53200684,52200685,53200684,0.5,0.0,11296,0-fold,3.242862968651179e-05,4.807868637322238e-05,0.00017666468880617894,False,-3.242862968651179e-05,-0.6744907594765952,False
BurkinaFaso_BanaVillage_vs_Mali_Faladje,BF_BanaVil vs ML_Faladje,Without Nigeria,X,X:10393109-11393108,10393109,11393108,13.5,0.0001360396429827,23410,0-fold,0.0002183448234131,0.00032371803519226205,0.001189498928989886,False,-8.23051804304e-05,-0.2542495983627154,False
BurkinaFaso_BanaVillage_vs_Mali_Faladje,BF_BanaVil vs ML_Faladje,Without Nigeria,X,X:11393109-12393108,11393109,12393108,12.5,0.0013456897827931,33914,0-fold,0.0002183448234131,0.00032371803519226205,0.001189498928989886,True,0.00112734495938,3.4824904293962162,False
BurkinaFaso_BanaVillage_vs_Mali_Faladje,BF_BanaVil vs ML_Faladje,Without Nigeria,X,X:12393109-13393108,12393109,13393108,11.5,0.0,24701,0-fold,0.0002183448234131,0.00032371803519226205,0.001189498928989886,False,-0.0002183448234131,-0.6744907594765952,False
BurkinaFaso_BanaVillage_vs_Mali_Faladje,BF_BanaVil vs ML_Faladje,Without Nigeria,X,X:1393109-2393108,1393109,2393108,22.5,0.0,46192,0-fold,0.0002183448234131,0.00032371803519226205,0.001189498928989886,False,-0.0002183448234131,-0.6744907594765952,False
BurkinaFaso_BanaVillage_vs_Mali_Faladje,BF_BanaVil vs ML_Faladje,Without Nigeria,X,X:17393109-18393108,17393109,18393108,6.5,0.0014368254990421,26828,0-fold,0.0002183448234131,0.00032371803519226205,0.001189498928989886,True,0.001218480675629,3.7640185073572505,False
BurkinaFaso_BanaVillage_vs_Mali_Faladje,BF_BanaVil vs ML_Faladje,Without Nigeria,X,X:18393109-19393108,18393109,19393108,5.5,0.0001407002871034,30246,0-fold,0.0002183448234131,0.00032371803519226205,0.001189498928989886,False,-7.76445363097e-05,-0.23985236492488127,False
BurkinaFaso_BanaVillage_vs_Mali_Faladje,BF_BanaVil vs ML_Faladje,Without Nigeria,X,X:19393109-20393108,19393109,20393108,4.5,0.000250215632285,26297,0-fold,0.0002183448234131,0.00032371803519226205,0.001189498928989886,False,3.187080887189999e-05,0.09845237338405115,False
BurkinaFaso_BanaVillage_vs_Mali_Faladje,BF_BanaVil vs ML_Faladje,Without Nigeria,X,X:20393109-21393108,20393109,21393108,3.5,0.0,4346,0-fold,0.0002183448234131,0.00032371803519226205,0.001189498928989886,False,-0.0002183448234131,-0.6744907594765952,False
BurkinaFaso_BanaVillage_vs_Mali_Faladje,BF_BanaVil vs ML_Faladje,Without Nigeria,X,X:21393109-22393108,21393109,22393108,2.5,0.0029094701775721,4241,0-fold,0.0002183448234131,0.00032371803519226205,0.001189498928989886,True,0.0026911253541590002,8.313177091170381,False
BurkinaFaso_BanaVillage_vs_Mali_Faladje,BF_BanaVil vs ML_Faladje,Without Nigeria,X,X:22393109-23393108,22393109,23393108,1.5,0.0001864740145412,3779,0-fold,0.0002183448234131,0.00032371803519226205,0.001189498928989886,False,-3.187080887189999e-05,-0.09845237338405115,False
BurkinaFaso_BanaVillage_vs_Mali_Faladje,BF_BanaVil vs ML_Faladje,Without Nigeria,X,X:23393109-24393108,23393109,24393108,0.5,0.0004875210444696,7769,0-fold,0.0002183448234131,0.00032371803519226205,0.001189498928989886,False,0.0002691762210565,0.8315144409443588,False
BurkinaFaso_BanaVillage_vs_Mali_Faladje,BF_BanaVil vs ML_Faladje,Without Nigeria,X,X:2393109-3393108,2393109,3393108,21.5,0.0,40663,0-fold,0.0002183448234131,0.00032371803519226205,0.001189498928989886,False,-0.0002183448234131,-0.6744907594765952,False
BurkinaFaso_BanaVillage_vs_Mali_Faladje,BF_BanaVil vs ML_Faladje,Without Nigeria,X,X:3393109-4393108,3393109,4393108,20.5,0.0,21945,0-fold,0.0002183448234131,0.00032371803519226205,0.001189498928989886,False,-0.0002183448234131,-0.6744907594765952,False
BurkinaFaso_BanaVillage_vs_Mali_Faladje,BF_BanaVil vs ML_Faladje,Without Nigeria,X,X:393109-1393108,393109,1393108,23.5,0.0003665082102505,54171,0-fold,0.0002183448234131,0.00032371803519226205,0.001189498928989886,False,0.0001481633868374,0.45769271628441416,False
BurkinaFaso_BanaVillage_vs_Mali_Faladje,BF_BanaVil vs ML_Faladje,Without Nigeria,X,X:4393109-5393108,4393109,5393108,19.5,0.0002521320375706,37899,0-fold,0.0002183448234131,0.00032371803519226205,0.001189498928989886,False,3.378721415750002e-05,0.10437235644728036,False
BurkinaFaso_BanaVillage_vs_Mali_Faladje,BF_BanaVil vs ML_Faladje,Without Nigeria,X,X:5393109-6393108,5393109,6393108,18.5,0.0,37847,0-fold,0.0002183448234131,0.00032371803519226205,0.001189498928989886,False,-0.0002183448234131,-0.6744907594765952,False
BurkinaFaso_BanaVillage_vs_Mali_Faladje,BF_BanaVil vs ML_Faladje,Without Nigeria,X,X:6393109-7393108,6393109,7393108,17.5,0.000695776892193,37169,0-fold,0.0002183448234131,0.00032371803519226205,0.001189498928989886,False,0.0004774320687799,1.47483926404145,False
BurkinaFaso_BanaVillage_vs_Mali_Faladje,BF_BanaVil vs ML_Faladje,Without Nigeria,X,X:7393109-8393108,7393109,8393108,16.5,9.194190480236813e-05,49696,0-fold,0.0002183448234131,0.00032371803519226205,0.001189498928989886,False,-0.00012640291861073187,-0.39047227793675093,False
BurkinaFaso_BanaVillage_vs_Mali_Faladje,BF_BanaVil vs ML_Faladje,Without Nigeria,X,X:8393109-9393108,8393109,9393108,15.5,0.0111048736965144,23518,0-fold,0.0002183448234131,0.00032371803519226205,0.001189498928989886,True,0.010886528873101299,33.62966436712613,False
BurkinaFaso_BanaVillage_vs_Mali_Faladje,BF_BanaVil vs ML_Faladje,Without Nigeria,X,X:9393109-10393108,9393109,10393108,14.5,0.0026682838411997,44499,0-fold,0.0002183448234131,0.00032371803519226205,0.001189498928989886,True,0.0024499390177866003,7.568126429321545,False
Guinea_Siguiri_Dankakoro_vs_Mali_Faladje,GN_Siguiri vs ML_Faladje,Without Nigeria,3R,3R:28200685-29200684,28200685,29200684,24.5,0.0,40164,0-fold,1.960342752065685e-06,2.9064041642125846e-06,1.067955524470344e-05,False,-1.960342752065685e-06,-0.6744907594765952,False
Guinea_Siguiri_Dankakoro_vs_Mali_Faladje,GN_Siguiri vs ML_Faladje,Without Nigeria,3R,3R:29200685-30200684,29200685,30200684,23.5,1.960342752065685e-06,15604,0-fold,1.960342752065685e-06,2.9064041642125846e-06,1.067955524470344e-05,False,0.0,0.0,False
Guinea_Siguiri_Dankakoro_vs_Mali_Faladje,GN_Siguiri vs ML_Faladje,Without Nigeria,3R,3R:30200685-31200684,30200685,31200684,22.5,0.0,41533,0-fold,1.960342752065685e-06,2.9064041642125846e-06,1.067955524470344e-05,False,-1.960342752065685e-06,-0.6744907594765952,False
Guinea_Siguiri_Dankakoro_vs_Mali_Faladje,GN_Siguiri vs ML_Faladje,Without Nigeria,3R,3R:31200685-32200684,31200685,32200684,21.5,0.0001704608776308,31667,0-fold,1.960342752065685e-06,2.9064041642125846e-06,1.067955524470344e-05,True,0.00016850053487873432,57.975603308559535,False
Guinea_Siguiri_Dankakoro_vs_Mali_Faladje,GN_Siguiri vs ML_Faladje,Without Nigeria,3R,3R:32200685-33200684,32200685,33200684,20.5,0.0011301128755299,8177,0-fold,1.960342752065685e-06,2.9064041642125846e-06,1.067955524470344e-05,True,0.0011281525327778343,388.1609263670589,False
Guinea_Siguiri_Dankakoro_vs_Mali_Faladje,GN_Siguiri vs ML_Faladje,Without Nigeria,3R,3R:33200685-34200684,33200685,34200684,19.5,0.0,28262,0-fold,1.960342752065685e-06,2.9064041642125846e-06,1.067955524470344e-05,False,-1.960342752065685e-06,-0.6744907594765952,False
Guinea_Siguiri_Dankakoro_vs_Mali_Faladje,GN_Siguiri vs ML_Faladje,Without Nigeria,3R,3R:34200685-35200684,34200685,35200684,18.5,0.0015257520120015,31170,0-fold,1.960342752065685e-06,2.9064041642125846e-06,1.067955524470344e-05,True,0.0015237916692494343,524.2876018457214,False
Guinea_Siguiri_Dankakoro_vs_Mali_Faladje,GN_Siguiri vs ML_Faladje,Without Nigeria,3R,3R:35200685-36200684,35200685,36200684,17.5,0.0005027055351802,55922,0-fold,1.960342752065685e-06,2.9064041642125846e-06,1.067955524470344e-05,True,0.0005007451924281342,172.29028178322827,False
Guinea_Siguiri_Dankakoro_vs_Mali_Faladje,GN_Siguiri vs ML_Faladje,Without Nigeria,3R,3R:36200685-37200684,36200685,37200684,16.5,0.0,50124,0-fold,1.960342752065685e-06,2.9064041642125846e-06,1.067955524470344e-05,False,-1.960342752065685e-06,-0.6744907594765952,False
Guinea_Siguiri_Dankakoro_vs_Mali_Faladje,GN_Siguiri vs ML_Faladje,Without Nigeria,3R,3R:37200685-38200684,37200685,38200684,15.5,0.0,40318,0-fold,1.960342752065685e-06,2.9064041642125846e-06,1.067955524470344e-05,False,-1.960342752065685e-06,-0.6744907594765952,False
Guinea_Siguiri_Dankakoro_vs_Mali_Faladje,GN_Siguiri vs ML_Faladje,Without Nigeria,3R,3R:38200685-39200684,38200685,39200684,14.5,0.0,15162,0-fold,1.960342752065685e-06,2.9064041642125846e-06,1.067955524470344e-05,False,-1.960342752065685e-06,-0.6744907594765952,False
Guinea_Siguiri_Dankakoro_vs_Mali_Faladje,GN_Siguiri vs ML_Faladje,Without Nigeria,3R,3R:39200685-40200684,39200685,40200684,13.5,0.0015388383340695,4046,0-fold,1.960342752065685e-06,2.9064041642125846e-06,1.067955524470344e-05,True,0.0015368779913174343,528.7901834994142,False
Guinea_Siguiri_Dankakoro_vs_Mali_Faladje,GN_Siguiri vs ML_Faladje,Without Nigeria,3R,3R:40200685-41200684,40200685,41200684,12.5,0.0,943,0-fold,1.960342752065685e-06,2.9064041642125846e-06,1.067955524470344e-05,False,-1.960342752065685e-06,-0.6744907594765952,True
Guinea_Siguiri_Dankakoro_vs_Mali_Faladje,GN_Siguiri vs ML_Faladje,Without Nigeria,3R,3R:41200685-42200684,41200685,42200684,11.5,0.0006782773626841,25544,0-fold,1.960342752065685e-06,2.9064041642125846e-06,1.067955524470344e-05,True,0.0006763170199320343,232.6988889775641,False
Guinea_Siguiri_Dankakoro_vs_Mali_Faladje,GN_Siguiri vs ML_Faladje,Without Nigeria,3R,3R:42200685-43200684,42200685,43200684,10.5,0.0,20567,0-fold,1.960342752065685e-06,2.9064041642125846e-06,1.067955524470344e-05,False,-1.960342752065685e-06,-0.6744907594765952,False
Guinea_Siguiri_Dankakoro_vs_Mali_Faladje,GN_Siguiri vs ML_Faladje,Without Nigeria,3R,3R:43200685-44200684,43200685,44200684,9.5,0.0,58548,0-fold,1.960342752065685e-06,2.9064041642125846e-06,1.067955524470344e-05,False,-1.960342752065685e-06,-0.6744907594765952,False
Guinea_Siguiri_Dankakoro_vs_Mali_Faladje,GN_Siguiri vs ML_Faladje,Without Nigeria,3R,3R:44200685-45200684,44200685,45200684,8.5,0.0003821440249299,29111,0-fold,1.960342752065685e-06,2.9064041642125846e-06,1.067955524470344e-05,True,0.0003801836821778343,130.8089517828073,False
Guinea_Siguiri_Dankakoro_vs_Mali_Faladje,GN_Siguiri vs ML_Faladje,Without Nigeria,3R,3R:45200685-46200684,45200685,46200684,7.5,0.0003410096136459,32093,0-fold,1.960342752065685e-06,2.9064041642125846e-06,1.067955524470344e-05,True,0.00033904927089383434,116.6559266149727,False
Guinea_Siguiri_Dankakoro_vs_Mali_Faladje,GN_Siguiri vs ML_Faladje,Without Nigeria,3R,3R:46200685-47200684,46200685,47200684,6.5,0.0004605968096854,27275,0-fold,1.960342752065685e-06,2.9064041642125846e-06,1.067955524470344e-05,True,0.00045863646693333434,157.8020264974366,False
Guinea_Siguiri_Dankakoro_vs_Mali_Faladje,GN_Siguiri vs ML_Faladje,Without Nigeria,3R,3R:47200685-48200684,47200685,48200684,5.5,0.0,61531,0-fold,1.960342752065685e-06,2.9064041642125846e-06,1.067955524470344e-05,False,-1.960342752065685e-06,-0.6744907594765952,False
Guinea_Siguiri_Dankakoro_vs_Mali_Faladje,GN_Siguiri vs ML_Faladje,Without Nigeria,3R,3R:48200685-49200684,48200685,49200684,4.5,0.0,46164,0-fold,1.960342752065685e-06,2.9064041642125846e-06,1.067955524470344e-05,False,-1.960342752065685e-06,-0.6744907594765952,False
Guinea_Siguiri_Dankakoro_vs_Mali_Faladje,GN_Siguiri vs ML_Faladje,Without Nigeria,3R,3R:49200685-50200684,49200685,50200684,3.5,0.0005012480529087,43712,0-fold,1.960342752065685e-06,2.9064041642125846e-06,1.067955524470344e-05,True,0.0004992877101566343,171.78880910800768,False
Guinea_Siguiri_Dankakoro_vs_Mali_Faladje,GN_Siguiri vs ML_Faladje,Without Nigeria,3R,3R:50200685-51200684,50200685,51200684,2.5,0.0,34569,0-fold,1.960342752065685e-06,2.9064041642125846e-06,1.067955524470344e-05,False,-1.960342752065685e-06,-0.6744907594765952,False
Guinea_Siguiri_Dankakoro_vs_Mali_Faladje,GN_Siguiri vs ML_Faladje,Without Nigeria,3R,3R:51200685-52200684,51200685,52200684,1.5,0.0004273679875018,53535,0-fold,1.960342752065685e-06,2.9064041642125846e-06,1.067955524470344e-05,True,0.00042540764474973433,146.36905974327476,False
Guinea_Siguiri_Dankakoro_vs_Mali_Faladje,GN_Siguiri vs ML_Faladje,Without Nigeria,3R,3R:52200685-53200684,52200685,53200684,0.5,0.0004851863327977,11296,0-fold,1.960342752065685e-06,2.9064041642125846e-06,1.067955524470344e-05,True,0.00048322599004563434,166.26248888428495,False
Guinea_Siguiri_Dankakoro_vs_Mali_Faladje,GN_Siguiri vs ML_Faladje,Without Nigeria,X,X:10393109-11393108,10393109,11393108,13.5,0.0,23410,0-fold,0.0,0.0007020214301019273,0.002106064290305782,False,0.0,0.0,False
Guinea_Siguiri_Dankakoro_vs_Mali_Faladje,GN_Siguiri vs ML_Faladje,Without Nigeria,X,X:11393109-12393108,11393109,12393108,12.5,0.0011774268255417,33914,0-fold,0.0,0.0007020214301019273,0.002106064290305782,False,0.0011774268255417,1.6771949901454546,False
Guinea_Siguiri_Dankakoro_vs_Mali_Faladje,GN_Siguiri vs ML_Faladje,Without Nigeria,X,X:12393109-13393108,12393109,13393108,11.5,0.0016831620275673,24701,0-fold,0.0,0.0007020214301019273,0.002106064290305782,False,0.0016831620275673,2.397593514093893,False
Guinea_Siguiri_Dankakoro_vs_Mali_Faladje,GN_Siguiri vs ML_Faladje,Without Nigeria,X,X:1393109-2393108,1393109,2393108,22.5,0.0,46192,0-fold,0.0,0.0007020214301019273,0.002106064290305782,False,0.0,0.0,False
Guinea_Siguiri_Dankakoro_vs_Mali_Faladje,GN_Siguiri vs ML_Faladje,Without Nigeria,X,X:17393109-18393108,17393109,18393108,6.5,0.0,26828,0-fold,0.0,0.0007020214301019273,0.002106064290305782,False,0.0,0.0,False
Guinea_Siguiri_Dankakoro_vs_Mali_Faladje,GN_Siguiri vs ML_Faladje,Without Nigeria,X,X:18393109-19393108,18393109,19393108,5.5,0.0,30246,0-fold,0.0,0.0007020214301019273,0.002106064290305782,False,0.0,0.0,False
Guinea_Siguiri_Dankakoro_vs_Mali_Faladje,GN_Siguiri vs ML_Faladje,Without Nigeria,X,X:19393109-20393108,19393109,20393108,4.5,0.0002177307481033,26297,0-fold,0.0,0.0007020214301019273,0.002106064290305782,False,0.0002177307481033,0.31014829286862,False
Guinea_Siguiri_Dankakoro_vs_Mali_Faladje,GN_Siguiri vs ML_Faladje,Without Nigeria,X,X:20393109-21393108,20393109,21393108,3.5,0.0015595594511491,4346,0-fold,0.0,0.0007020214301019273,0.002106064290305782,False,0.0015595594511491,2.2215268427384984,False
Guinea_Siguiri_Dankakoro_vs_Mali_Faladje,GN_Siguiri vs ML_Faladje,Without Nigeria,X,X:21393109-22393108,21393109,22393108,2.5,0.0008702269370961,4241,0-fold,0.0,0.0007020214301019273,0.002106064290305782,False,0.0008702269370961,1.2396016699515153,False
Guinea_Siguiri_Dankakoro_vs_Mali_Faladje,GN_Siguiri vs ML_Faladje,Without Nigeria,X,X:22393109-23393108,22393109,23393108,1.5,0.0,3779,0-fold,0.0,0.0007020214301019273,0.002106064290305782,False,0.0,0.0,False
Guinea_Siguiri_Dankakoro_vs_Mali_Faladje,GN_Siguiri vs ML_Faladje,Without Nigeria,X,X:23393109-24393108,23393109,24393108,0.5,0.0014140645647677,7769,0-fold,0.0,0.0007020214301019273,0.002106064290305782,False,0.0014140645647677,2.0142754966360363,False
Guinea_Siguiri_Dankakoro_vs_Mali_Faladje,GN_Siguiri vs ML_Faladje,Without Nigeria,X,X:2393109-3393108,2393109,3393108,21.5,0.0,40663,0-fold,0.0,0.0007020214301019273,0.002106064290305782,False,0.0,0.0,False
Guinea_Siguiri_Dankakoro_vs_Mali_Faladje,GN_Siguiri vs ML_Faladje,Without Nigeria,X,X:3393109-4393108,3393109,4393108,20.5,0.0,21945,0-fold,0.0,0.0007020214301019273,0.002106064290305782,False,0.0,0.0,False
Guinea_Siguiri_Dankakoro_vs_Mali_Faladje,GN_Siguiri vs ML_Faladje,Without Nigeria,X,X:393109-1393108,393109,1393108,23.5,0.0,54171,0-fold,0.0,0.0007020214301019273,0.002106064290305782,False,0.0,0.0,False
Guinea_Siguiri_Dankakoro_vs_Mali_Faladje,GN_Siguiri vs ML_Faladje,Without Nigeria,X,X:4393109-5393108,4393109,5393108,19.5,5.402426104116693e-05,37899,0-fold,0.0,0.0007020214301019273,0.002106064290305782,False,5.402426104116693e-05,0.07695528758049891,False
Guinea_Siguiri_Dankakoro_vs_Mali_Faladje,GN_Siguiri vs ML_Faladje,Without Nigeria,X,X:5393109-6393108,5393109,6393108,18.5,0.0,37847,0-fold,0.0,0.0007020214301019273,0.002106064290305782,False,0.0,0.0,False
Guinea_Siguiri_Dankakoro_vs_Mali_Faladje,GN_Siguiri vs ML_Faladje,Without Nigeria,X,X:6393109-7393108,6393109,7393108,17.5,0.0,37169,0-fold,0.0,0.0007020214301019273,0.002106064290305782,False,0.0,0.0,False
Guinea_Siguiri_Dankakoro_vs_Mali_Faladje,GN_Siguiri vs ML_Faladje,Without Nigeria,X,X:7393109-8393108,7393109,8393108,16.5,0.0,49696,0-fold,0.0,0.0007020214301019273,0.002106064290305782,False,0.0,0.0,False
Guinea_Siguiri_Dankakoro_vs_Mali_Faladje,GN_Siguiri vs ML_Faladje,Without Nigeria,X,X:8393109-9393108,8393109,9393108,15.5,0.0,23518,0-fold,0.0,0.0007020214301019273,0.002106064290305782,False,0.0,0.0,False
Guinea_Siguiri_Dankakoro_vs_Mali_Faladje,GN_Siguiri vs ML_Faladje,Without Nigeria,X,X:9393109-10393108,9393109,10393108,14.5,0.0012469846852402,44499,0-fold,0.0,0.0007020214301019273,0.002106064290305782,False,0.0012469846852402,1.77627723566665,False
Nigeria_Gombe_vs_BurkinaFaso_BanaVillage,NG_Gombe vs BF_BanaVil,With Nigeria_Gombe,3R,3R:28200685-29200684,28200685,29200684,24.5,0.0704638363028301,10912,4-fold,0.0007398304964677,0.0008671952039175366,0.0033414161082203093,True,0.0697240058063624,80.4017428733296,False
Nigeria_Gombe_vs_BurkinaFaso_BanaVillage,NG_Gombe vs BF_BanaVil,With Nigeria_Gombe,3R,3R:29200685-30200684,29200685,30200684,23.5,0.0030552897337222,4146,4-fold,0.0007398304964677,0.0008671952039175366,0.0033414161082203093,False,0.0023154592372544996,2.6700554002080037,False
Nigeria_Gombe_vs_BurkinaFaso_BanaVillage,NG_Gombe vs BF_BanaVil,With Nigeria_Gombe,3R,3R:30200685-31200684,30200685,31200684,22.5,0.0001519153914942,10926,4-fold,0.0007398304964677,0.0008671952039175366,0.0033414161082203093,False,-0.0005879151049735,-0.6779501343153255,False
Nigeria_Gombe_vs_BurkinaFaso_BanaVillage,NG_Gombe vs BF_BanaVil,With Nigeria_Gombe,3R,3R:31200685-32200684,31200685,32200684,21.5,0.0008569277497336,8476,4-fold,0.0007398304964677,0.0008671952039175366,0.0033414161082203093,False,0.00011709725326590004,0.13502986725124355,False
Nigeria_Gombe_vs_BurkinaFaso_BanaVillage,NG_Gombe vs BF_BanaVil,With Nigeria_Gombe,3R,3R:32200685-33200684,32200685,33200684,20.5,0.0002435771572002,2090,4-fold,0.0007398304964677,0.0008671952039175366,0.0033414161082203093,False,-0.0004962533392675,-0.5722510191773268,False
Nigeria_Gombe_vs_BurkinaFaso_BanaVillage,NG_Gombe vs BF_BanaVil,With Nigeria_Gombe,3R,3R:33200685-34200684,33200685,34200684,19.5,5.609204982610479e-05,7436,4-fold,0.0007398304964677,0.0008671952039175366,0.0033414161082203093,False,-0.0006837384466415952,-0.788448141263721,False
Nigeria_Gombe_vs_BurkinaFaso_BanaVillage,NG_Gombe vs BF_BanaVil,With Nigeria_Gombe,3R,3R:34200685-35200684,34200685,35200684,18.5,0.0004996827352987,8453,4-fold,0.0007398304964677,0.0008671952039175366,0.0033414161082203093,False,-0.00024014776116900003,-0.27692468787204705,False
Nigeria_Gombe_vs_BurkinaFaso_BanaVillage,NG_Gombe vs BF_BanaVil,With Nigeria_Gombe,3R,3R:35200685-36200684,35200685,36200684,17.5,0.0009568951245651,13893,4-fold,0.0007398304964677,0.0008671952039175366,0.0033414161082203093,False,0.00021706462809740004,0.2503065366561243,False
Nigeria_Gombe_vs_BurkinaFaso_BanaVillage,NG_Gombe vs BF_BanaVil,With Nigeria_Gombe,3R,3R:36200685-37200684,36200685,37200684,16.5,0.0008747325188383,12882,4-fold,0.0007398304964677,0.0008671952039175366,0.0033414161082203093,False,0.00013490202237060006,0.1555613104883225,False
Nigeria_Gombe_vs_BurkinaFaso_BanaVillage,NG_Gombe vs BF_BanaVil,With Nigeria_Gombe,3R,3R:37200685-38200684,37200685,38200684,15.5,0.0006553237305582,10427,4-fold,0.0007398304964677,0.0008671952039175366,0.0033414161082203093,False,-8.450676590950003e-05,-0.09744837785972806,False
Nigeria_Gombe_vs_BurkinaFaso_BanaVillage,NG_Gombe vs BF_BanaVil,With Nigeria_Gombe,3R,3R:38200685-39200684,38200685,39200684,14.5,0.0005409007171119,3935,4-fold,0.0007398304964677,0.0008671952039175366,0.0033414161082203093,False,-0.00019892977935579998,-0.22939446442639302,False
Nigeria_Gombe_vs_BurkinaFaso_BanaVillage,NG_Gombe vs BF_BanaVil,With Nigeria_Gombe,3R,3R:39200685-40200684,39200685,40200684,13.5,0.0,929,4-fold,0.0007398304964677,0.0008671952039175366,0.0033414161082203093,False,-0.0007398304964677,-0.8531302907644448,True
Nigeria_Gombe_vs_BurkinaFaso_BanaVillage,NG_Gombe vs BF_BanaVil,With Nigeria_Gombe,3R,3R:40200685-41200684,40200685,41200684,12.5,0.0,154,4-fold,0.0007398304964677,0.0008671952039175366,0.0033414161082203093,False,-0.0007398304964677,-0.8531302907644448,True
Nigeria_Gombe_vs_BurkinaFaso_BanaVillage,NG_Gombe vs BF_BanaVil,With Nigeria_Gombe,3R,3R:41200685-42200684,41200685,42200684,11.5,0.0001479203678039,6292,4-fold,0.0007398304964677,0.0008671952039175366,0.0033414161082203093,False,-0.0005919101286638,-0.6825569675545461,False
Nigeria_Gombe_vs_BurkinaFaso_BanaVillage,NG_Gombe vs BF_BanaVil,With Nigeria_Gombe,3R,3R:42200685-43200684,42200685,43200684,10.5,0.0010281259485409,4926,4-fold,0.0007398304964677,0.0008671952039175366,0.0033414161082203093,False,0.0002882954520732001,0.33244585621649114,False
Nigeria_Gombe_vs_BurkinaFaso_BanaVillage,NG_Gombe vs BF_BanaVil,With Nigeria_Gombe,3R,3R:43200685-44200684,43200685,44200684,9.5,0.0019713982947096,15577,4-fold,0.0007398304964677,0.0008671952039175366,0.0033414161082203093,False,0.0012315677982419001,1.4201736733302004,False
Nigeria_Gombe_vs_BurkinaFaso_BanaVillage,NG_Gombe vs BF_BanaVil,With Nigeria_Gombe,3R,3R:44200685-45200684,44200685,45200684,8.5,0.0,7524,4-fold,0.0007398304964677,0.0008671952039175366,0.0033414161082203093,False,-0.0007398304964677,-0.8531302907644448,False
Nigeria_Gombe_vs_BurkinaFaso_BanaVillage,NG_Gombe vs BF_BanaVil,With Nigeria_Gombe,3R,3R:45200685-46200684,45200685,46200684,7.5,0.0030113001833196,8172,4-fold,0.0007398304964677,0.0008671952039175366,0.0033414161082203093,False,0.0022714696868519,2.6193291620970482,False
Nigeria_Gombe_vs_BurkinaFaso_BanaVillage,NG_Gombe vs BF_BanaVil,With Nigeria_Gombe,3R,3R:46200685-47200684,46200685,47200684,6.5,0.0001735497272657,6874,4-fold,0.0007398304964677,0.0008671952039175366,0.0033414161082203093,False,-0.000566280769202,-0.653002653432397,False
Nigeria_Gombe_vs_BurkinaFaso_BanaVillage,NG_Gombe vs BF_BanaVil,With Nigeria_Gombe,3R,3R:47200685-48200684,47200685,48200684,5.5,0.0013247456481725,15586,4-fold,0.0007398304964677,0.0008671952039175366,0.0033414161082203093,False,0.0005849151517048001,0.6744907594765952,False
Nigeria_Gombe_vs_BurkinaFaso_BanaVillage,NG_Gombe vs BF_BanaVil,With Nigeria_Gombe,3R,3R:48200685-49200684,48200685,49200684,4.5,0.0003006832884342,11478,4-fold,0.0007398304964677,0.0008671952039175366,0.0033414161082203093,False,-0.00043914720803349996,-0.5063994888920758,False
Nigeria_Gombe_vs_BurkinaFaso_BanaVillage,NG_Gombe vs BF_BanaVil,With Nigeria_Gombe,3R,3R:49200685-50200684,49200685,50200684,3.5,0.0029491125520184,10742,4-fold,0.0007398304964677,0.0008671952039175366,0.0033414161082203093,False,0.0022092820555507002,2.5476179360429043,False
Nigeria_Gombe_vs_BurkinaFaso_BanaVillage,NG_Gombe vs BF_BanaVil,With Nigeria_Gombe,3R,3R:50200685-51200684,50200685,51200684,2.5,0.0007398304964677,8386,4-fold,0.0007398304964677,0.0008671952039175366,0.0033414161082203093,False,0.0,0.0,False
Nigeria_Gombe_vs_BurkinaFaso_BanaVillage,NG_Gombe vs BF_BanaVil,With Nigeria_Gombe,3R,3R:51200685-52200684,51200685,52200684,1.5,0.0010524714891148,13121,4-fold,0.0007398304964677,0.0008671952039175366,0.0033414161082203093,False,0.00031264099264710003,0.3605197436917902,False
Nigeria_Gombe_vs_BurkinaFaso_BanaVillage,NG_Gombe vs BF_BanaVil,With Nigeria_Gombe,3R,3R:52200685-53200684,52200685,53200684,0.5,0.026708787577616,2594,4-fold,0.0007398304964677,0.0008671952039175366,0.0033414161082203093,True,0.0259689570811483,29.9459187087683,False
Nigeria_Gombe_vs_BurkinaFaso_BanaVillage,NG_Gombe vs BF_BanaVil,With Nigeria_Gombe,X,X:10393109-11393108,10393109,11393108,13.5,0.0007879528391585,7101,4-fold,0.00128421516921335,0.0012990874995101468,0.00518147766774379,False,-0.0004962623300548499,-0.3820083945399967,False
Nigeria_Gombe_vs_BurkinaFaso_BanaVillage,NG_Gombe vs BF_BanaVil,With Nigeria_Gombe,X,X:11393109-12393108,11393109,12393108,12.5,0.0008822653410062,9421,4-fold,0.00128421516921335,0.0012990874995101468,0.00518147766774379,False,-0.00040194982820714997,-0.3094093572286048,False
Nigeria_Gombe_vs_BurkinaFaso_BanaVillage,NG_Gombe vs BF_BanaVil,With Nigeria_Gombe,X,X:12393109-13393108,12393109,13393108,11.5,0.001996017412457,7262,4-fold,0.00128421516921335,0.0012990874995101468,0.00518147766774379,False,0.0007118022432436501,0.5479247883703391,False
Nigeria_Gombe_vs_BurkinaFaso_BanaVillage,NG_Gombe vs BF_BanaVil,With Nigeria_Gombe,X,X:1393109-2393108,1393109,2393108,22.5,0.001178598065658,13791,4-fold,0.00128421516921335,0.0012990874995101468,0.00518147766774379,False,-0.00010561710355534997,-0.08130099288552582,False
Nigeria_Gombe_vs_BurkinaFaso_BanaVillage,NG_Gombe vs BF_BanaVil,With Nigeria_Gombe,X,X:17393109-18393108,17393109,18393108,6.5,0.004089755795752,7663,4-fold,0.00128421516921335,0.0012990874995101468,0.00518147766774379,False,0.0028055406265386504,2.1596240650430008,False
Nigeria_Gombe_vs_BurkinaFaso_BanaVillage,NG_Gombe vs BF_BanaVil,With Nigeria_Gombe,X,X:18393109-19393108,18393109,19393108,5.5,0.0048461181316303,8599,4-fold,0.00128421516921335,0.0012990874995101468,0.00518147766774379,False,0.0035619029624169504,2.7418499244739514,False
Nigeria_Gombe_vs_BurkinaFaso_BanaVillage,NG_Gombe vs BF_BanaVil,With Nigeria_Gombe,X,X:19393109-20393108,19393109,20393108,4.5,0.0016652480930722,7559,4-fold,0.00128421516921335,0.0012990874995101468,0.00518147766774379,False,0.00038103292385885,0.29330812897709196,False
Nigeria_Gombe_vs_BurkinaFaso_BanaVillage,NG_Gombe vs BF_BanaVil,With Nigeria_Gombe,X,X:20393109-21393108,20393109,21393108,3.5,0.0050334829298915,1004,4-fold,0.00128421516921335,0.0012990874995101468,0.00518147766774379,False,0.0037492677606781504,2.8860779293865155,False
Nigeria_Gombe_vs_BurkinaFaso_BanaVillage,NG_Gombe vs BF_BanaVil,With Nigeria_Gombe,X,X:21393109-22393108,21393109,22393108,2.5,0.0027330307663706,1008,4-fold,0.00128421516921335,0.0012990874995101468,0.00518147766774379,False,0.0014488155971572499,1.1152563608714285,False
Nigeria_Gombe_vs_BurkinaFaso_BanaVillage,NG_Gombe vs BF_BanaVil,With Nigeria_Gombe,X,X:22393109-23393108,22393109,23393108,1.5,0.0002915536614179,913,4-fold,0.00128421516921335,0.0012990874995101468,0.00518147766774379,False,-0.00099266150779545,-0.7641221304721643,True
Nigeria_Gombe_vs_BurkinaFaso_BanaVillage,NG_Gombe vs BF_BanaVil,With Nigeria_Gombe,X,X:23393109-24393108,23393109,24393108,0.5,0.0,1995,4-fold,0.00128421516921335,0.0012990874995101468,0.00518147766774379,False,-0.00128421516921335,-0.9885517101023567,False
Nigeria_Gombe_vs_BurkinaFaso_BanaVillage,NG_Gombe vs BF_BanaVil,With Nigeria_Gombe,X,X:2393109-3393108,2393109,3393108,21.5,0.0012707120068711,12147,4-fold,0.00128421516921335,0.0012990874995101468,0.00518147766774379,False,-1.3503162342249882e-05,-0.01039434398940917,False
Nigeria_Gombe_vs_BurkinaFaso_BanaVillage,NG_Gombe vs BF_BanaVil,With Nigeria_Gombe,X,X:3393109-4393108,3393109,4393108,20.5,0.0008977440141916,6424,4-fold,0.00128421516921335,0.0012990874995101468,0.00518147766774379,False,-0.00038647115502175,-0.29749432210492255,False
Nigeria_Gombe_vs_BurkinaFaso_BanaVillage,NG_Gombe vs BF_BanaVil,With Nigeria_Gombe,X,X:393109-1393108,393109,1393108,23.5,0.0004057209561488,15310,4-fold,0.00128421516921335,0.0012990874995101468,0.00518147766774379,False,-0.00087849421306455,-0.6762394476090395,False
Nigeria_Gombe_vs_BurkinaFaso_BanaVillage,NG_Gombe vs BF_BanaVil,With Nigeria_Gombe,X,X:4393109-5393108,4393109,5393108,19.5,0.0012640043580025,11599,4-fold,0.00128421516921335,0.0012990874995101468,0.00518147766774379,False,-2.0210811210849902e-05,-0.015557698167729957,False
Nigeria_Gombe_vs_BurkinaFaso_BanaVillage,NG_Gombe vs BF_BanaVil,With Nigeria_Gombe,X,X:5393109-6393108,5393109,6393108,18.5,0.0004102643539356,11395,4-fold,0.00128421516921335,0.0012990874995101468,0.00518147766774379,False,-0.0008739508152777499,-0.672742071344151,False
Nigeria_Gombe_vs_BurkinaFaso_BanaVillage,NG_Gombe vs BF_BanaVil,With Nigeria_Gombe,X,X:6393109-7393108,6393109,7393108,17.5,0.0012977183315556,11501,4-fold,0.00128421516921335,0.0012990874995101468,0.00518147766774379,False,1.3503162342250099e-05,0.010394343989409336,False
Nigeria_Gombe_vs_BurkinaFaso_BanaVillage,NG_Gombe vs BF_BanaVil,With Nigeria_Gombe,X,X:7393109-8393108,7393109,8393108,16.5,0.0029304474510122,14991,4-fold,0.00128421516921335,0.0012990874995101468,0.00518147766774379,False,0.00164623228179885,1.267222017315695,False
Nigeria_Gombe_vs_BurkinaFaso_BanaVillage,NG_Gombe vs BF_BanaVil,With Nigeria_Gombe,X,X:8393109-9393108,8393109,9393108,15.5,0.0108774936500629,7345,4-fold,0.00128421516921335,0.0012990874995101468,0.00518147766774379,True,0.00959327848084955,7.384628429160418,False
Nigeria_Gombe_vs_BurkinaFaso_BanaVillage,NG_Gombe vs BF_BanaVil,With Nigeria_Gombe,X,X:9393109-10393108,9393109,10393108,14.5,0.0038347424563843,13600,4-fold,0.00128421516921335,0.0012990874995101468,0.00518147766774379,False,0.00255052728717095,1.963322168932185,False
Nigeria_Gombe_vs_Guinea_Siguiri_Dankakoro,NG_Gombe vs GN_Siguiri,With Nigeria_Gombe,3R,3R:28200685-29200684,28200685,29200684,24.5,0.0816405990494552,10912,4-fold,0.0006603540665308,0.000979040939038564,0.003597476883646492,True,0.0809802449829244,82.71384959902542,False
Nigeria_Gombe_vs_Guinea_Siguiri_Dankakoro,NG_Gombe vs GN_Siguiri,With Nigeria_Gombe,3R,3R:29200685-30200684,29200685,30200684,23.5,0.0014048473107749,4146,4-fold,0.0006603540665308,0.000979040939038564,0.003597476883646492,False,0.0007444932442441,0.7604311674394392,False
Nigeria_Gombe_vs_Guinea_Siguiri_Dankakoro,NG_Gombe vs GN_Siguiri,With Nigeria_Gombe,3R,3R:30200685-31200684,30200685,31200684,22.5,0.0006603540665308,10926,4-fold,0.0006603540665308,0.000979040939038564,0.003597476883646492,False,0.0,0.0,False
Nigeria_Gombe_vs_Guinea_Siguiri_Dankakoro,NG_Gombe vs GN_Siguiri,With Nigeria_Gombe,3R,3R:31200685-32200684,31200685,32200684,21.5,8.966213655381036e-05,8476,4-fold,0.0006603540665308,0.000979040939038564,0.003597476883646492,False,-0.0005706919299769896,-0.5829091585663614,False
Nigeria_Gombe_vs_Guinea_Siguiri_Dankakoro,NG_Gombe vs GN_Siguiri,With Nigeria_Gombe,3R,3R:32200685-33200684,32200685,33200684,20.5,0.0005481796964409,2090,4-fold,0.0006603540665308,0.000979040939038564,0.003597476883646492,False,-0.00011217437008989996,-0.11457577065169229,False
Nigeria_Gombe_vs_Guinea_Siguiri_Dankakoro,NG_Gombe vs GN_Siguiri,With Nigeria_Gombe,3R,3R:33200685-34200684,33200685,34200684,19.5,0.0,7436,4-fold,0.0006603540665308,0.000979040939038564,0.003597476883646492,False,-0.0006603540665308,-0.6744907594765953,False
Nigeria_Gombe_vs_Guinea_Siguiri_Dankakoro,NG_Gombe vs GN_Siguiri,With Nigeria_Gombe,3R,3R:34200685-35200684,34200685,35200684,18.5,0.000756231608323,8453,4-fold,0.0006603540665308,0.000979040939038564,0.003597476883646492,False,9.587754179220004e-05,0.09793006397296679,False
Nigeria_Gombe_vs_Guinea_Siguiri_Dankakoro,NG_Gombe vs GN_Siguiri,With Nigeria_Gombe,3R,3R:35200685-36200684,35200685,36200684,17.5,0.0001072752444004,13893,4-fold,0.0006603540665308,0.000979040939038564,0.003597476883646492,False,-0.0005530788221304,-0.5649189937588652,False
Nigeria_Gombe_vs_Guinea_Siguiri_Dankakoro,NG_Gombe vs GN_Siguiri,With Nigeria_Gombe,3R,3R:36200685-37200684,36200685,37200684,16.5,0.0006032819179807,12882,4-fold,0.0006603540665308,0.000979040939038564,0.003597476883646492,False,-5.707214855009998e-05,-0.058293934680755916,False
Nigeria_Gombe_vs_Guinea_Siguiri_Dankakoro,NG_Gombe vs GN_Siguiri,With Nigeria_Gombe,3R,3R:37200685-38200684,37200685,38200684,15.5,0.0,10427,4-fold,0.0006603540665308,0.000979040939038564,0.003597476883646492,False,-0.0006603540665308,-0.6744907594765953,False
Nigeria_Gombe_vs_Guinea_Siguiri_Dankakoro,NG_Gombe vs GN_Siguiri,With Nigeria_Gombe,3R,3R:38200685-39200684,38200685,39200684,14.5,0.0010526466715786,3935,4-fold,0.0006603540665308,0.000979040939038564,0.003597476883646492,False,0.0003922926050478,0.40069070598113954,False
Nigeria_Gombe_vs_Guinea_Siguiri_Dankakoro,NG_Gombe vs GN_Siguiri,With Nigeria_Gombe,3R,3R:39200685-40200684,39200685,40200684,13.5,0.0073881803259811,929,4-fold,0.0006603540665308,0.000979040939038564,0.003597476883646492,True,0.0067278262594503,6.871853863493336,True
Nigeria_Gombe_vs_Guinea_Siguiri_Dankakoro,NG_Gombe vs GN_Siguiri,With Nigeria_Gombe,3R,3R:40200685-41200684,40200685,41200684,12.5,0.0,154,4-fold,0.0006603540665308,0.000979040939038564,0.003597476883646492,False,-0.0006603540665308,-0.6744907594765953,True
Nigeria_Gombe_vs_Guinea_Siguiri_Dankakoro,NG_Gombe vs GN_Siguiri,With Nigeria_Gombe,3R,3R:41200685-42200684,41200685,42200684,11.5,0.0010414260189764,6292,4-fold,0.0006603540665308,0.000979040939038564,0.003597476883646492,False,0.0003810719524455999,0.38922984448415354,False
Nigeria_Gombe_vs_Guinea_Siguiri_Dankakoro,NG_Gombe vs GN_Siguiri,With Nigeria_Gombe,3R,3R:42200685-43200684,42200685,43200684,10.5,0.0020155254192768,4926,4-fold,0.0006603540665308,0.000979040939038564,0.003597476883646492,False,0.001355171352746,1.384182518533702,False
Nigeria_Gombe_vs_Guinea_Siguiri_Dankakoro,NG_Gombe vs GN_Siguiri,With Nigeria_Gombe,3R,3R:43200685-44200684,43200685,44200684,9.5,0.0005712065043022,15577,4-fold,0.0006603540665308,0.000979040939038564,0.003597476883646492,False,-8.914756222859997e-05,-0.0910560107079327,False
Nigeria_Gombe_vs_Guinea_Siguiri_Dankakoro,NG_Gombe vs GN_Siguiri,With Nigeria_Gombe,3R,3R:44200685-45200684,44200685,45200684,8.5,2.6532536184175943e-05,7524,4-fold,0.0006603540665308,0.000979040939038564,0.003597476883646492,False,-0.0006338215303466241,-0.6473902214641283,False
Nigeria_Gombe_vs_Guinea_Siguiri_Dankakoro,NG_Gombe vs GN_Siguiri,With Nigeria_Gombe,3R,3R:45200685-46200684,45200685,46200684,7.5,0.003293447872753,8172,4-fold,0.0006603540665308,0.000979040939038564,0.003597476883646492,False,0.0026330938062222,2.689462412887398,False
Nigeria_Gombe_vs_Guinea_Siguiri_Dankakoro,NG_Gombe vs GN_Siguiri,With Nigeria_Gombe,3R,3R:46200685-47200684,46200685,47200684,6.5,0.0,6874,4-fold,0.0006603540665308,0.000979040939038564,0.003597476883646492,False,-0.0006603540665308,-0.6744907594765953,False
Nigeria_Gombe_vs_Guinea_Siguiri_Dankakoro,NG_Gombe vs GN_Siguiri,With Nigeria_Gombe,3R,3R:47200685-48200684,47200685,48200684,5.5,0.0004138154226418,15586,4-fold,0.0006603540665308,0.000979040939038564,0.003597476883646492,False,-0.000246538643889,-0.25181648086249125,False
Nigeria_Gombe_vs_Guinea_Siguiri_Dankakoro,NG_Gombe vs GN_Siguiri,With Nigeria_Gombe,3R,3R:48200685-49200684,48200685,49200684,4.5,0.0,11478,4-fold,0.0006603540665308,0.000979040939038564,0.003597476883646492,False,-0.0006603540665308,-0.6744907594765953,False
Nigeria_Gombe_vs_Guinea_Siguiri_Dankakoro,NG_Gombe vs GN_Siguiri,With Nigeria_Gombe,3R,3R:49200685-50200684,49200685,50200684,3.5,0.002935868079236,10742,4-fold,0.0006603540665308,0.000979040939038564,0.003597476883646492,False,0.0022755140127052,2.324227641532331,False
Nigeria_Gombe_vs_Guinea_Siguiri_Dankakoro,NG_Gombe vs GN_Siguiri,With Nigeria_Gombe,3R,3R:50200685-51200684,50200685,51200684,2.5,0.001834176421272,8386,4-fold,0.0006603540665308,0.000979040939038564,0.003597476883646492,False,0.0011738223547412,1.1989512470172239,False
Nigeria_Gombe_vs_Guinea_Siguiri_Dankakoro,NG_Gombe vs GN_Siguiri,With Nigeria_Gombe,3R,3R:51200685-52200684,51200685,52200684,1.5,0.001593769665739,13121,4-fold,0.0006603540665308,0.000979040939038564,0.003597476883646492,False,0.0009334155992082,0.9533979244267673,False
Nigeria_Gombe_vs_Guinea_Siguiri_Dankakoro,NG_Gombe vs GN_Siguiri,With Nigeria_Gombe,3R,3R:52200685-53200684,52200685,53200684,0.5,0.0018025393357352,2594,4-fold,0.0006603540665308,0.000979040939038564,0.003597476883646492,False,0.0011421852692044,1.166636882749813,False
Nigeria_Gombe_vs_Guinea_Siguiri_Dankakoro,NG_Gombe vs GN_Siguiri,With Nigeria_Gombe,X,X:10393109-11393108,10393109,11393108,13.5,0.0001948731175871,7101,4-fold,0.00110742022056425,0.0012668881375646943,0.004908084633258333,False,-0.00091254710297715,-0.7203059811826128,False
Nigeria_Gombe_vs_Guinea_Siguiri_Dankakoro,NG_Gombe vs GN_Siguiri,With Nigeria_Gombe,X,X:11393109-12393108,11393109,12393108,12.5,0.0023374062840766,9421,4-fold,0.00110742022056425,0.0012668881375646943,0.004908084633258333,False,0.00122998606351235,0.9708718765626142,False
Nigeria_Gombe_vs_Guinea_Siguiri_Dankakoro,NG_Gombe vs GN_Siguiri,With Nigeria_Gombe,X,X:12393109-13393108,12393109,13393108,11.5,0.0023582780526204,7262,4-fold,0.00110742022056425,0.0012668881375646943,0.004908084633258333,False,0.0012508578320561499,0.987346708021626,False
Nigeria_Gombe_vs_Guinea_Siguiri_Dankakoro,NG_Gombe vs GN_Siguiri,With Nigeria_Gombe,X,X:1393109-2393108,1393109,2393108,22.5,0.0010905512659538,13791,4-fold,0.00110742022056425,0.0012668881375646943,0.004908084633258333,False,-1.686895461045011e-05,-0.01331526763118712,False
Nigeria_Gombe_vs_Guinea_Siguiri_Dankakoro,NG_Gombe vs GN_Siguiri,With Nigeria_Gombe,X,X:17393109-18393108,17393109,18393108,6.5,0.0026653677248587,7663,4-fold,0.00110742022056425,0.0012668881375646943,0.004908084633258333,False,0.00155794750429445,1.2297435409642807,False
Nigeria_Gombe_vs_Guinea_Siguiri_Dankakoro,NG_Gombe vs GN_Siguiri,With Nigeria_Gombe,X,X:18393109-19393108,18393109,19393108,5.5,0.0042636779712191,8599,4-fold,0.00110742022056425,0.0012668881375646943,0.004908084633258333,False,0.0031562577506548503,2.4913468340796383,False
Nigeria_Gombe_vs_Guinea_Siguiri_Dankakoro,NG_Gombe vs GN_Siguiri,With Nigeria_Gombe,X,X:19393109-20393108,19393109,20393108,4.5,0.0016520736085489,7559,4-fold,0.00110742022056425,0.0012668881375646943,0.004908084633258333,False,0.00054465338798465,0.42991434826410396,False
Nigeria_Gombe_vs_Guinea_Siguiri_Dankakoro,NG_Gombe vs GN_Siguiri,With Nigeria_Gombe,X,X:20393109-21393108,20393109,21393108,3.5,0.008371684124615,1004,4-fold,0.00110742022056425,0.0012668881375646943,0.004908084633258333,True,0.007264263904050749,5.733942633652449,False
Nigeria_Gombe_vs_Guinea_Siguiri_Dankakoro,NG_Gombe vs GN_Siguiri,With Nigeria_Gombe,X,X:21393109-22393108,21393109,22393108,2.5,0.0003610963503106,1008,4-fold,0.00110742022056425,0.0012668881375646943,0.004908084633258333,False,-0.0007463238702536501,-0.5891000540018385,False
Nigeria_Gombe_vs_Guinea_Siguiri_Dankakoro,NG_Gombe vs GN_Siguiri,With Nigeria_Gombe,X,X:22393109-23393108,22393109,23393108,1.5,0.0,913,4-fold,0.00110742022056425,0.0012668881375646943,0.004908084633258333,False,-0.00110742022056425,-0.8741262844981836,True
Nigeria_Gombe_vs_Guinea_Siguiri_Dankakoro,NG_Gombe vs GN_Siguiri,With Nigeria_Gombe,X,X:23393109-24393108,23393109,24393108,0.5,0.0,1995,4-fold,0.00110742022056425,0.0012668881375646943,0.004908084633258333,False,-0.00110742022056425,-0.8741262844981836,False
Nigeria_Gombe_vs_Guinea_Siguiri_Dankakoro,NG_Gombe vs GN_Siguiri,With Nigeria_Gombe,X,X:2393109-3393108,2393109,3393108,21.5,0.0010153274213394,12147,4-fold,0.00110742022056425,0.0012668881375646943,0.004908084633258333,False,-9.209279922485014e-05,-0.07269213160514527,False
Nigeria_Gombe_vs_Guinea_Siguiri_Dankakoro,NG_Gombe vs GN_Siguiri,With Nigeria_Gombe,X,X:3393109-4393108,3393109,4393108,20.5,0.0003628494200205,6424,4-fold,0.00110742022056425,0.0012668881375646943,0.004908084633258333,False,-0.0007445708005437501,-0.5877162935435001,False
Nigeria_Gombe_vs_Guinea_Siguiri_Dankakoro,NG_Gombe vs GN_Siguiri,With Nigeria_Gombe,X,X:393109-1393108,393109,1393108,23.5,0.0006275295343189,15310,4-fold,0.00110742022056425,0.0012668881375646943,0.004908084633258333,False,-0.00047989068624535,-0.3787948375361942,False
Nigeria_Gombe_vs_Guinea_Siguiri_Dankakoro,NG_Gombe vs GN_Siguiri,With Nigeria_Gombe,X,X:4393109-5393108,4393109,5393108,19.5,0.0008554814787556,11599,4-fold,0.00110742022056425,0.0012668881375646943,0.004908084633258333,False,-0.00025193874180865004,-0.19886423618500781,False
Nigeria_Gombe_vs_Guinea_Siguiri_Dankakoro,NG_Gombe vs GN_Siguiri,With Nigeria_Gombe,X,X:5393109-6393108,5393109,6393108,18.5,0.0007521247994746,11395,4-fold,0.00110742022056425,0.0012668881375646943,0.004908084633258333,False,-0.00035529542108965007,-0.2804473501288165,False
Nigeria_Gombe_vs_Guinea_Siguiri_Dankakoro,NG_Gombe vs GN_Siguiri,With Nigeria_Gombe,X,X:6393109-7393108,6393109,7393108,17.5,0.0011242891751747,11501,4-fold,0.00110742022056425,0.0012668881375646943,0.004908084633258333,False,1.6868954610449894e-05,0.01331526763118695,False
Nigeria_Gombe_vs_Guinea_Siguiri_Dankakoro,NG_Gombe vs GN_Siguiri,With Nigeria_Gombe,X,X:7393109-8393108,7393109,8393108,16.5,0.0021288011032227,14991,4-fold,0.00110742022056425,0.0012668881375646943,0.004908084633258333,False,0.00102138088265845,0.8062123658540394,False
Nigeria_Gombe_vs_Guinea_Siguiri_Dankakoro,NG_Gombe vs GN_Siguiri,With Nigeria_Gombe,X,X:8393109-9393108,8393109,9393108,15.5,0.0084666101276929,7345,4-fold,0.00110742022056425,0.0012668881375646943,0.004908084633258333,True,0.00735918990712865,5.808871114126167,False
Nigeria_Gombe_vs_Guinea_Siguiri_Dankakoro,NG_Gombe vs GN_Siguiri,With Nigeria_Gombe,X,X:9393109-10393108,9393109,10393108,14.5,0.0019038818017429,13600,4-fold,0.00110742022056425,0.0012668881375646943,0.004908084633258333,False,0.00079646158117865,0.6286755377705778,False
Nigeria_Gombe_vs_Mali_Faladje,NG_Gombe vs ML_Faladje,With Nigeria_Gombe,3R,3R:28200685-29200684,28200685,29200684,24.5,0.077276995970456,10912,4-fold,0.0009734257917395,0.0008843589577662675,0.0036265026650383024,True,0.0763035701787165,86.28122043502071,False
Nigeria_Gombe_vs_Mali_Faladje,NG_Gombe vs ML_Faladje,With Nigeria_Gombe,3R,3R:29200685-30200684,29200685,30200684,23.5,0.0015699177368132,4146,4-fold,0.0009734257917395,0.0008843589577662675,0.0036265026650383024,False,0.0005964919450737,0.6744907594765952,False
Nigeria_Gombe_vs_Mali_Faladje,NG_Gombe vs ML_Faladje,With Nigeria_Gombe,3R,3R:30200685-31200684,30200685,31200684,22.5,0.0010004084118849,10926,4-fold,0.0009734257917395,0.0008843589577662675,0.0036265026650383024,False,2.6982620145400032e-05,0.03051093666032773,False
Nigeria_Gombe_vs_Mali_Faladje,NG_Gombe vs ML_Faladje,With Nigeria_Gombe,3R,3R:31200685-32200684,31200685,32200684,21.5,0.0009734257917395,8476,4-fold,0.0009734257917395,0.0008843589577662675,0.0036265026650383024,False,0.0,0.0,False
Nigeria_Gombe_vs_Mali_Faladje,NG_Gombe vs ML_Faladje,With Nigeria_Gombe,3R,3R:32200685-33200684,32200685,33200684,20.5,0.000807102158696,2090,4-fold,0.0009734257917395,0.0008843589577662675,0.0036265026650383024,False,-0.0001663236330435,-0.1880725372688074,False
Nigeria_Gombe_vs_Mali_Faladje,NG_Gombe vs ML_Faladje,With Nigeria_Gombe,3R,3R:33200685-34200684,33200685,34200684,19.5,0.000625689089707,7436,4-fold,0.0009734257917395,0.0008843589577662675,0.0036265026650383024,False,-0.0003477367020325,-0.3932076437726381,False
Nigeria_Gombe_vs_Mali_Faladje,NG_Gombe vs ML_Faladje,With Nigeria_Gombe,3R,3R:34200685-35200684,34200685,35200684,18.5,0.0003988531445137,8453,4-fold,0.0009734257917395,0.0008843589577662675,0.0036265026650383024,False,-0.0005745726472258001,-0.6497052381049747,False
Nigeria_Gombe_vs_Mali_Faladje,NG_Gombe vs ML_Faladje,With Nigeria_Gombe,3R,3R:35200685-36200684,35200685,36200684,17.5,0.0,13893,4-fold,0.0009734257917395,0.0008843589577662675,0.0036265026650383024,False,-0.0009734257917395,-1.1007134412910786,False
Nigeria_Gombe_vs_Mali_Faladje,NG_Gombe vs ML_Faladje,With Nigeria_Gombe,3R,3R:36200685-37200684,36200685,37200684,16.5,0.0004721345227483,12882,4-fold,0.0009734257917395,0.0008843589577662675,0.0036265026650383024,False,-0.0005012912689912,-0.5668413991727659,False
Nigeria_Gombe_vs_Mali_Faladje,NG_Gombe vs ML_Faladje,With Nigeria_Gombe,3R,3R:37200685-38200684,37200685,38200684,15.5,0.0004791231663491,10427,4-fold,0.0009734257917395,0.0008843589577662675,0.0036265026650383024,False,-0.0004943026253904,-0.5589389026362327,False
Nigeria_Gombe_vs_Mali_Faladje,NG_Gombe vs ML_Faladje,With Nigeria_Gombe,3R,3R:38200685-39200684,38200685,39200684,14.5,0.0,3935,4-fold,0.0009734257917395,0.0008843589577662675,0.0036265026650383024,False,-0.0009734257917395,-1.1007134412910786,False
Nigeria_Gombe_vs_Mali_Faladje,NG_Gombe vs ML_Faladje,With Nigeria_Gombe,3R,3R:39200685-40200684,39200685,40200684,13.5,0.0013425317948229,929,4-fold,0.0009734257917395,0.0008843589577662675,0.0036265026650383024,False,0.0003691060030834001,0.417371249357496,True
Nigeria_Gombe_vs_Mali_Faladje,NG_Gombe vs ML_Faladje,With Nigeria_Gombe,3R,3R:40200685-41200684,40200685,41200684,12.5,0.0,154,4-fold,0.0009734257917395,0.0008843589577662675,0.0036265026650383024,False,-0.0009734257917395,-1.1007134412910786,True
Nigeria_Gombe_vs_Mali_Faladje,NG_Gombe vs ML_Faladje,With Nigeria_Gombe,3R,3R:41200685-42200684,41200685,42200684,11.5,0.001667894185127,6292,4-fold,0.0009734257917395,0.0008843589577662675,0.0036265026650383024,False,0.0006944683933874999,0.785278859097671,False
Nigeria_Gombe_vs_Mali_Faladje,NG_Gombe vs ML_Faladje,With Nigeria_Gombe,3R,3R:42200685-43200684,42200685,43200684,10.5,0.0005638271240814,4926,4-fold,0.0009734257917395,0.0008843589577662675,0.0036265026650383024,False,-0.0004095986676581,-0.46315883845703665,False
Nigeria_Gombe_vs_Mali_Faladje,NG_Gombe vs ML_Faladje,With Nigeria_Gombe,3R,3R:43200685-44200684,43200685,44200684,9.5,0.0013318912754473,15577,4-fold,0.0009734257917395,0.0008843589577662675,0.0036265026650383024,False,0.0003584654837077999,0.4053393484170948,False
Nigeria_Gombe_vs_Mali_Faladje,NG_Gombe vs ML_Faladje,With Nigeria_Gombe,3R,3R:44200685-45200684,44200685,45200684,8.5,0.0,7524,4-fold,0.0009734257917395,0.0008843589577662675,0.0036265026650383024,False,-0.0009734257917395,-1.1007134412910786,False
Nigeria_Gombe_vs_Mali_Faladje,NG_Gombe vs ML_Faladje,With Nigeria_Gombe,3R,3R:45200685-46200684,45200685,46200684,7.5,0.0033870375925186,8172,4-fold,0.0009734257917395,0.0008843589577662675,0.0036265026650383024,False,0.0024136118007791,2.7292218613078245,False
Nigeria_Gombe_vs_Mali_Faladje,NG_Gombe vs ML_Faladje,With Nigeria_Gombe,3R,3R:46200685-47200684,46200685,47200684,6.5,0.0020916720260889,6874,4-fold,0.0009734257917395,0.0008843589577662675,0.0036265026650383024,False,0.0011182462343494,1.2644709758737447,False
Nigeria_Gombe_vs_Mali_Faladje,NG_Gombe vs ML_Faladje,With Nigeria_Gombe,3R,3R:47200685-48200684,47200685,48200684,5.5,0.0003678940291614,15586,4-fold,0.0009734257917395,0.0008843589577662675,0.0036265026650383024,False,-0.0006055317625781,-0.6847126466695888,False
Nigeria_Gombe_vs_Mali_Faladje,NG_Gombe vs ML_Faladje,With Nigeria_Gombe,3R,3R:48200685-49200684,48200685,49200684,4.5,0.0009423970350531,11478,4-fold,0.0009734257917395,0.0008843589577662675,0.0036265026650383024,False,-3.1028756686399955e-05,-0.03508615637791813,False
Nigeria_Gombe_vs_Mali_Faladje,NG_Gombe vs ML_Faladje,With Nigeria_Gombe,3R,3R:49200685-50200684,49200685,50200684,3.5,0.0043657069188622,10742,4-fold,0.0009734257917395,0.0008843589577662675,0.0036265026650383024,True,0.0033922811271227004,3.83586449521696,False
Nigeria_Gombe_vs_Mali_Faladje,NG_Gombe vs ML_Faladje,With Nigeria_Gombe,3R,3R:50200685-51200684,50200685,51200684,2.5,0.0021138389609143,8386,4-fold,0.0009734257917395,0.0008843589577662675,0.0036265026650383024,False,0.0011404131691748003,1.2895365158682623,False
Nigeria_Gombe_vs_Mali_Faladje,NG_Gombe vs ML_Faladje,With Nigeria_Gombe,3R,3R:51200685-52200684,51200685,52200684,1.5,0.0010893530100851,13121,4-fold,0.0009734257917395,0.0008843589577662675,0.0036265026650383024,False,0.0001159272183456,0.13108615831563625,False
Nigeria_Gombe_vs_Mali_Faladje,NG_Gombe vs ML_Faladje,With Nigeria_Gombe,3R,3R:52200685-53200684,52200685,53200684,0.5,0.0216423674484011,2594,4-fold,0.0009734257917395,0.0008843589577662675,0.0036265026650383024,True,0.0206689416566616,23.371665402550622,False
Nigeria_Gombe_vs_Mali_Faladje,NG_Gombe vs ML_Faladje,With Nigeria_Gombe,X,X:10393109-11393108,10393109,11393108,13.5,0.0004308842082271,7101,4-fold,0.00118046447371995,0.0011176275769295514,0.004533347204508605,False,-0.00074958026549285,-0.670688770540331,False
Nigeria_Gombe_vs_Mali_Faladje,NG_Gombe vs ML_Faladje,With Nigeria_Gombe,X,X:11393109-12393108,11393109,12393108,12.5,0.0019676350007847,9421,4-fold,0.00118046447371995,0.0011176275769295514,0.004533347204508605,False,0.0007871705270647501,0.7043227487526185,False
Nigeria_Gombe_vs_Mali_Faladje,NG_Gombe vs ML_Faladje,With Nigeria_Gombe,X,X:12393109-13393108,12393109,13393108,11.5,0.0032536009845227,7262,4-fold,0.00118046447371995,0.0011176275769295514,0.004533347204508605,False,0.00207313651080275,1.8549439487689272,False
Nigeria_Gombe_vs_Mali_Faladje,NG_Gombe vs ML_Faladje,With Nigeria_Gombe,X,X:1393109-2393108,1393109,2393108,22.5,0.0006058832750822,13791,4-fold,0.00118046447371995,0.0011176275769295514,0.004533347204508605,False,-0.00057458119863775,-0.514107928704025,False
Nigeria_Gombe_vs_Mali_Faladje,NG_Gombe vs ML_Faladje,With Nigeria_Gombe,X,X:17393109-18393108,17393109,18393108,6.5,0.003174841286485,7663,4-fold,0.00118046447371995,0.0011176275769295514,0.004533347204508605,False,0.00199437681276505,1.7844735168795534,False
Nigeria_Gombe_vs_Mali_Faladje,NG_Gombe vs ML_Faladje,With Nigeria_Gombe,X,X:18393109-19393108,18393109,19393108,5.5,0.0051275026356875,8599,4-fold,0.00118046447371995,0.0011176275769295514,0.004533347204508605,True,0.00394703816196755,3.5316220210056146,False
Nigeria_Gombe_vs_Mali_Faladje,NG_Gombe vs ML_Faladje,With Nigeria_Gombe,X,X:19393109-20393108,19393109,20393108,4.5,0.0012303449275351,7559,4-fold,0.00118046447371995,0.0011176275769295514,0.004533347204508605,False,4.988045381514993e-05,0.044630657693850107,False
Nigeria_Gombe_vs_Mali_Faladje,NG_Gombe vs ML_Faladje,With Nigeria_Gombe,X,X:20393109-21393108,20393109,21393108,3.5,0.0069001442617087,1004,4-fold,0.00118046447371995,0.0011176275769295514,0.004533347204508605,True,0.005719679787988751,5.117697438803701,False
Nigeria_Gombe_vs_Mali_Faladje,NG_Gombe vs ML_Faladje,With Nigeria_Gombe,X,X:21393109-22393108,21393109,22393108,2.5,0.0010653212507699,1008,4-fold,0.00118046447371995,0.0011176275769295514,0.004533347204508605,False,-0.00011514322295004997,-0.10302467953267756,False
Nigeria_Gombe_vs_Mali_Faladje,NG_Gombe vs ML_Faladje,With Nigeria_Gombe,X,X:22393109-23393108,22393109,23393108,1.5,0.0,913,4-fold,0.00118046447371995,0.0011176275769295514,0.004533347204508605,False,-0.00118046447371995,-1.0562234666426449,True
Nigeria_Gombe_vs_Mali_Faladje,NG_Gombe vs ML_Faladje,With Nigeria_Gombe,X,X:23393109-24393108,23393109,24393108,0.5,0.0,1995,4-fold,0.00118046447371995,0.0011176275769295514,0.004533347204508605,False,-0.00118046447371995,-1.0562234666426449,False
Nigeria_Gombe_vs_Mali_Faladje,NG_Gombe vs ML_Faladje,With Nigeria_Gombe,X,X:2393109-3393108,2393109,3393108,21.5,0.0017864011792154,12147,4-fold,0.00118046447371995,0.0011176275769295514,0.004533347204508605,False,0.0006059367054954501,0.5421633449311754,False
Nigeria_Gombe_vs_Mali_Faladje,NG_Gombe vs ML_Faladje,With Nigeria_Gombe,X,X:3393109-4393108,3393109,4393108,20.5,0.0007225425405929,6424,4-fold,0.00118046447371995,0.0011176275769295514,0.004533347204508605,False,-0.00045792193312704994,-0.40972676639305455,False
Nigeria_Gombe_vs_Mali_Faladje,NG_Gombe vs ML_Faladje,With Nigeria_Gombe,X,X:393109-1393108,393109,1393108,23.5,0.0011305840199048,15310,4-fold,0.00118046447371995,0.0011176275769295514,0.004533347204508605,False,-4.988045381514993e-05,-0.044630657693850107,False
Nigeria_Gombe_vs_Mali_Faladje,NG_Gombe vs ML_Faladje,With Nigeria_Gombe,X,X:4393109-5393108,4393109,5393108,19.5,0.0010332794781061,11599,4-fold,0.00118046447371995,0.0011176275769295514,0.004533347204508605,False,-0.0001471849956138499,-0.13169413376342232,False
Nigeria_Gombe_vs_Mali_Faladje,NG_Gombe vs ML_Faladje,With Nigeria_Gombe,X,X:5393109-6393108,5393109,6393108,18.5,0.000448918730221,11395,4-fold,0.00118046447371995,0.0011176275769295514,0.004533347204508605,False,-0.00073154574349895,-0.6545523380057597,False
Nigeria_Gombe_vs_Mali_Faladje,NG_Gombe vs ML_Faladje,With Nigeria_Gombe,X,X:6393109-7393108,6393109,7393108,17.5,0.0010666101880496,11501,4-fold,0.00118046447371995,0.0011176275769295514,0.004533347204508605,False,-0.00011385428567035004,-0.10187139975835326,False
Nigeria_Gombe_vs_Mali_Faladje,NG_Gombe vs ML_Faladje,With Nigeria_Gombe,X,X:7393109-8393108,7393109,8393108,16.5,0.0019385431545775,14991,4-fold,0.00118046447371995,0.0011176275769295514,0.004533347204508605,False,0.00075807868085755,0.6782927484128595,False
Nigeria_Gombe_vs_Mali_Faladje,NG_Gombe vs ML_Faladje,With Nigeria_Gombe,X,X:8393109-9393108,8393109,9393108,15.5,0.0079443460286777,7345,4-fold,0.00118046447371995,0.0011176275769295514,0.004533347204508605,True,0.006763881554957751,6.051999516279031,False
Nigeria_Gombe_vs_Mali_Faladje,NG_Gombe vs ML_Faladje,With Nigeria_Gombe,X,X:9393109-10393108,9393109,10393108,14.5,0.0020312121027106,13600,4-fold,0.00118046447371995,0.0011176275769295514,0.004533347204508605,False,0.0008507476289906502,0.7612085157453807,False
BurkinaFaso_BanaVillage_vs_Guinea_Siguiri_Dankakoro,BF_BanaVil vs GN_Siguiri,Without Nigeria,3R,3R:28200685-29200684,28200685,29200684,24.5,0.0016848738085999,10912,4-fold,0.0002100401559859,0.0003114055352646953,0.001144256761779986,True,0.001474833652614,4.736054711938208,False
BurkinaFaso_BanaVillage_vs_Guinea_Siguiri_Dankakoro,BF_BanaVil vs GN_Siguiri,Without Nigeria,3R,3R:29200685-30200684,29200685,30200684,23.5,0.0,4146,4-fold,0.0002100401559859,0.0003114055352646953,0.001144256761779986,False,-0.0002100401559859,-0.6744907594765952,False
BurkinaFaso_BanaVillage_vs_Guinea_Siguiri_Dankakoro,BF_BanaVil vs GN_Siguiri,Without Nigeria,3R,3R:30200685-31200684,30200685,31200684,22.5,0.0,10926,4-fold,0.0002100401559859,0.0003114055352646953,0.001144256761779986,False,-0.0002100401559859,-0.6744907594765952,False
BurkinaFaso_BanaVillage_vs_Guinea_Siguiri_Dankakoro,BF_BanaVil vs GN_Siguiri,Without Nigeria,3R,3R:31200685-32200684,31200685,32200684,21.5,0.0,8476,4-fold,0.0002100401559859,0.0003114055352646953,0.001144256761779986,False,-0.0002100401559859,-0.6744907594765952,False
BurkinaFaso_BanaVillage_vs_Guinea_Siguiri_Dankakoro,BF_BanaVil vs GN_Siguiri,Without Nigeria,3R,3R:32200685-33200684,32200685,33200684,20.5,0.0011060632110469,2090,4-fold,0.0002100401559859,0.0003114055352646953,0.001144256761779986,False,0.000896023055061,2.8773510859380798,False
BurkinaFaso_BanaVillage_vs_Guinea_Siguiri_Dankakoro,BF_BanaVil vs GN_Siguiri,Without Nigeria,3R,3R:33200685-34200684,33200685,34200684,19.5,0.0,7436,4-fold,0.0002100401559859,0.0003114055352646953,0.001144256761779986,False,-0.0002100401559859,-0.6744907594765952,False
BurkinaFaso_BanaVillage_vs_Guinea_Siguiri_Dankakoro,BF_BanaVil vs GN_Siguiri,Without Nigeria,3R,3R:34200685-35200684,34200685,35200684,18.5,0.0,8453,4-fold,0.0002100401559859,0.0003114055352646953,0.001144256761779986,False,-0.0002100401559859,-0.6744907594765952,False
BurkinaFaso_BanaVillage_vs_Guinea_Siguiri_Dankakoro,BF_BanaVil vs GN_Siguiri,Without Nigeria,3R,3R:35200685-36200684,35200685,36200684,17.5,0.0004253757712632,13893,4-fold,0.0002100401559859,0.0003114055352646953,0.001144256761779986,False,0.00021533561527729999,0.6914957856939322,False
BurkinaFaso_BanaVillage_vs_Guinea_Siguiri_Dankakoro,BF_BanaVil vs GN_Siguiri,Without Nigeria,3R,3R:36200685-37200684,36200685,37200684,16.5,9.205242572406476e-05,12882,4-fold,0.0002100401559859,0.0003114055352646953,0.001144256761779986,False,-0.00011798773026183524,-0.3788877103984213,False
BurkinaFaso_BanaVillage_vs_Guinea_Siguiri_Dankakoro,BF_BanaVil vs GN_Siguiri,Without Nigeria,3R,3R:37200685-38200684,37200685,38200684,15.5,0.0003367438615767,10427,4-fold,0.0002100401559859,0.0003114055352646953,0.001144256761779986,False,0.0001267037055908,0.40687685748135977,False
BurkinaFaso_BanaVillage_vs_Guinea_Siguiri_Dankakoro,BF_BanaVil vs GN_Siguiri,Without Nigeria,3R,3R:38200685-39200684,38200685,39200684,14.5,0.0,3935,4-fold,0.0002100401559859,0.0003114055352646953,0.001144256761779986,False,-0.0002100401559859,-0.6744907594765952,False
BurkinaFaso_BanaVillage_vs_Guinea_Siguiri_Dankakoro,BF_BanaVil vs GN_Siguiri,Without Nigeria,3R,3R:39200685-40200684,39200685,40200684,13.5,0.0036285125475884,929,4-fold,0.0002100401559859,0.0003114055352646953,0.001144256761779986,True,0.0034184723916025,10.977558214232744,True
BurkinaFaso_BanaVillage_vs_Guinea_Siguiri_Dankakoro,BF_BanaVil vs GN_Siguiri,Without Nigeria,3R,3R:40200685-41200684,40200685,41200684,12.5,0.0,154,4-fold,0.0002100401559859,0.0003114055352646953,0.001144256761779986,False,-0.0002100401559859,-0.6744907594765952,True
BurkinaFaso_BanaVillage_vs_Guinea_Siguiri_Dankakoro,BF_BanaVil vs GN_Siguiri,Without Nigeria,3R,3R:41200685-42200684,41200685,42200684,11.5,0.0005286045655293,6292,4-fold,0.0002100401559859,0.0003114055352646953,0.001144256761779986,False,0.0003185644095434001,1.0229889114611264,False
BurkinaFaso_BanaVillage_vs_Guinea_Siguiri_Dankakoro,BF_BanaVil vs GN_Siguiri,Without Nigeria,3R,3R:42200685-43200684,42200685,43200684,10.5,0.0006381544123626,4926,4-fold,0.0002100401559859,0.0003114055352646953,0.001144256761779986,False,0.0004281142563767,1.3747804964764099,False
BurkinaFaso_BanaVillage_vs_Guinea_Siguiri_Dankakoro,BF_BanaVil vs GN_Siguiri,Without Nigeria,3R,3R:43200685-44200684,43200685,44200684,9.5,0.0002100401559859,15577,4-fold,0.0002100401559859,0.0003114055352646953,0.001144256761779986,False,0.0,0.0,False
BurkinaFaso_BanaVillage_vs_Guinea_Siguiri_Dankakoro,BF_BanaVil vs GN_Siguiri,Without Nigeria,3R,3R:44200685-45200684,44200685,45200684,8.5,0.0004650246636588,7524,4-fold,0.0002100401559859,0.0003114055352646953,0.001144256761779986,False,0.0002549845076729,0.8188181608787483,False
BurkinaFaso_BanaVillage_vs_Guinea_Siguiri_Dankakoro,BF_BanaVil vs GN_Siguiri,Without Nigeria,3R,3R:45200685-46200684,45200685,46200684,7.5,0.0008167882470794,8172,4-fold,0.0002100401559859,0.0003114055352646953,0.001144256761779986,False,0.0006067480910935,1.9484178101643663,False
BurkinaFaso_BanaVillage_vs_Guinea_Siguiri_Dankakoro,BF_BanaVil vs GN_Siguiri,Without Nigeria,3R,3R:46200685-47200684,46200685,47200684,6.5,0.0,6874,4-fold,0.0002100401559859,0.0003114055352646953,0.001144256761779986,False,-0.0002100401559859,-0.6744907594765952,False
BurkinaFaso_BanaVillage_vs_Guinea_Siguiri_Dankakoro,BF_BanaVil vs GN_Siguiri,Without Nigeria,3R,3R:47200685-48200684,47200685,48200684,5.5,0.0001172557938965,15586,4-fold,0.0002100401559859,0.0003114055352646953,0.001144256761779986,False,-9.278436208939999e-05,-0.29795347732188865,False
BurkinaFaso_BanaVillage_vs_Guinea_Siguiri_Dankakoro,BF_BanaVil vs GN_Siguiri,Without Nigeria,3R,3R:48200685-49200684,48200685,49200684,4.5,0.0,11478,4-fold,0.0002100401559859,0.0003114055352646953,0.001144256761779986,False,-0.0002100401559859,-0.6744907594765952,False
BurkinaFaso_BanaVillage_vs_Guinea_Siguiri_Dankakoro,BF_BanaVil vs GN_Siguiri,Without Nigeria,3R,3R:49200685-50200684,49200685,50200684,3.5,0.0004055002200681,10742,4-fold,0.0002100401559859,0.0003114055352646953,0.001144256761779986,False,0.00019546006408220002,0.6276704873471777,False
BurkinaFaso_BanaVillage_vs_Guinea_Siguiri_Dankakoro,BF_BanaVil vs GN_Siguiri,Without Nigeria,3R,3R:50200685-51200684,50200685,51200684,2.5,0.0,8386,4-fold,0.0002100401559859,0.0003114055352646953,0.001144256761779986,False,-0.0002100401559859,-0.6744907594765952,False
BurkinaFaso_BanaVillage_vs_Guinea_Siguiri_Dankakoro,BF_BanaVil vs GN_Siguiri,Without Nigeria,3R,3R:51200685-52200684,51200685,52200684,1.5,0.0002315560136876,13121,4-fold,0.0002100401559859,0.0003114055352646953,0.001144256761779986,False,2.15158577017e-05,0.06909272721633378,False
BurkinaFaso_BanaVillage_vs_Guinea_Siguiri_Dankakoro,BF_BanaVil vs GN_Siguiri,Without Nigeria,3R,3R:52200685-53200684,52200685,53200684,0.5,0.0099333044524616,2594,4-fold,0.0002100401559859,0.0003114055352646953,0.001144256761779986,True,0.0097232642964757,31.223800463954202,False
BurkinaFaso_BanaVillage_vs_Guinea_Siguiri_Dankakoro,BF_BanaVil vs GN_Siguiri,Without Nigeria,X,X:10393109-11393108,10393109,11393108,13.5,0.0001773002038402,7101,4-fold,0.0,0.0002642912316061527,0.0007928736948184581,False,0.0001773002038402,0.6708516312202635,False
BurkinaFaso_BanaVillage_vs_Guinea_Siguiri_Dankakoro,BF_BanaVil vs GN_Siguiri,Without Nigeria,X,X:11393109-12393108,11393109,12393108,12.5,0.0004475525770572,9421,4-fold,0.0,0.0002642912316061527,0.0007928736948184581,False,0.0004475525770572,1.693406831310029,False
BurkinaFaso_BanaVillage_vs_Guinea_Siguiri_Dankakoro,BF_BanaVil vs GN_Siguiri,Without Nigeria,X,X:12393109-13393108,12393109,13393108,11.5,0.000351754640296,7262,4-fold,0.0,0.0002642912316061527,0.0007928736948184581,False,0.000351754640296,1.3309357187459985,False
BurkinaFaso_BanaVillage_vs_Guinea_Siguiri_Dankakoro,BF_BanaVil vs GN_Siguiri,Without Nigeria,X,X:1393109-2393108,1393109,2393108,22.5,0.0,13791,4-fold,0.0,0.0002642912316061527,0.0007928736948184581,False,0.0,0.0,False
BurkinaFaso_BanaVillage_vs_Guinea_Siguiri_Dankakoro,BF_BanaVil vs GN_Siguiri,Without Nigeria,X,X:17393109-18393108,17393109,18393108,6.5,0.0,7663,4-fold,0.0,0.0002642912316061527,0.0007928736948184581,False,0.0,0.0,False
BurkinaFaso_BanaVillage_vs_Guinea_Siguiri_Dankakoro,BF_BanaVil vs GN_Siguiri,Without Nigeria,X,X:18393109-19393108,18393109,19393108,5.5,0.0,8599,4-fold,0.0,0.0002642912316061527,0.0007928736948184581,False,0.0,0.0,False
BurkinaFaso_BanaVillage_vs_Guinea_Siguiri_Dankakoro,BF_BanaVil vs GN_Siguiri,Without Nigeria,X,X:19393109-20393108,19393109,20393108,4.5,0.0003494846526758,7559,4-fold,0.0,0.0002642912316061527,0.0007928736948184581,False,0.0003494846526758,1.3223467557054738,False
BurkinaFaso_BanaVillage_vs_Guinea_Siguiri_Dankakoro,BF_BanaVil vs GN_Siguiri,Without Nigeria,X,X:20393109-21393108,20393109,21393108,3.5,0.0,1004,4-fold,0.0,0.0002642912316061527,0.0007928736948184581,False,0.0,0.0,False
BurkinaFaso_BanaVillage_vs_Guinea_Siguiri_Dankakoro,BF_BanaVil vs GN_Siguiri,Without Nigeria,X,X:21393109-22393108,21393109,22393108,2.5,0.0020682717563895,1008,4-fold,0.0,0.0002642912316061527,0.0007928736948184581,True,0.0020682717563895,7.825729759629871,False
BurkinaFaso_BanaVillage_vs_Guinea_Siguiri_Dankakoro,BF_BanaVil vs GN_Siguiri,Without Nigeria,X,X:22393109-23393108,22393109,23393108,1.5,0.0,913,4-fold,0.0,0.0002642912316061527,0.0007928736948184581,False,0.0,0.0,True
BurkinaFaso_BanaVillage_vs_Guinea_Siguiri_Dankakoro,BF_BanaVil vs GN_Siguiri,Without Nigeria,X,X:23393109-24393108,23393109,24393108,0.5,0.0,1995,4-fold,0.0,0.0002642912316061527,0.0007928736948184581,False,0.0,0.0,False
BurkinaFaso_BanaVillage_vs_Guinea_Siguiri_Dankakoro,BF_BanaVil vs GN_Siguiri,Without Nigeria,X,X:2393109-3393108,2393109,3393108,21.5,0.0,12147,4-fold,0.0,0.0002642912316061527,0.0007928736948184581,False,0.0,0.0,False
BurkinaFaso_BanaVillage_vs_Guinea_Siguiri_Dankakoro,BF_BanaVil vs GN_Siguiri,Without Nigeria,X,X:3393109-4393108,3393109,4393108,20.5,0.0,6424,4-fold,0.0,0.0002642912316061527,0.0007928736948184581,False,0.0,0.0,False
BurkinaFaso_BanaVillage_vs_Guinea_Siguiri_Dankakoro,BF_BanaVil vs GN_Siguiri,Without Nigeria,X,X:393109-1393108,393109,1393108,23.5,0.0,15310,4-fold,0.0,0.0002642912316061527,0.0007928736948184581,False,0.0,0.0,False
BurkinaFaso_BanaVillage_vs_Guinea_Siguiri_Dankakoro,BF_BanaVil vs GN_Siguiri,Without Nigeria,X,X:4393109-5393108,4393109,5393108,19.5,0.0,11599,4-fold,0.0,0.0002642912316061527,0.0007928736948184581,False,0.0,0.0,False
BurkinaFaso_BanaVillage_vs_Guinea_Siguiri_Dankakoro,BF_BanaVil vs GN_Siguiri,Without Nigeria,X,X:5393109-6393108,5393109,6393108,18.5,0.0,11395,4-fold,0.0,0.0002642912316061527,0.0007928736948184581,False,0.0,0.0,False
BurkinaFaso_BanaVillage_vs_Guinea_Siguiri_Dankakoro,BF_BanaVil vs GN_Siguiri,Without Nigeria,X,X:6393109-7393108,6393109,7393108,17.5,0.0,11501,4-fold,0.0,0.0002642912316061527,0.0007928736948184581,False,0.0,0.0,False
BurkinaFaso_BanaVillage_vs_Guinea_Siguiri_Dankakoro,BF_BanaVil vs GN_Siguiri,Without Nigeria,X,X:7393109-8393108,7393109,8393108,16.5,0.0003708515648588,14991,4-fold,0.0,0.0002642912316061527,0.0007928736948184581,False,0.0003708515648588,1.4031928437620045,False
BurkinaFaso_BanaVillage_vs_Guinea_Siguiri_Dankakoro,BF_BanaVil vs GN_Siguiri,Without Nigeria,X,X:8393109-9393108,8393109,9393108,15.5,0.0081173738199912,7345,4-fold,0.0,0.0002642912316061527,0.0007928736948184581,True,0.0081173738199912,30.71374623615106,False
BurkinaFaso_BanaVillage_vs_Guinea_Siguiri_Dankakoro,BF_BanaVil vs GN_Siguiri,Without Nigeria,X,X:9393109-10393108,9393109,10393108,14.5,0.0022018980068147,13600,4-fold,0.0,0.0002642912316061527,0.0007928736948184581,True,0.0022018980068147,8.331332043947537,False
BurkinaFaso_BanaVillage_vs_Mali_Faladje,BF_BanaVil vs ML_Faladje,Without Nigeria,3R,3R:28200685-29200684,28200685,29200684,24.5,0.0001110535351978,10912,4-fold,3.603897359602083e-06,5.343138225346048e-06,1.963331203564023e-05,True,0.00010744963783819792,20.109836823702786,False
BurkinaFaso_BanaVillage_vs_Mali_Faladje,BF_BanaVil vs ML_Faladje,Without Nigeria,3R,3R:29200685-30200684,29200685,30200684,23.5,0.0,4146,4-fold,3.603897359602083e-06,5.343138225346048e-06,1.963331203564023e-05,False,-3.603897359602083e-06,-0.6744907594765952,False
BurkinaFaso_BanaVillage_vs_Mali_Faladje,BF_BanaVil vs ML_Faladje,Without Nigeria,3R,3R:30200685-31200684,30200685,31200684,22.5,0.0,10926,4-fold,3.603897359602083e-06,5.343138225346048e-06,1.963331203564023e-05,False,-3.603897359602083e-06,-0.6744907594765952,False
BurkinaFaso_BanaVillage_vs_Mali_Faladje,BF_BanaVil vs ML_Faladje,Without Nigeria,3R,3R:31200685-32200684,31200685,32200684,21.5,0.0,8476,4-fold,3.603897359602083e-06,5.343138225346048e-06,1.963331203564023e-05,False,-3.603897359602083e-06,-0.6744907594765952,False
BurkinaFaso_BanaVillage_vs_Mali_Faladje,BF_BanaVil vs ML_Faladje,Without Nigeria,3R,3R:32200685-33200684,32200685,33200684,20.5,0.0011482561582479,2090,4-fold,3.603897359602083e-06,5.343138225346048e-06,1.963331203564023e-05,True,0.001144652260888298,214.2284576241081,False
BurkinaFaso_BanaVillage_vs_Mali_Faladje,BF_BanaVil vs ML_Faladje,Without Nigeria,3R,3R:33200685-34200684,33200685,34200684,19.5,0.0002935202442422,7436,4-fold,3.603897359602083e-06,5.343138225346048e-06,1.963331203564023e-05,True,0.00028991634688259793,54.25956332316698,False
BurkinaFaso_BanaVillage_vs_Mali_Faladje,BF_BanaVil vs ML_Faladje,Without Nigeria,3R,3R:34200685-35200684,34200685,35200684,18.5,0.0001553980893935,8453,4-fold,3.603897359602083e-06,5.343138225346048e-06,1.963331203564023e-05,True,0.00015179419203389794,28.409183074066362,False
BurkinaFaso_BanaVillage_vs_Mali_Faladje,BF_BanaVil vs ML_Faladje,Without Nigeria,3R,3R:35200685-36200684,35200685,36200684,17.5,2.986698023094614e-05,13893,4-fold,3.603897359602083e-06,5.343138225346048e-06,1.963331203564023e-05,True,2.6263082871344057e-05,4.915291681349518,False
BurkinaFaso_BanaVillage_vs_Mali_Faladje,BF_BanaVil vs ML_Faladje,Without Nigeria,3R,3R:36200685-37200684,36200685,37200684,16.5,0.0001677200211747,12882,4-fold,3.603897359602083e-06,5.343138225346048e-06,1.963331203564023e-05,True,0.00016411612381509792,30.715305667479516,False
BurkinaFaso_BanaVillage_vs_Mali_Faladje,BF_BanaVil vs ML_Faladje,Without Nigeria,3R,3R:37200685-38200684,37200685,38200684,15.5,0.0,10427,4-fold,3.603897359602083e-06,5.343138225346048e-06,1.963331203564023e-05,False,-3.603897359602083e-06,-0.6744907594765952,False
BurkinaFaso_BanaVillage_vs_Mali_Faladje,BF_BanaVil vs ML_Faladje,Without Nigeria,3R,3R:38200685-39200684,38200685,39200684,14.5,0.0,3935,4-fold,3.603897359602083e-06,5.343138225346048e-06,1.963331203564023e-05,False,-3.603897359602083e-06,-0.6744907594765952,False
BurkinaFaso_BanaVillage_vs_Mali_Faladje,BF_BanaVil vs ML_Faladje,Without Nigeria,3R,3R:39200685-40200684,39200685,40200684,13.5,0.0,929,4-fold,3.603897359602083e-06,5.343138225346048e-06,1.963331203564023e-05,False,-3.603897359602083e-06,-0.6744907594765952,True
BurkinaFaso_BanaVillage_vs_Mali_Faladje,BF_BanaVil vs ML_Faladje,Without Nigeria,3R,3R:40200685-41200684,40200685,41200684,12.5,0.0,154,4-fold,3.603897359602083e-06,5.343138225346048e-06,1.963331203564023e-05,False,-3.603897359602083e-06,-0.6744907594765952,True
BurkinaFaso_BanaVillage_vs_Mali_Faladje,BF_BanaVil vs ML_Faladje,Without Nigeria,3R,3R:41200685-42200684,41200685,42200684,11.5,3.733477884340288e-05,6292,4-fold,3.603897359602083e-06,5.343138225346048e-06,1.963331203564023e-05,True,3.37308814838008e-05,6.312934470568786,False
BurkinaFaso_BanaVillage_vs_Mali_Faladje,BF_BanaVil vs ML_Faladje,Without Nigeria,3R,3R:42200685-43200684,42200685,43200684,10.5,9.2817861032108e-05,4926,4-fold,3.603897359602083e-06,5.343138225346048e-06,1.963331203564023e-05,True,8.921396367250592e-05,16.696922278616135,False
BurkinaFaso_BanaVillage_vs_Mali_Faladje,BF_BanaVil vs ML_Faladje,Without Nigeria,3R,3R:43200685-44200684,43200685,44200684,9.5,0.0003303188168994,15577,4-fold,3.603897359602083e-06,5.343138225346048e-06,1.963331203564023e-05,True,0.0003267149195397979,61.146634386131424,False
BurkinaFaso_BanaVillage_vs_Mali_Faladje,BF_BanaVil vs ML_Faladje,Without Nigeria,3R,3R:44200685-45200684,44200685,45200684,8.5,0.000220646297647,7524,4-fold,3.603897359602083e-06,5.343138225346048e-06,1.963331203564023e-05,True,0.00021704240028739793,40.62077212560624,False
BurkinaFaso_BanaVillage_vs_Mali_Faladje,BF_BanaVil vs ML_Faladje,Without Nigeria,3R,3R:45200685-46200684,45200685,46200684,7.5,3.603897359602083e-06,8172,4-fold,3.603897359602083e-06,5.343138225346048e-06,1.963331203564023e-05,False,0.0,0.0,False
BurkinaFaso_BanaVillage_vs_Mali_Faladje,BF_BanaVil vs ML_Faladje,Without Nigeria,3R,3R:46200685-47200684,46200685,47200684,6.5,0.0,6874,4-fold,3.603897359602083e-06,5.343138225346048e-06,1.963331203564023e-05,False,-3.603897359602083e-06,-0.6744907594765952,False
BurkinaFaso_BanaVillage_vs_Mali_Faladje,BF_BanaVil vs ML_Faladje,Without Nigeria,3R,3R:47200685-48200684,47200685,48200684,5.5,0.0,15586,4-fold,3.603897359602083e-06,5.343138225346048e-06,1.963331203564023e-05,False,-3.603897359602083e-06,-0.6744907594765952,False
BurkinaFaso_BanaVillage_vs_Mali_Faladje,BF_BanaVil vs ML_Faladje,Without Nigeria,3R,3R:48200685-49200684,48200685,49200684,4.5,0.0,11478,4-fold,3.603897359602083e-06,5.343138225346048e-06,1.963331203564023e-05,False,-3.603897359602083e-06,-0.6744907594765952,False
BurkinaFaso_BanaVillage_vs_Mali_Faladje,BF_BanaVil vs ML_Faladje,Without Nigeria,3R,3R:49200685-50200684,49200685,50200684,3.5,0.0005041029129544,10742,4-fold,3.603897359602083e-06,5.343138225346048e-06,1.963331203564023e-05,True,0.0005004990155947979,93.67135838271956,False
BurkinaFaso_BanaVillage_vs_Mali_Faladje,BF_BanaVil vs ML_Faladje,Without Nigeria,3R,3R:50200685-51200684,50200685,51200684,2.5,0.0,8386,4-fold,3.603897359602083e-06,5.343138225346048e-06,1.963331203564023e-05,False,-3.603897359602083e-06,-0.6744907594765952,False
BurkinaFaso_BanaVillage_vs_Mali_Faladje,BF_BanaVil vs ML_Faladje,Without Nigeria,3R,3R:51200685-52200684,51200685,52200684,1.5,0.000148907931492,13121,4-fold,3.603897359602083e-06,5.343138225346048e-06,1.963331203564023e-05,True,0.00014530403413239793,27.194511540638146,False
BurkinaFaso_BanaVillage_vs_Mali_Faladje,BF_BanaVil vs ML_Faladje,Without Nigeria,3R,3R:52200685-53200684,52200685,53200684,0.5,0.0,2594,4-fold,3.603897359602083e-06,5.343138225346048e-06,1.963331203564023e-05,False,-3.603897359602083e-06,-0.6744907594765952,False
BurkinaFaso_BanaVillage_vs_Mali_Faladje,BF_BanaVil vs ML_Faladje,Without Nigeria,X,X:10393109-11393108,10393109,11393108,13.5,0.0002513598070699,7101,4-fold,0.0,0.00032309184189835064,0.0009692755256950519,False,0.0002513598070699,0.7779825253185484,False
BurkinaFaso_BanaVillage_vs_Mali_Faladje,BF_BanaVil vs ML_Faladje,Without Nigeria,X,X:11393109-12393108,11393109,12393108,12.5,0.0004101575047791,9421,4-fold,0.0,0.00032309184189835064,0.0009692755256950519,False,0.0004101575047791,1.2694765128366858,False
BurkinaFaso_BanaVillage_vs_Mali_Faladje,BF_BanaVil vs ML_Faladje,Without Nigeria,X,X:12393109-13393108,12393109,13393108,11.5,0.0,7262,4-fold,0.0,0.00032309184189835064,0.0009692755256950519,False,0.0,0.0,False
BurkinaFaso_BanaVillage_vs_Mali_Faladje,BF_BanaVil vs ML_Faladje,Without Nigeria,X,X:1393109-2393108,1393109,2393108,22.5,2.9344009751872963e-05,13791,4-fold,0.0,0.00032309184189835064,0.0009692755256950519,False,2.9344009751872963e-05,0.0908225029126703,False
BurkinaFaso_BanaVillage_vs_Mali_Faladje,BF_BanaVil vs ML_Faladje,Without Nigeria,X,X:17393109-18393108,17393109,18393108,6.5,0.0005129310645462,7663,4-fold,0.0,0.00032309184189835064,0.0009692755256950519,False,0.0005129310645462,1.5875704614899422,False
BurkinaFaso_BanaVillage_vs_Mali_Faladje,BF_BanaVil vs ML_Faladje,Without Nigeria,X,X:18393109-19393108,18393109,19393108,5.5,0.0,8599,4-fold,0.0,0.00032309184189835064,0.0009692755256950519,False,0.0,0.0,False
BurkinaFaso_BanaVillage_vs_Mali_Faladje,BF_BanaVil vs ML_Faladje,Without Nigeria,X,X:19393109-20393108,19393109,20393108,4.5,0.0,7559,4-fold,0.0,0.00032309184189835064,0.0009692755256950519,False,0.0,0.0,False
BurkinaFaso_BanaVillage_vs_Mali_Faladje,BF_BanaVil vs ML_Faladje,Without Nigeria,X,X:20393109-21393108,20393109,21393108,3.5,0.0,1004,4-fold,0.0,0.00032309184189835064,0.0009692755256950519,False,0.0,0.0,False
BurkinaFaso_BanaVillage_vs_Mali_Faladje,BF_BanaVil vs ML_Faladje,Without Nigeria,X,X:21393109-22393108,21393109,22393108,2.5,0.0007408373723515,1008,4-fold,0.0,0.00032309184189835064,0.0009692755256950519,False,0.0007408373723515,2.2929621744661017,False
BurkinaFaso_BanaVillage_vs_Mali_Faladje,BF_BanaVil vs ML_Faladje,Without Nigeria,X,X:22393109-23393108,22393109,23393108,1.5,0.0,913,4-fold,0.0,0.00032309184189835064,0.0009692755256950519,False,0.0,0.0,True
BurkinaFaso_BanaVillage_vs_Mali_Faladje,BF_BanaVil vs ML_Faladje,Without Nigeria,X,X:23393109-24393108,23393109,24393108,0.5,0.0,1995,4-fold,0.0,0.00032309184189835064,0.0009692755256950519,False,0.0,0.0,False
BurkinaFaso_BanaVillage_vs_Mali_Faladje,BF_BanaVil vs ML_Faladje,Without Nigeria,X,X:2393109-3393108,2393109,3393108,21.5,0.0,12147,4-fold,0.0,0.00032309184189835064,0.0009692755256950519,False,0.0,0.0,False
BurkinaFaso_BanaVillage_vs_Mali_Faladje,BF_BanaVil vs ML_Faladje,Without Nigeria,X,X:3393109-4393108,3393109,4393108,20.5,0.0005261310362862,6424,4-fold,0.0,0.00032309184189835064,0.0009692755256950519,False,0.0005261310362862,1.6284256302940896,False
BurkinaFaso_BanaVillage_vs_Mali_Faladje,BF_BanaVil vs ML_Faladje,Without Nigeria,X,X:393109-1393108,393109,1393108,23.5,0.0,15310,4-fold,0.0,0.00032309184189835064,0.0009692755256950519,False,0.0,0.0,False
BurkinaFaso_BanaVillage_vs_Mali_Faladje,BF_BanaVil vs ML_Faladje,Without Nigeria,X,X:4393109-5393108,4393109,5393108,19.5,0.0,11599,4-fold,0.0,0.00032309184189835064,0.0009692755256950519,False,0.0,0.0,False
BurkinaFaso_BanaVillage_vs_Mali_Faladje,BF_BanaVil vs ML_Faladje,Without Nigeria,X,X:5393109-6393108,5393109,6393108,18.5,0.0,11395,4-fold,0.0,0.00032309184189835064,0.0009692755256950519,False,0.0,0.0,False
BurkinaFaso_BanaVillage_vs_Mali_Faladje,BF_BanaVil vs ML_Faladje,Without Nigeria,X,X:6393109-7393108,6393109,7393108,17.5,0.0,11501,4-fold,0.0,0.00032309184189835064,0.0009692755256950519,False,0.0,0.0,False
BurkinaFaso_BanaVillage_vs_Mali_Faladje,BF_BanaVil vs ML_Faladje,Without Nigeria,X,X:7393109-8393108,7393109,8393108,16.5,0.0,14991,4-fold,0.0,0.00032309184189835064,0.0009692755256950519,False,0.0,0.0,False
BurkinaFaso_BanaVillage_vs_Mali_Faladje,BF_BanaVil vs ML_Faladje,Without Nigeria,X,X:8393109-9393108,8393109,9393108,15.5,0.0070122058105339,7345,4-fold,0.0,0.00032309184189835064,0.0009692755256950519,True,0.0070122058105339,21.703444349857776,False
BurkinaFaso_BanaVillage_vs_Mali_Faladje,BF_BanaVil vs ML_Faladje,Without Nigeria,X,X:9393109-10393108,9393109,10393108,14.5,0.001509182404376,13600,4-fold,0.0,0.00032309184189835064,0.0009692755256950519,True,0.001509182404376,4.671063173581494,False
Guinea_Siguiri_Dankakoro_vs_Mali_Faladje,GN_Siguiri vs ML_Faladje,Without Nigeria,3R,3R:28200685-29200684,28200685,29200684,24.5,0.0,10912,4-fold,0.0,0.00045713870890111197,0.0013714161267033358,False,0.0,0.0,False
Guinea_Siguiri_Dankakoro_vs_Mali_Faladje,GN_Siguiri vs ML_Faladje,Without Nigeria,3R,3R:29200685-30200684,29200685,30200684,23.5,0.0,4146,4-fold,0.0,0.00045713870890111197,0.0013714161267033358,False,0.0,0.0,False
Guinea_Siguiri_Dankakoro_vs_Mali_Faladje,GN_Siguiri vs ML_Faladje,Without Nigeria,3R,3R:30200685-31200684,30200685,31200684,22.5,0.0,10926,4-fold,0.0,0.00045713870890111197,0.0013714161267033358,False,0.0,0.0,False
Guinea_Siguiri_Dankakoro_vs_Mali_Faladje,GN_Siguiri vs ML_Faladje,Without Nigeria,3R,3R:31200685-32200684,31200685,32200684,21.5,0.0,8476,4-fold,0.0,0.00045713870890111197,0.0013714161267033358,False,0.0,0.0,False
Guinea_Siguiri_Dankakoro_vs_Mali_Faladje,GN_Siguiri vs ML_Faladje,Without Nigeria,3R,3R:32200685-33200684,32200685,33200684,20.5,0.0009548451935008,2090,4-fold,0.0,0.00045713870890111197,0.0013714161267033358,False,0.0009548451935008,2.088742814617678,False
Guinea_Siguiri_Dankakoro_vs_Mali_Faladje,GN_Siguiri vs ML_Faladje,Without Nigeria,3R,3R:33200685-34200684,33200685,34200684,19.5,9.27364372976356e-05,7436,4-fold,0.0,0.00045713870890111197,0.0013714161267033358,False,9.27364372976356e-05,0.2028627974221634,False
Guinea_Siguiri_Dankakoro_vs_Mali_Faladje,GN_Siguiri vs ML_Faladje,Without Nigeria,3R,3R:34200685-35200684,34200685,35200684,18.5,0.0004009387594636,8453,4-fold,0.0,0.00045713870890111197,0.0013714161267033358,False,0.0004009387594636,0.8770614950271711,False
Guinea_Siguiri_Dankakoro_vs_Mali_Faladje,GN_Siguiri vs ML_Faladje,Without Nigeria,3R,3R:35200685-36200684,35200685,36200684,17.5,0.0,13893,4-fold,0.0,0.00045713870890111197,0.0013714161267033358,False,0.0,0.0,False
Guinea_Siguiri_Dankakoro_vs_Mali_Faladje,GN_Siguiri vs ML_Faladje,Without Nigeria,3R,3R:36200685-37200684,36200685,37200684,16.5,0.0003342804142115,12882,4-fold,0.0,0.00045713870890111197,0.0013714161267033358,False,0.0003342804142115,0.7312450416090478,False
Guinea_Siguiri_Dankakoro_vs_Mali_Faladje,GN_Siguiri vs ML_Faladje,Without Nigeria,3R,3R:37200685-38200684,37200685,38200684,15.5,0.0,10427,4-fold,0.0,0.00045713870890111197,0.0013714161267033358,False,0.0,0.0,False
Guinea_Siguiri_Dankakoro_vs_Mali_Faladje,GN_Siguiri vs ML_Faladje,Without Nigeria,3R,3R:38200685-39200684,38200685,39200684,14.5,9.134633755786316e-05,3935,4-fold,0.0,0.00045713870890111197,0.0013714161267033358,False,9.134633755786316e-05,0.19982192664770193,False
Guinea_Siguiri_Dankakoro_vs_Mali_Faladje,GN_Siguiri vs ML_Faladje,Without Nigeria,3R,3R:39200685-40200684,39200685,40200684,13.5,0.0010478917359261,929,4-fold,0.0,0.00045713870890111197,0.0013714161267033358,False,0.0010478917359261,2.2922839731622453,True
Guinea_Siguiri_Dankakoro_vs_Mali_Faladje,GN_Siguiri vs ML_Faladje,Without Nigeria,3R,3R:40200685-41200684,40200685,41200684,12.5,0.0,154,4-fold,0.0,0.00045713870890111197,0.0013714161267033358,False,0.0,0.0,True
Guinea_Siguiri_Dankakoro_vs_Mali_Faladje,GN_Siguiri vs ML_Faladje,Without Nigeria,3R,3R:41200685-42200684,41200685,42200684,11.5,0.0006787445103755,6292,4-fold,0.0,0.00045713870890111197,0.0013714161267033358,False,0.0006787445103755,1.4847670896369567,False
Guinea_Siguiri_Dankakoro_vs_Mali_Faladje,GN_Siguiri vs ML_Faladje,Without Nigeria,3R,3R:42200685-43200684,42200685,43200684,10.5,0.0,4926,4-fold,0.0,0.00045713870890111197,0.0013714161267033358,False,0.0,0.0,False
Guinea_Siguiri_Dankakoro_vs_Mali_Faladje,GN_Siguiri vs ML_Faladje,Without Nigeria,3R,3R:43200685-44200684,43200685,44200684,9.5,0.0,15577,4-fold,0.0,0.00045713870890111197,0.0013714161267033358,False,0.0,0.0,False
Guinea_Siguiri_Dankakoro_vs_Mali_Faladje,GN_Siguiri vs ML_Faladje,Without Nigeria,3R,3R:44200685-45200684,44200685,45200684,8.5,0.0,7524,4-fold,0.0,0.00045713870890111197,0.0013714161267033358,False,0.0,0.0,False
Guinea_Siguiri_Dankakoro_vs_Mali_Faladje,GN_Siguiri vs ML_Faladje,Without Nigeria,3R,3R:45200685-46200684,45200685,46200684,7.5,0.000340491978982,8172,4-fold,0.0,0.00045713870890111197,0.0013714161267033358,False,0.000340491978982,0.7448329628451024,False
Guinea_Siguiri_Dankakoro_vs_Mali_Faladje,GN_Siguiri vs ML_Faladje,Without Nigeria,3R,3R:46200685-47200684,46200685,47200684,6.5,0.0,6874,4-fold,0.0,0.00045713870890111197,0.0013714161267033358,False,0.0,0.0,False
Guinea_Siguiri_Dankakoro_vs_Mali_Faladje,GN_Siguiri vs ML_Faladje,Without Nigeria,3R,3R:47200685-48200684,47200685,48200684,5.5,0.0006166801183076,15586,4-fold,0.0,0.00045713870890111197,0.0013714161267033358,False,0.0006166801183076,1.349,False
Guinea_Siguiri_Dankakoro_vs_Mali_Faladje,GN_Siguiri vs ML_Faladje,Without Nigeria,3R,3R:48200685-49200684,48200685,49200684,4.5,0.0,11478,4-fold,0.0,0.00045713870890111197,0.0013714161267033358,False,0.0,0.0,False
Guinea_Siguiri_Dankakoro_vs_Mali_Faladje,GN_Siguiri vs ML_Faladje,Without Nigeria,3R,3R:49200685-50200684,49200685,50200684,3.5,0.0008526104019142,10742,4-fold,0.0,0.00045713870890111197,0.0013714161267033358,False,0.0008526104019142,1.8651021786445048,False
Guinea_Siguiri_Dankakoro_vs_Mali_Faladje,GN_Siguiri vs ML_Faladje,Without Nigeria,3R,3R:50200685-51200684,50200685,51200684,2.5,0.0,8386,4-fold,0.0,0.00045713870890111197,0.0013714161267033358,False,0.0,0.0,False
Guinea_Siguiri_Dankakoro_vs_Mali_Faladje,GN_Siguiri vs ML_Faladje,Without Nigeria,3R,3R:51200685-52200684,51200685,52200684,1.5,0.001007736960455,13121,4-fold,0.0,0.00045713870890111197,0.0013714161267033358,False,0.001007736960455,2.204444604740294,False
Guinea_Siguiri_Dankakoro_vs_Mali_Faladje,GN_Siguiri vs ML_Faladje,Without Nigeria,3R,3R:52200685-53200684,52200685,53200684,0.5,0.0067977623313239,2594,4-fold,0.0,0.00045713870890111197,0.0013714161267033358,True,0.0067977623313239,14.870240036475208,False
Guinea_Siguiri_Dankakoro_vs_Mali_Faladje,GN_Siguiri vs ML_Faladje,Without Nigeria,X,X:10393109-11393108,10393109,11393108,13.5,0.0,7101,4-fold,4.815559282049912e-05,7.139548191567199e-05,0.00026234203856751506,False,-4.815559282049912e-05,-0.6744907594765952,False
Guinea_Siguiri_Dankakoro_vs_Mali_Faladje,GN_Siguiri vs ML_Faladje,Without Nigeria,X,X:11393109-12393108,11393109,12393108,12.5,0.0004995306609782,9421,4-fold,4.815559282049912e-05,7.139548191567199e-05,0.00026234203856751506,True,0.0004513750681577009,6.322179724073265,False
Guinea_Siguiri_Dankakoro_vs_Mali_Faladje,GN_Siguiri vs ML_Faladje,Without Nigeria,X,X:12393109-13393108,12393109,13393108,11.5,0.0009341228770037,7262,4-fold,4.815559282049912e-05,7.139548191567199e-05,0.00026234203856751506,True,0.0008859672841832009,12.409290621914307,False
Guinea_Siguiri_Dankakoro_vs_Mali_Faladje,GN_Siguiri vs ML_Faladje,Without Nigeria,X,X:1393109-2393108,1393109,2393108,22.5,0.0005696879816307,13791,4-fold,4.815559282049912e-05,7.139548191567199e-05,0.00026234203856751506,True,0.000521532388810201,7.304837432517135,False
Guinea_Siguiri_Dankakoro_vs_Mali_Faladje,GN_Siguiri vs ML_Faladje,Without Nigeria,X,X:17393109-18393108,17393109,18393108,6.5,0.0,7663,4-fold,4.815559282049912e-05,7.139548191567199e-05,0.00026234203856751506,False,-4.815559282049912e-05,-0.6744907594765952,False
Guinea_Siguiri_Dankakoro_vs_Mali_Faladje,GN_Siguiri vs ML_Faladje,Without Nigeria,X,X:18393109-19393108,18393109,19393108,5.5,0.0,8599,4-fold,4.815559282049912e-05,7.139548191567199e-05,0.00026234203856751506,False,-4.815559282049912e-05,-0.6744907594765952,False
Guinea_Siguiri_Dankakoro_vs_Mali_Faladje,GN_Siguiri vs ML_Faladje,Without Nigeria,X,X:19393109-20393108,19393109,20393108,4.5,0.0,7559,4-fold,4.815559282049912e-05,7.139548191567199e-05,0.00026234203856751506,False,-4.815559282049912e-05,-0.6744907594765952,False
Guinea_Siguiri_Dankakoro_vs_Mali_Faladje,GN_Siguiri vs ML_Faladje,Without Nigeria,X,X:20393109-21393108,20393109,21393108,3.5,0.0025930848521487,1004,4-fold,4.815559282049912e-05,7.139548191567199e-05,0.00026234203856751506,True,0.002544929259328201,35.64552253228176,False
Guinea_Siguiri_Dankakoro_vs_Mali_Faladje,GN_Siguiri vs ML_Faladje,Without Nigeria,X,X:21393109-22393108,21393109,22393108,2.5,0.0013542056808177,1008,4-fold,4.815559282049912e-05,7.139548191567199e-05,0.00026234203856751506,True,0.001306050087997201,18.293175603742377,False
Guinea_Siguiri_Dankakoro_vs_Mali_Faladje,GN_Siguiri vs ML_Faladje,Without Nigeria,X,X:22393109-23393108,22393109,23393108,1.5,0.0001050937958415,913,4-fold,4.815559282049912e-05,7.139548191567199e-05,0.00026234203856751506,False,5.6938203021000886e-05,0.797504288692285,True
Guinea_Siguiri_Dankakoro_vs_Mali_Faladje,GN_Siguiri vs ML_Faladje,Without Nigeria,X,X:23393109-24393108,23393109,24393108,0.5,0.0,1995,4-fold,4.815559282049912e-05,7.139548191567199e-05,0.00026234203856751506,False,-4.815559282049912e-05,-0.6744907594765952,False
Guinea_Siguiri_Dankakoro_vs_Mali_Faladje,GN_Siguiri vs ML_Faladje,Without Nigeria,X,X:2393109-3393108,2393109,3393108,21.5,0.0,12147,4-fold,4.815559282049912e-05,7.139548191567199e-05,0.00026234203856751506,False,-4.815559282049912e-05,-0.6744907594765952,False
Guinea_Siguiri_Dankakoro_vs_Mali_Faladje,GN_Siguiri vs ML_Faladje,Without Nigeria,X,X:3393109-4393108,3393109,4393108,20.5,0.0002537472910143,6424,4-fold,4.815559282049912e-05,7.139548191567199e-05,0.00026234203856751506,False,0.00020559169819380085,2.8796177668025726,False
Guinea_Siguiri_Dankakoro_vs_Mali_Faladje,GN_Siguiri vs ML_Faladje,Without Nigeria,X,X:393109-1393108,393109,1393108,23.5,0.0001473295973351,15310,4-fold,4.815559282049912e-05,7.139548191567199e-05,0.00026234203856751506,False,9.917400451460087e-05,1.3890795587280886,False
Guinea_Siguiri_Dankakoro_vs_Mali_Faladje,GN_Siguiri vs ML_Faladje,Without Nigeria,X,X:4393109-5393108,4393109,5393108,19.5,0.0,11599,4-fold,4.815559282049912e-05,7.139548191567199e-05,0.00026234203856751506,False,-4.815559282049912e-05,-0.6744907594765952,False
Guinea_Siguiri_Dankakoro_vs_Mali_Faladje,GN_Siguiri vs ML_Faladje,Without Nigeria,X,X:5393109-6393108,5393109,6393108,18.5,0.0,11395,4-fold,4.815559282049912e-05,7.139548191567199e-05,0.00026234203856751506,False,-4.815559282049912e-05,-0.6744907594765952,False
Guinea_Siguiri_Dankakoro_vs_Mali_Faladje,GN_Siguiri vs ML_Faladje,Without Nigeria,X,X:6393109-7393108,6393109,7393108,17.5,0.0,11501,4-fold,4.815559282049912e-05,7.139548191567199e-05,0.00026234203856751506,False,-4.815559282049912e-05,-0.6744907594765952,False
Guinea_Siguiri_Dankakoro_vs_Mali_Faladje,GN_Siguiri vs ML_Faladje,Without Nigeria,X,X:7393109-8393108,7393109,8393108,16.5,9.631118564099824e-05,14991,4-fold,4.815559282049912e-05,7.139548191567199e-05,0.00026234203856751506,False,4.815559282049912e-05,0.6744907594765952,False
Guinea_Siguiri_Dankakoro_vs_Mali_Faladje,GN_Siguiri vs ML_Faladje,Without Nigeria,X,X:8393109-9393108,8393109,9393108,15.5,0.0,7345,4-fold,4.815559282049912e-05,7.139548191567199e-05,0.00026234203856751506,False,-4.815559282049912e-05,-0.6744907594765952,False
Guinea_Siguiri_Dankakoro_vs_Mali_Faladje,GN_Siguiri vs ML_Faladje,Without Nigeria,X,X:9393109-10393108,9393109,10393108,14.5,0.0002329682280915,13600,4-fold,4.815559282049912e-05,7.139548191567199e-05,0.00026234203856751506,False,0.00018481263527100086,2.588576059886959,False
