curve_id,Species,Temp,Medium,Rep,Citation,PopBio_units,best_model,best_aic,best_bic,best_rss
"Bae, Y.M., Zheng, L., Hyun, J.E., Jung, K.S., Heu, S. and Lee, S.Y., 2014. Growth characteristics and biofilm formation of various spoilage bacteria isolated from fresh produce. Journal of food science, 79(10), pp.M2072-M2080.__Acinetobacter.clacoaceticus..RDA.R.__15__TSB__1",Acinetobacter.clacoaceticus..RDA.R.,15,TSB,1,"Bae, Y.M., Zheng, L., Hyun, J.E., Jung, K.S., Heu, S. and Lee, S.Y., 2014. Growth characteristics and biofilm formation of various spoilage bacteria isolated from fresh produce. Journal of food science, 79(10), pp.M2072-M2080.",OD_595,logistic,-147.1103680716502,-143.97680075847992,0.0143149981387876
"Bae, Y.M., Zheng, L., Hyun, J.E., Jung, K.S., Heu, S. and Lee, S.Y., 2014. Growth characteristics and biofilm formation of various spoilage bacteria isolated from fresh produce. Journal of food science, 79(10), pp.M2072-M2080.__Acinetobacter.clacoaceticus..RDA.R.__25__TSB__1",Acinetobacter.clacoaceticus..RDA.R.,25,TSB,1,"Bae, Y.M., Zheng, L., Hyun, J.E., Jung, K.S., Heu, S. and Lee, S.Y., 2014. Growth characteristics and biofilm formation of various spoilage bacteria isolated from fresh produce. Journal of food science, 79(10), pp.M2072-M2080.",OD_595,logistic,-107.41023364985412,-105.49306166100835,0.00424644275489
"Bae, Y.M., Zheng, L., Hyun, J.E., Jung, K.S., Heu, S. and Lee, S.Y., 2014. Growth characteristics and biofilm formation of various spoilage bacteria isolated from fresh produce. Journal of food science, 79(10), pp.M2072-M2080.__Acinetobacter.clacoaceticus..RDA.R.__35__TSB__1",Acinetobacter.clacoaceticus..RDA.R.,35,TSB,1,"Bae, Y.M., Zheng, L., Hyun, J.E., Jung, K.S., Heu, S. and Lee, S.Y., 2014. Growth characteristics and biofilm formation of various spoilage bacteria isolated from fresh produce. Journal of food science, 79(10), pp.M2072-M2080.",OD_595,logistic,-122.73502499128102,-120.6108743879744,0.0028108037674012
"Bae, Y.M., Zheng, L., Hyun, J.E., Jung, K.S., Heu, S. and Lee, S.Y., 2014. Growth characteristics and biofilm formation of various spoilage bacteria isolated from fresh produce. Journal of food science, 79(10), pp.M2072-M2080.__Acinetobacter.clacoaceticus..RDA.R.__5__TSB__1",Acinetobacter.clacoaceticus..RDA.R.,5,TSB,1,"Bae, Y.M., Zheng, L., Hyun, J.E., Jung, K.S., Heu, S. and Lee, S.Y., 2014. Growth characteristics and biofilm formation of various spoilage bacteria isolated from fresh produce. Journal of food science, 79(10), pp.M2072-M2080.",OD_595,logistic,-319.86427771463684,-315.8676641841112,0.0002470782652405
"Bae, Y.M., Zheng, L., Hyun, J.E., Jung, K.S., Heu, S. and Lee, S.Y., 2014. Growth characteristics and biofilm formation of various spoilage bacteria isolated from fresh produce. Journal of food science, 79(10), pp.M2072-M2080.__Acinetobacter.clacoaceticus.1__15__TSB__1",Acinetobacter.clacoaceticus.1,15,TSB,1,"Bae, Y.M., Zheng, L., Hyun, J.E., Jung, K.S., Heu, S. and Lee, S.Y., 2014. Growth characteristics and biofilm formation of various spoilage bacteria isolated from fresh produce. Journal of food science, 79(10), pp.M2072-M2080.",OD_595,logistic,-151.95711241748722,-148.82354510431696,0.011364681800655
"Bae, Y.M., Zheng, L., Hyun, J.E., Jung, K.S., Heu, S. and Lee, S.Y., 2014. Growth characteristics and biofilm formation of various spoilage bacteria isolated from fresh produce. Journal of food science, 79(10), pp.M2072-M2080.__Acinetobacter.clacoaceticus.1__25__TSB__1",Acinetobacter.clacoaceticus.1,25,TSB,1,"Bae, Y.M., Zheng, L., Hyun, J.E., Jung, K.S., Heu, S. and Lee, S.Y., 2014. Growth characteristics and biofilm formation of various spoilage bacteria isolated from fresh produce. Journal of food science, 79(10), pp.M2072-M2080.",OD_595,logistic,-81.02941713546777,-79.33456906308315,0.0160889723091275
"Bae, Y.M., Zheng, L., Hyun, J.E., Jung, K.S., Heu, S. and Lee, S.Y., 2014. Growth characteristics and biofilm formation of various spoilage bacteria isolated from fresh produce. Journal of food science, 79(10), pp.M2072-M2080.__Acinetobacter.clacoaceticus.1__35__TSB__1",Acinetobacter.clacoaceticus.1,35,TSB,1,"Bae, Y.M., Zheng, L., Hyun, J.E., Jung, K.S., Heu, S. and Lee, S.Y., 2014. Growth characteristics and biofilm formation of various spoilage bacteria isolated from fresh produce. Journal of food science, 79(10), pp.M2072-M2080.",OD_595,gompertz,-96.95326266135189,-94.63549649463256,0.0256813509593002
"Bae, Y.M., Zheng, L., Hyun, J.E., Jung, K.S., Heu, S. and Lee, S.Y., 2014. Growth characteristics and biofilm formation of various spoilage bacteria isolated from fresh produce. Journal of food science, 79(10), pp.M2072-M2080.__Acinetobacter.clacoaceticus.1__5__TSB__1",Acinetobacter.clacoaceticus.1,5,TSB,1,"Bae, Y.M., Zheng, L., Hyun, J.E., Jung, K.S., Heu, S. and Lee, S.Y., 2014. Growth characteristics and biofilm formation of various spoilage bacteria isolated from fresh produce. Journal of food science, 79(10), pp.M2072-M2080.",OD_595,logistic,-296.7781900469513,-292.78157651642573,0.0005635230742582
"Bae, Y.M., Zheng, L., Hyun, J.E., Jung, K.S., Heu, S. and Lee, S.Y., 2014. Growth characteristics and biofilm formation of various spoilage bacteria isolated from fresh produce. Journal of food science, 79(10), pp.M2072-M2080.__Acinetobacter.clacoaceticus.2__15__TSB__1",Acinetobacter.clacoaceticus.2,15,TSB,1,"Bae, Y.M., Zheng, L., Hyun, J.E., Jung, K.S., Heu, S. and Lee, S.Y., 2014. Growth characteristics and biofilm formation of various spoilage bacteria isolated from fresh produce. Journal of food science, 79(10), pp.M2072-M2080.",OD_595,logistic,-154.71331002836996,-151.05668255376537,0.0403704750709276
"Bae, Y.M., Zheng, L., Hyun, J.E., Jung, K.S., Heu, S. and Lee, S.Y., 2014. Growth characteristics and biofilm formation of various spoilage bacteria isolated from fresh produce. Journal of food science, 79(10), pp.M2072-M2080.__Acinetobacter.clacoaceticus.2__25__TSB__1",Acinetobacter.clacoaceticus.2,25,TSB,1,"Bae, Y.M., Zheng, L., Hyun, J.E., Jung, K.S., Heu, S. and Lee, S.Y., 2014. Growth characteristics and biofilm formation of various spoilage bacteria isolated from fresh produce. Journal of food science, 79(10), pp.M2072-M2080.",OD_595,logistic,-67.27669790317162,-65.35952591432584,0.0746464343820465
"Bae, Y.M., Zheng, L., Hyun, J.E., Jung, K.S., Heu, S. and Lee, S.Y., 2014. Growth characteristics and biofilm formation of various spoilage bacteria isolated from fresh produce. Journal of food science, 79(10), pp.M2072-M2080.__Acinetobacter.clacoaceticus.2__35__TSB__1",Acinetobacter.clacoaceticus.2,35,TSB,1,"Bae, Y.M., Zheng, L., Hyun, J.E., Jung, K.S., Heu, S. and Lee, S.Y., 2014. Growth characteristics and biofilm formation of various spoilage bacteria isolated from fresh produce. Journal of food science, 79(10), pp.M2072-M2080.",OD_595,logistic,-75.35533837867666,-73.03757221195733,0.0990510478961102
"Bae, Y.M., Zheng, L., Hyun, J.E., Jung, K.S., Heu, S. and Lee, S.Y., 2014. Growth characteristics and biofilm formation of various spoilage bacteria isolated from fresh produce. Journal of food science, 79(10), pp.M2072-M2080.__Acinetobacter.clacoaceticus.2__5__TSB__1",Acinetobacter.clacoaceticus.2,5,TSB,1,"Bae, Y.M., Zheng, L., Hyun, J.E., Jung, K.S., Heu, S. and Lee, S.Y., 2014. Growth characteristics and biofilm formation of various spoilage bacteria isolated from fresh produce. Journal of food science, 79(10), pp.M2072-M2080.",OD_595,gompertz,-298.72389895268685,-294.72728542216123,0.0005256936754184
"Bae, Y.M., Zheng, L., Hyun, J.E., Jung, K.S., Heu, S. and Lee, S.Y., 2014. Growth characteristics and biofilm formation of various spoilage bacteria isolated from fresh produce. Journal of food science, 79(10), pp.M2072-M2080.__Bacillus.pumilus..RDA.R.__15__TSB__1",Bacillus.pumilus..RDA.R.,15,TSB,1,"Bae, Y.M., Zheng, L., Hyun, J.E., Jung, K.S., Heu, S. and Lee, S.Y., 2014. Growth characteristics and biofilm formation of various spoilage bacteria isolated from fresh produce. Journal of food science, 79(10), pp.M2072-M2080.",OD_595,gompertz,-201.3068698553029,-198.1733025421326,0.00108385270123
"Bae, Y.M., Zheng, L., Hyun, J.E., Jung, K.S., Heu, S. and Lee, S.Y., 2014. Growth characteristics and biofilm formation of various spoilage bacteria isolated from fresh produce. Journal of food science, 79(10), pp.M2072-M2080.__Bacillus.pumilus..RDA.R.__25__TSB__1",Bacillus.pumilus..RDA.R.,25,TSB,1,"Bae, Y.M., Zheng, L., Hyun, J.E., Jung, K.S., Heu, S. and Lee, S.Y., 2014. Growth characteristics and biofilm formation of various spoilage bacteria isolated from fresh produce. Journal of food science, 79(10), pp.M2072-M2080.",OD_595,gompertz,-135.90607375444904,-133.78192315114242,0.0011681257755107
"Bae, Y.M., Zheng, L., Hyun, J.E., Jung, K.S., Heu, S. and Lee, S.Y., 2014. Growth characteristics and biofilm formation of various spoilage bacteria isolated from fresh produce. Journal of food science, 79(10), pp.M2072-M2080.__Bacillus.pumilus..RDA.R.__35__TSB__1",Bacillus.pumilus..RDA.R.,35,TSB,1,"Bae, Y.M., Zheng, L., Hyun, J.E., Jung, K.S., Heu, S. and Lee, S.Y., 2014. Growth characteristics and biofilm formation of various spoilage bacteria isolated from fresh produce. Journal of food science, 79(10), pp.M2072-M2080.",OD_595,gompertz,-127.14867538940786,-124.6490353572392,0.0067442723243905
"Bae, Y.M., Zheng, L., Hyun, J.E., Jung, K.S., Heu, S. and Lee, S.Y., 2014. Growth characteristics and biofilm formation of various spoilage bacteria isolated from fresh produce. Journal of food science, 79(10), pp.M2072-M2080.__Bacillus.pumilus..RDA.R.__5__TSB__1",Bacillus.pumilus..RDA.R.,5,TSB,1,"Bae, Y.M., Zheng, L., Hyun, J.E., Jung, K.S., Heu, S. and Lee, S.Y., 2014. Growth characteristics and biofilm formation of various spoilage bacteria isolated from fresh produce. Journal of food science, 79(10), pp.M2072-M2080.",OD_595,logistic,-124.54156144962812,-123.63380617064598,2.14117429176025e-05
"Bae, Y.M., Zheng, L., Hyun, J.E., Jung, K.S., Heu, S. and Lee, S.Y., 2014. Growth characteristics and biofilm formation of various spoilage bacteria isolated from fresh produce. Journal of food science, 79(10), pp.M2072-M2080.__Bacillus.pumilus__15__TSB__1",Bacillus.pumilus,15,TSB,1,"Bae, Y.M., Zheng, L., Hyun, J.E., Jung, K.S., Heu, S. and Lee, S.Y., 2014. Growth characteristics and biofilm formation of various spoilage bacteria isolated from fresh produce. Journal of food science, 79(10), pp.M2072-M2080.",OD_595,logistic,-152.30807387597164,-149.0349465158967,0.0164936621092308
"Bae, Y.M., Zheng, L., Hyun, J.E., Jung, K.S., Heu, S. and Lee, S.Y., 2014. Growth characteristics and biofilm formation of various spoilage bacteria isolated from fresh produce. Journal of food science, 79(10), pp.M2072-M2080.__Bacillus.pumilus__25__TSB__1",Bacillus.pumilus,25,TSB,1,"Bae, Y.M., Zheng, L., Hyun, J.E., Jung, K.S., Heu, S. and Lee, S.Y., 2014. Growth characteristics and biofilm formation of various spoilage bacteria isolated from fresh produce. Journal of food science, 79(10), pp.M2072-M2080.",OD_595,gompertz,-118.80594372997164,-116.88877174112586,0.0018815621114465
"Bae, Y.M., Zheng, L., Hyun, J.E., Jung, K.S., Heu, S. and Lee, S.Y., 2014. Growth characteristics and biofilm formation of various spoilage bacteria isolated from fresh produce. Journal of food science, 79(10), pp.M2072-M2080.__Bacillus.pumilus__35__TSB__1",Bacillus.pumilus,35,TSB,1,"Bae, Y.M., Zheng, L., Hyun, J.E., Jung, K.S., Heu, S. and Lee, S.Y., 2014. Growth characteristics and biofilm formation of various spoilage bacteria isolated from fresh produce. Journal of food science, 79(10), pp.M2072-M2080.",OD_595,gompertz,-121.99388360476048,-119.86973300145384,0.0029531721757622
"Bae, Y.M., Zheng, L., Hyun, J.E., Jung, K.S., Heu, S. and Lee, S.Y., 2014. Growth characteristics and biofilm formation of various spoilage bacteria isolated from fresh produce. Journal of food science, 79(10), pp.M2072-M2080.__Bacillus.pumilus__5__TSB__1",Bacillus.pumilus,5,TSB,1,"Bae, Y.M., Zheng, L., Hyun, J.E., Jung, K.S., Heu, S. and Lee, S.Y., 2014. Growth characteristics and biofilm formation of various spoilage bacteria isolated from fresh produce. Journal of food science, 79(10), pp.M2072-M2080.",OD_595,logistic,-329.82503885043104,-326.0507492363666,6.38961716425965e-05
"Bae, Y.M., Zheng, L., Hyun, J.E., Jung, K.S., Heu, S. and Lee, S.Y., 2014. Growth characteristics and biofilm formation of various spoilage bacteria isolated from fresh produce. Journal of food science, 79(10), pp.M2072-M2080.__Chryseobacterium.balustinum__15__TSB__1",Chryseobacterium.balustinum,15,TSB,1,"Bae, Y.M., Zheng, L., Hyun, J.E., Jung, K.S., Heu, S. and Lee, S.Y., 2014. Growth characteristics and biofilm formation of various spoilage bacteria isolated from fresh produce. Journal of food science, 79(10), pp.M2072-M2080.",OD_595,logistic,-172.11673350600032,-168.98316619283003,0.0043515343286258
"Bae, Y.M., Zheng, L., Hyun, J.E., Jung, K.S., Heu, S. and Lee, S.Y., 2014. Growth characteristics and biofilm formation of various spoilage bacteria isolated from fresh produce. Journal of food science, 79(10), pp.M2072-M2080.__Chryseobacterium.balustinum__25__TSB__1",Chryseobacterium.balustinum,25,TSB,1,"Bae, Y.M., Zheng, L., Hyun, J.E., Jung, K.S., Heu, S. and Lee, S.Y., 2014. Growth characteristics and biofilm formation of various spoilage bacteria isolated from fresh produce. Journal of food science, 79(10), pp.M2072-M2080.",OD_595,gompertz,-89.68983204535996,-88.23511209599596,0.0041309576570904
"Bae, Y.M., Zheng, L., Hyun, J.E., Jung, K.S., Heu, S. and Lee, S.Y., 2014. Growth characteristics and biofilm formation of various spoilage bacteria isolated from fresh produce. Journal of food science, 79(10), pp.M2072-M2080.__Chryseobacterium.balustinum__35__TSB__1",Chryseobacterium.balustinum,35,TSB,1,"Bae, Y.M., Zheng, L., Hyun, J.E., Jung, K.S., Heu, S. and Lee, S.Y., 2014. Growth characteristics and biofilm formation of various spoilage bacteria isolated from fresh produce. Journal of food science, 79(10), pp.M2072-M2080.",OD_595,gompertz,-109.44086999115588,-107.31671938784926,0.0068192362629094
"Bae, Y.M., Zheng, L., Hyun, J.E., Jung, K.S., Heu, S. and Lee, S.Y., 2014. Growth characteristics and biofilm formation of various spoilage bacteria isolated from fresh produce. Journal of food science, 79(10), pp.M2072-M2080.__Chryseobacterium.balustinum__5__TSB__1",Chryseobacterium.balustinum,5,TSB,1,"Bae, Y.M., Zheng, L., Hyun, J.E., Jung, K.S., Heu, S. and Lee, S.Y., 2014. Growth characteristics and biofilm formation of various spoilage bacteria isolated from fresh produce. Journal of food science, 79(10), pp.M2072-M2080.",OD_595,gompertz,-278.2549078598646,-274.258294329339,0.0010919868052684
"Bae, Y.M., Zheng, L., Hyun, J.E., Jung, K.S., Heu, S. and Lee, S.Y., 2014. Growth characteristics and biofilm formation of various spoilage bacteria isolated from fresh produce. Journal of food science, 79(10), pp.M2072-M2080.__Clavibacter.michiganensis..RDA.R.__15__TSB__1",Clavibacter.michiganensis..RDA.R.,15,TSB,1,"Bae, Y.M., Zheng, L., Hyun, J.E., Jung, K.S., Heu, S. and Lee, S.Y., 2014. Growth characteristics and biofilm formation of various spoilage bacteria isolated from fresh produce. Journal of food science, 79(10), pp.M2072-M2080.",OD_595,logistic,-93.88362623374894,-90.4771435859615,0.2990118297299347
"Bae, Y.M., Zheng, L., Hyun, J.E., Jung, K.S., Heu, S. and Lee, S.Y., 2014. Growth characteristics and biofilm formation of various spoilage bacteria isolated from fresh produce. Journal of food science, 79(10), pp.M2072-M2080.__Clavibacter.michiganensis..RDA.R.__25__TSB__1",Clavibacter.michiganensis..RDA.R.,25,TSB,1,"Bae, Y.M., Zheng, L., Hyun, J.E., Jung, K.S., Heu, S. and Lee, S.Y., 2014. Growth characteristics and biofilm formation of various spoilage bacteria isolated from fresh produce. Journal of food science, 79(10), pp.M2072-M2080.",OD_595,gompertz,-79.71653182160921,-77.39876565488987,0.0754191153694002
"Bae, Y.M., Zheng, L., Hyun, J.E., Jung, K.S., Heu, S. and Lee, S.Y., 2014. Growth characteristics and biofilm formation of various spoilage bacteria isolated from fresh produce. Journal of food science, 79(10), pp.M2072-M2080.__Clavibacter.michiganensis..RDA.R.__35__TSB__1",Clavibacter.michiganensis..RDA.R.,35,TSB,1,"Bae, Y.M., Zheng, L., Hyun, J.E., Jung, K.S., Heu, S. and Lee, S.Y., 2014. Growth characteristics and biofilm formation of various spoilage bacteria isolated from fresh produce. Journal of food science, 79(10), pp.M2072-M2080.",OD_595,logistic,-109.73035563420996,-107.2307156020413,0.0187895458724213
"Bae, Y.M., Zheng, L., Hyun, J.E., Jung, K.S., Heu, S. and Lee, S.Y., 2014. Growth characteristics and biofilm formation of various spoilage bacteria isolated from fresh produce. Journal of food science, 79(10), pp.M2072-M2080.__Clavibacter.michiganensis..RDA.R.__5__TSB__1",Clavibacter.michiganensis..RDA.R.,5,TSB,1,"Bae, Y.M., Zheng, L., Hyun, J.E., Jung, K.S., Heu, S. and Lee, S.Y., 2014. Growth characteristics and biofilm formation of various spoilage bacteria isolated from fresh produce. Journal of food science, 79(10), pp.M2072-M2080.",OD_595,gompertz,-273.33437734823235,-269.3377638177068,0.0013017793074862
"Bae, Y.M., Zheng, L., Hyun, J.E., Jung, K.S., Heu, S. and Lee, S.Y., 2014. Growth characteristics and biofilm formation of various spoilage bacteria isolated from fresh produce. Journal of food science, 79(10), pp.M2072-M2080.__Clavibacter.michiganensis__15__TSB__1",Clavibacter.michiganensis,15,TSB,1,"Bae, Y.M., Zheng, L., Hyun, J.E., Jung, K.S., Heu, S. and Lee, S.Y., 2014. Growth characteristics and biofilm formation of various spoilage bacteria isolated from fresh produce. Journal of food science, 79(10), pp.M2072-M2080.",OD_595,logistic,-97.92224387439396,-94.51576122660651,0.2508590093541304
"Bae, Y.M., Zheng, L., Hyun, J.E., Jung, K.S., Heu, S. and Lee, S.Y., 2014. Growth characteristics and biofilm formation of various spoilage bacteria isolated from fresh produce. Journal of food science, 79(10), pp.M2072-M2080.__Clavibacter.michiganensis__25__TSB__1",Clavibacter.michiganensis,25,TSB,1,"Bae, Y.M., Zheng, L., Hyun, J.E., Jung, K.S., Heu, S. and Lee, S.Y., 2014. Growth characteristics and biofilm formation of various spoilage bacteria isolated from fresh produce. Journal of food science, 79(10), pp.M2072-M2080.",OD_595,gompertz,-76.71638709835669,-74.59223649505006,0.0604235949500457
"Bae, Y.M., Zheng, L., Hyun, J.E., Jung, K.S., Heu, S. and Lee, S.Y., 2014. Growth characteristics and biofilm formation of various spoilage bacteria isolated from fresh produce. Journal of food science, 79(10), pp.M2072-M2080.__Clavibacter.michiganensis__35__TSB__1",Clavibacter.michiganensis,35,TSB,1,"Bae, Y.M., Zheng, L., Hyun, J.E., Jung, K.S., Heu, S. and Lee, S.Y., 2014. Growth characteristics and biofilm formation of various spoilage bacteria isolated from fresh produce. Journal of food science, 79(10), pp.M2072-M2080.",OD_595,gompertz,-138.86537592580223,-136.3657358936336,0.0033854130465026
"Bae, Y.M., Zheng, L., Hyun, J.E., Jung, K.S., Heu, S. and Lee, S.Y., 2014. Growth characteristics and biofilm formation of various spoilage bacteria isolated from fresh produce. Journal of food science, 79(10), pp.M2072-M2080.__Clavibacter.michiganensis__5__TSB__1",Clavibacter.michiganensis,5,TSB,1,"Bae, Y.M., Zheng, L., Hyun, J.E., Jung, K.S., Heu, S. and Lee, S.Y., 2014. Growth characteristics and biofilm formation of various spoilage bacteria isolated from fresh produce. Journal of food science, 79(10), pp.M2072-M2080.",OD_595,gompertz,-269.9141689770923,-265.91755544656667,0.0014709115721256
"Bae, Y.M., Zheng, L., Hyun, J.E., Jung, K.S., Heu, S. and Lee, S.Y., 2014. Growth characteristics and biofilm formation of various spoilage bacteria isolated from fresh produce. Journal of food science, 79(10), pp.M2072-M2080.__Dickeya.zeae..RDA.R.__15__TSB__1",Dickeya.zeae..RDA.R.,15,TSB,1,"Bae, Y.M., Zheng, L., Hyun, J.E., Jung, K.S., Heu, S. and Lee, S.Y., 2014. Growth characteristics and biofilm formation of various spoilage bacteria isolated from fresh produce. Journal of food science, 79(10), pp.M2072-M2080.",OD_595,logistic,-65.65236534089657,-62.24588269310912,1.0203788538890353
"Bae, Y.M., Zheng, L., Hyun, J.E., Jung, K.S., Heu, S. and Lee, S.Y., 2014. Growth characteristics and biofilm formation of various spoilage bacteria isolated from fresh produce. Journal of food science, 79(10), pp.M2072-M2080.__Dickeya.zeae..RDA.R.__25__TSB__1",Dickeya.zeae..RDA.R.,25,TSB,1,"Bae, Y.M., Zheng, L., Hyun, J.E., Jung, K.S., Heu, S. and Lee, S.Y., 2014. Growth characteristics and biofilm formation of various spoilage bacteria isolated from fresh produce. Journal of food science, 79(10), pp.M2072-M2080.",OD_595,logistic,-92.89821071946194,-90.77406011615533,0.020544462339965
"Bae, Y.M., Zheng, L., Hyun, J.E., Jung, K.S., Heu, S. and Lee, S.Y., 2014. Growth characteristics and biofilm formation of various spoilage bacteria isolated from fresh produce. Journal of food science, 79(10), pp.M2072-M2080.__Dickeya.zeae..RDA.R.__35__TSB__1",Dickeya.zeae..RDA.R.,35,TSB,1,"Bae, Y.M., Zheng, L., Hyun, J.E., Jung, K.S., Heu, S. and Lee, S.Y., 2014. Growth characteristics and biofilm formation of various spoilage bacteria isolated from fresh produce. Journal of food science, 79(10), pp.M2072-M2080.",OD_595,logistic,-37.577333100993634,-34.90621782730514,1.5990485687462532
"Bae, Y.M., Zheng, L., Hyun, J.E., Jung, K.S., Heu, S. and Lee, S.Y., 2014. Growth characteristics and biofilm formation of various spoilage bacteria isolated from fresh produce. Journal of food science, 79(10), pp.M2072-M2080.__Dickeya.zeae..RDA.R.__5__TSB__1",Dickeya.zeae..RDA.R.,5,TSB,1,"Bae, Y.M., Zheng, L., Hyun, J.E., Jung, K.S., Heu, S. and Lee, S.Y., 2014. Growth characteristics and biofilm formation of various spoilage bacteria isolated from fresh produce. Journal of food science, 79(10), pp.M2072-M2080.",OD_595,logistic,-325.9466490494043,-322.05913845139133,0.0001235971008454
"Bae, Y.M., Zheng, L., Hyun, J.E., Jung, K.S., Heu, S. and Lee, S.Y., 2014. Growth characteristics and biofilm formation of various spoilage bacteria isolated from fresh produce. Journal of food science, 79(10), pp.M2072-M2080.__Dickeya.zeae__15__TSB__1",Dickeya.zeae,15,TSB,1,"Bae, Y.M., Zheng, L., Hyun, J.E., Jung, K.S., Heu, S. and Lee, S.Y., 2014. Growth characteristics and biofilm formation of various spoilage bacteria isolated from fresh produce. Journal of food science, 79(10), pp.M2072-M2080.",OD_595,logistic,-98.51339671829724,-94.85676924369264,0.3822577942751849
"Bae, Y.M., Zheng, L., Hyun, J.E., Jung, K.S., Heu, S. and Lee, S.Y., 2014. Growth characteristics and biofilm formation of various spoilage bacteria isolated from fresh produce. Journal of food science, 79(10), pp.M2072-M2080.__Dickeya.zeae__25__TSB__1",Dickeya.zeae,25,TSB,1,"Bae, Y.M., Zheng, L., Hyun, J.E., Jung, K.S., Heu, S. and Lee, S.Y., 2014. Growth characteristics and biofilm formation of various spoilage bacteria isolated from fresh produce. Journal of food science, 79(10), pp.M2072-M2080.",OD_595,logistic,-68.73602538579597,-66.41825921907663,0.1498061933883046
"Bae, Y.M., Zheng, L., Hyun, J.E., Jung, K.S., Heu, S. and Lee, S.Y., 2014. Growth characteristics and biofilm formation of various spoilage bacteria isolated from fresh produce. Journal of food science, 79(10), pp.M2072-M2080.__Dickeya.zeae__35__TSB__1",Dickeya.zeae,35,TSB,1,"Bae, Y.M., Zheng, L., Hyun, J.E., Jung, K.S., Heu, S. and Lee, S.Y., 2014. Growth characteristics and biofilm formation of various spoilage bacteria isolated from fresh produce. Journal of food science, 79(10), pp.M2072-M2080.",OD_595,logistic,-60.28592141303599,-57.6148061393475,0.4528567486221562
"Bae, Y.M., Zheng, L., Hyun, J.E., Jung, K.S., Heu, S. and Lee, S.Y., 2014. Growth characteristics and biofilm formation of various spoilage bacteria isolated from fresh produce. Journal of food science, 79(10), pp.M2072-M2080.__Dickeya.zeae__5__TSB__1",Dickeya.zeae,5,TSB,1,"Bae, Y.M., Zheng, L., Hyun, J.E., Jung, K.S., Heu, S. and Lee, S.Y., 2014. Growth characteristics and biofilm formation of various spoilage bacteria isolated from fresh produce. Journal of food science, 79(10), pp.M2072-M2080.",OD_595,logistic,-322.4696180184605,-318.47300448793493,0.0002251253327957
"Bae, Y.M., Zheng, L., Hyun, J.E., Jung, K.S., Heu, S. and Lee, S.Y., 2014. Growth characteristics and biofilm formation of various spoilage bacteria isolated from fresh produce. Journal of food science, 79(10), pp.M2072-M2080.__Enterobacter.sp.__15__TSB__1",Enterobacter.sp.,15,TSB,1,"Bae, Y.M., Zheng, L., Hyun, J.E., Jung, K.S., Heu, S. and Lee, S.Y., 2014. Growth characteristics and biofilm formation of various spoilage bacteria isolated from fresh produce. Journal of food science, 79(10), pp.M2072-M2080.",OD_595,gompertz,-195.8690077032336,-191.76712021327413,0.0274962833145336
"Bae, Y.M., Zheng, L., Hyun, J.E., Jung, K.S., Heu, S. and Lee, S.Y., 2014. Growth characteristics and biofilm formation of various spoilage bacteria isolated from fresh produce. Journal of food science, 79(10), pp.M2072-M2080.__Enterobacter.sp.__25__TSB__1",Enterobacter.sp.,25,TSB,1,"Bae, Y.M., Zheng, L., Hyun, J.E., Jung, K.S., Heu, S. and Lee, S.Y., 2014. Growth characteristics and biofilm formation of various spoilage bacteria isolated from fresh produce. Journal of food science, 79(10), pp.M2072-M2080.",OD_595,gompertz,-132.9779486258642,-130.47830859369554,0.004786479509295
"Bae, Y.M., Zheng, L., Hyun, J.E., Jung, K.S., Heu, S. and Lee, S.Y., 2014. Growth characteristics and biofilm formation of various spoilage bacteria isolated from fresh produce. Journal of food science, 79(10), pp.M2072-M2080.__Enterobacter.sp.__35__TSB__1",Enterobacter.sp.,35,TSB,1,"Bae, Y.M., Zheng, L., Hyun, J.E., Jung, K.S., Heu, S. and Lee, S.Y., 2014. Growth characteristics and biofilm formation of various spoilage bacteria isolated from fresh produce. Journal of food science, 79(10), pp.M2072-M2080.",OD_595,gompertz,-118.69202323524271,-116.19238320307409,0.0110911082290015
"Bae, Y.M., Zheng, L., Hyun, J.E., Jung, K.S., Heu, S. and Lee, S.Y., 2014. Growth characteristics and biofilm formation of various spoilage bacteria isolated from fresh produce. Journal of food science, 79(10), pp.M2072-M2080.__Enterobacter.sp.__5__TSB__1",Enterobacter.sp.,5,TSB,1,"Bae, Y.M., Zheng, L., Hyun, J.E., Jung, K.S., Heu, S. and Lee, S.Y., 2014. Growth characteristics and biofilm formation of various spoilage bacteria isolated from fresh produce. Journal of food science, 79(10), pp.M2072-M2080.",OD_595,logistic,-253.1531247968502,-249.15651126632457,0.0026764493492193
"Bae, Y.M., Zheng, L., Hyun, J.E., Jung, K.S., Heu, S. and Lee, S.Y., 2014. Growth characteristics and biofilm formation of various spoilage bacteria isolated from fresh produce. Journal of food science, 79(10), pp.M2072-M2080.__Klebsiella.pneumonia..RDA.R.__15__TSB__1",Klebsiella.pneumonia..RDA.R.,15,TSB,1,"Bae, Y.M., Zheng, L., Hyun, J.E., Jung, K.S., Heu, S. and Lee, S.Y., 2014. Growth characteristics and biofilm formation of various spoilage bacteria isolated from fresh produce. Journal of food science, 79(10), pp.M2072-M2080.",OD_595,gompertz,-234.13884590807612,-229.74163819967697,0.0176220727034106
"Bae, Y.M., Zheng, L., Hyun, J.E., Jung, K.S., Heu, S. and Lee, S.Y., 2014. Growth characteristics and biofilm formation of various spoilage bacteria isolated from fresh produce. Journal of food science, 79(10), pp.M2072-M2080.__Klebsiella.pneumonia..RDA.R.__25__TSB__1",Klebsiella.pneumonia..RDA.R.,25,TSB,1,"Bae, Y.M., Zheng, L., Hyun, J.E., Jung, K.S., Heu, S. and Lee, S.Y., 2014. Growth characteristics and biofilm formation of various spoilage bacteria isolated from fresh produce. Journal of food science, 79(10), pp.M2072-M2080.",OD_595,logistic,-118.78427104795892,-116.46650488123956,0.0065622075343114
"Bae, Y.M., Zheng, L., Hyun, J.E., Jung, K.S., Heu, S. and Lee, S.Y., 2014. Growth characteristics and biofilm formation of various spoilage bacteria isolated from fresh produce. Journal of food science, 79(10), pp.M2072-M2080.__Klebsiella.pneumonia..RDA.R.__35__TSB__1",Klebsiella.pneumonia..RDA.R.,35,TSB,1,"Bae, Y.M., Zheng, L., Hyun, J.E., Jung, K.S., Heu, S. and Lee, S.Y., 2014. Growth characteristics and biofilm formation of various spoilage bacteria isolated from fresh produce. Journal of food science, 79(10), pp.M2072-M2080.",OD_595,logistic,-146.97716483873714,-144.30604956504865,0.0036670798236087
"Bae, Y.M., Zheng, L., Hyun, J.E., Jung, K.S., Heu, S. and Lee, S.Y., 2014. Growth characteristics and biofilm formation of various spoilage bacteria isolated from fresh produce. Journal of food science, 79(10), pp.M2072-M2080.__Klebsiella.pneumonia..RDA.R.__5__TSB__1",Klebsiella.pneumonia..RDA.R.,5,TSB,1,"Bae, Y.M., Zheng, L., Hyun, J.E., Jung, K.S., Heu, S. and Lee, S.Y., 2014. Growth characteristics and biofilm formation of various spoilage bacteria isolated from fresh produce. Journal of food science, 79(10), pp.M2072-M2080.",OD_595,logistic,-321.36641601663564,-317.36980248611,0.000234172343104
"Bae, Y.M., Zheng, L., Hyun, J.E., Jung, K.S., Heu, S. and Lee, S.Y., 2014. Growth characteristics and biofilm formation of various spoilage bacteria isolated from fresh produce. Journal of food science, 79(10), pp.M2072-M2080.__Klebsiella.pneumonia__15__TSB__1",Klebsiella.pneumonia,15,TSB,1,"Bae, Y.M., Zheng, L., Hyun, J.E., Jung, K.S., Heu, S. and Lee, S.Y., 2014. Growth characteristics and biofilm formation of various spoilage bacteria isolated from fresh produce. Journal of food science, 79(10), pp.M2072-M2080.",OD_595,gompertz,-213.03369468805425,-208.63648697965507,0.0340792339181238
"Bae, Y.M., Zheng, L., Hyun, J.E., Jung, K.S., Heu, S. and Lee, S.Y., 2014. Growth characteristics and biofilm formation of various spoilage bacteria isolated from fresh produce. Journal of food science, 79(10), pp.M2072-M2080.__Klebsiella.pneumonia__25__TSB__1",Klebsiella.pneumonia,25,TSB,1,"Bae, Y.M., Zheng, L., Hyun, J.E., Jung, K.S., Heu, S. and Lee, S.Y., 2014. Growth characteristics and biofilm formation of various spoilage bacteria isolated from fresh produce. Journal of food science, 79(10), pp.M2072-M2080.",OD_595,logistic,-113.15632406224002,-110.83855789552068,0.009328495495287
"Bae, Y.M., Zheng, L., Hyun, J.E., Jung, K.S., Heu, S. and Lee, S.Y., 2014. Growth characteristics and biofilm formation of various spoilage bacteria isolated from fresh produce. Journal of food science, 79(10), pp.M2072-M2080.__Klebsiella.pneumonia__35__TSB__1",Klebsiella.pneumonia,35,TSB,1,"Bae, Y.M., Zheng, L., Hyun, J.E., Jung, K.S., Heu, S. and Lee, S.Y., 2014. Growth characteristics and biofilm formation of various spoilage bacteria isolated from fresh produce. Journal of food science, 79(10), pp.M2072-M2080.",OD_595,logistic,-161.7654228057405,-159.09430753205203,0.0016125645016204
"Bae, Y.M., Zheng, L., Hyun, J.E., Jung, K.S., Heu, S. and Lee, S.Y., 2014. Growth characteristics and biofilm formation of various spoilage bacteria isolated from fresh produce. Journal of food science, 79(10), pp.M2072-M2080.__Klebsiella.pneumonia__5__TSB__1",Klebsiella.pneumonia,5,TSB,1,"Bae, Y.M., Zheng, L., Hyun, J.E., Jung, K.S., Heu, S. and Lee, S.Y., 2014. Growth characteristics and biofilm formation of various spoilage bacteria isolated from fresh produce. Journal of food science, 79(10), pp.M2072-M2080.",OD_595,logistic,-238.59004914047267,-234.59343560994705,0.0045023563419939
"Bae, Y.M., Zheng, L., Hyun, J.E., Jung, K.S., Heu, S. and Lee, S.Y., 2014. Growth characteristics and biofilm formation of various spoilage bacteria isolated from fresh produce. Journal of food science, 79(10), pp.M2072-M2080.__Pantoea.agglomerans..RDA.R.__15__TSB__1",Pantoea.agglomerans..RDA.R.,15,TSB,1,"Bae, Y.M., Zheng, L., Hyun, J.E., Jung, K.S., Heu, S. and Lee, S.Y., 2014. Growth characteristics and biofilm formation of various spoilage bacteria isolated from fresh produce. Journal of food science, 79(10), pp.M2072-M2080.",OD_595,logistic,-88.80935355882957,-85.40287091104213,0.372822967123844
"Bae, Y.M., Zheng, L., Hyun, J.E., Jung, K.S., Heu, S. and Lee, S.Y., 2014. Growth characteristics and biofilm formation of various spoilage bacteria isolated from fresh produce. Journal of food science, 79(10), pp.M2072-M2080.__Pantoea.agglomerans..RDA.R.__25__TSB__1",Pantoea.agglomerans..RDA.R.,25,TSB,1,"Bae, Y.M., Zheng, L., Hyun, J.E., Jung, K.S., Heu, S. and Lee, S.Y., 2014. Growth characteristics and biofilm formation of various spoilage bacteria isolated from fresh produce. Journal of food science, 79(10), pp.M2072-M2080.",OD_595,logistic,-72.58573201044055,-70.26796584372121,0.1177702568231947
"Bae, Y.M., Zheng, L., Hyun, J.E., Jung, K.S., Heu, S. and Lee, S.Y., 2014. Growth characteristics and biofilm formation of various spoilage bacteria isolated from fresh produce. Journal of food science, 79(10), pp.M2072-M2080.__Pantoea.agglomerans..RDA.R.__35__TSB__1",Pantoea.agglomerans..RDA.R.,35,TSB,1,"Bae, Y.M., Zheng, L., Hyun, J.E., Jung, K.S., Heu, S. and Lee, S.Y., 2014. Growth characteristics and biofilm formation of various spoilage bacteria isolated from fresh produce. Journal of food science, 79(10), pp.M2072-M2080.",OD_595,logistic,-66.26665845946617,-63.76701842729752,0.2422544726756925
"Bae, Y.M., Zheng, L., Hyun, J.E., Jung, K.S., Heu, S. and Lee, S.Y., 2014. Growth characteristics and biofilm formation of various spoilage bacteria isolated from fresh produce. Journal of food science, 79(10), pp.M2072-M2080.__Pantoea.agglomerans..RDA.R.__5__TSB__1",Pantoea.agglomerans..RDA.R.,5,TSB,1,"Bae, Y.M., Zheng, L., Hyun, J.E., Jung, K.S., Heu, S. and Lee, S.Y., 2014. Growth characteristics and biofilm formation of various spoilage bacteria isolated from fresh produce. Journal of food science, 79(10), pp.M2072-M2080.",OD_595,logistic,-225.47459653406992,-221.4779830035443,0.0071922921145589
"Bae, Y.M., Zheng, L., Hyun, J.E., Jung, K.S., Heu, S. and Lee, S.Y., 2014. Growth characteristics and biofilm formation of various spoilage bacteria isolated from fresh produce. Journal of food science, 79(10), pp.M2072-M2080.__Pantoea.agglomerans.1__15__TSB__1",Pantoea.agglomerans.1,15,TSB,1,"Bae, Y.M., Zheng, L., Hyun, J.E., Jung, K.S., Heu, S. and Lee, S.Y., 2014. Growth characteristics and biofilm formation of various spoilage bacteria isolated from fresh produce. Journal of food science, 79(10), pp.M2072-M2080.",OD_595,logistic,-78.60014213967939,-74.82585252561495,1.0042539396878365
"Bae, Y.M., Zheng, L., Hyun, J.E., Jung, K.S., Heu, S. and Lee, S.Y., 2014. Growth characteristics and biofilm formation of various spoilage bacteria isolated from fresh produce. Journal of food science, 79(10), pp.M2072-M2080.__Pantoea.agglomerans.1__25__TSB__1",Pantoea.agglomerans.1,25,TSB,1,"Bae, Y.M., Zheng, L., Hyun, J.E., Jung, K.S., Heu, S. and Lee, S.Y., 2014. Growth characteristics and biofilm formation of various spoilage bacteria isolated from fresh produce. Journal of food science, 79(10), pp.M2072-M2080.",OD_595,logistic,-61.3500622539473,-59.22591165064067,0.1683089586159173
"Bae, Y.M., Zheng, L., Hyun, J.E., Jung, K.S., Heu, S. and Lee, S.Y., 2014. Growth characteristics and biofilm formation of various spoilage bacteria isolated from fresh produce. Journal of food science, 79(10), pp.M2072-M2080.__Pantoea.agglomerans.1__35__TSB__1",Pantoea.agglomerans.1,35,TSB,1,"Bae, Y.M., Zheng, L., Hyun, J.E., Jung, K.S., Heu, S. and Lee, S.Y., 2014. Growth characteristics and biofilm formation of various spoilage bacteria isolated from fresh produce. Journal of food science, 79(10), pp.M2072-M2080.",OD_595,logistic,-67.37282159746324,-65.0550554307439,0.1631292206372353
"Bae, Y.M., Zheng, L., Hyun, J.E., Jung, K.S., Heu, S. and Lee, S.Y., 2014. Growth characteristics and biofilm formation of various spoilage bacteria isolated from fresh produce. Journal of food science, 79(10), pp.M2072-M2080.__Pantoea.agglomerans.1__5__TSB__1",Pantoea.agglomerans.1,5,TSB,1,"Bae, Y.M., Zheng, L., Hyun, J.E., Jung, K.S., Heu, S. and Lee, S.Y., 2014. Growth characteristics and biofilm formation of various spoilage bacteria isolated from fresh produce. Journal of food science, 79(10), pp.M2072-M2080.",OD_595,logistic,-204.27714403785663,-200.280530507331,0.0153338344346143
"Bae, Y.M., Zheng, L., Hyun, J.E., Jung, K.S., Heu, S. and Lee, S.Y., 2014. Growth characteristics and biofilm formation of various spoilage bacteria isolated from fresh produce. Journal of food science, 79(10), pp.M2072-M2080.__Pantoea.agglomerans.2__15__TSB__1",Pantoea.agglomerans.2,15,TSB,1,"Bae, Y.M., Zheng, L., Hyun, J.E., Jung, K.S., Heu, S. and Lee, S.Y., 2014. Growth characteristics and biofilm formation of various spoilage bacteria isolated from fresh produce. Journal of food science, 79(10), pp.M2072-M2080.",OD_595,logistic,-78.48781264802635,-74.7135230339619,1.0086020693141375
"Bae, Y.M., Zheng, L., Hyun, J.E., Jung, K.S., Heu, S. and Lee, S.Y., 2014. Growth characteristics and biofilm formation of various spoilage bacteria isolated from fresh produce. Journal of food science, 79(10), pp.M2072-M2080.__Pantoea.agglomerans.2__25__TSB__1",Pantoea.agglomerans.2,25,TSB,1,"Bae, Y.M., Zheng, L., Hyun, J.E., Jung, K.S., Heu, S. and Lee, S.Y., 2014. Growth characteristics and biofilm formation of various spoilage bacteria isolated from fresh produce. Journal of food science, 79(10), pp.M2072-M2080.",OD_595,logistic,-52.13476059236727,-50.01060998906063,0.3111125593676453
"Bae, Y.M., Zheng, L., Hyun, J.E., Jung, K.S., Heu, S. and Lee, S.Y., 2014. Growth characteristics and biofilm formation of various spoilage bacteria isolated from fresh produce. Journal of food science, 79(10), pp.M2072-M2080.__Pantoea.agglomerans.2__35__TSB__1",Pantoea.agglomerans.2,35,TSB,1,"Bae, Y.M., Zheng, L., Hyun, J.E., Jung, K.S., Heu, S. and Lee, S.Y., 2014. Growth characteristics and biofilm formation of various spoilage bacteria isolated from fresh produce. Journal of food science, 79(10), pp.M2072-M2080.",OD_595,logistic,-52.3598810642715,-50.23573046096487,0.3064782353158752
"Bae, Y.M., Zheng, L., Hyun, J.E., Jung, K.S., Heu, S. and Lee, S.Y., 2014. Growth characteristics and biofilm formation of various spoilage bacteria isolated from fresh produce. Journal of food science, 79(10), pp.M2072-M2080.__Pantoea.agglomerans.2__5__TSB__1",Pantoea.agglomerans.2,5,TSB,1,"Bae, Y.M., Zheng, L., Hyun, J.E., Jung, K.S., Heu, S. and Lee, S.Y., 2014. Growth characteristics and biofilm formation of various spoilage bacteria isolated from fresh produce. Journal of food science, 79(10), pp.M2072-M2080.",OD_595,logistic,-138.5047977132311,-134.30120556824463,0.2427728105976342
"Bae, Y.M., Zheng, L., Hyun, J.E., Jung, K.S., Heu, S. and Lee, S.Y., 2014. Growth characteristics and biofilm formation of various spoilage bacteria isolated from fresh produce. Journal of food science, 79(10), pp.M2072-M2080.__Pectobacterium.carotovorum.subsp..Carotovorum.Pcc2__15__TSB__1",Pectobacterium.carotovorum.subsp..Carotovorum.Pcc2,15,TSB,1,"Bae, Y.M., Zheng, L., Hyun, J.E., Jung, K.S., Heu, S. and Lee, S.Y., 2014. Growth characteristics and biofilm formation of various spoilage bacteria isolated from fresh produce. Journal of food science, 79(10), pp.M2072-M2080.",OD_595,logistic,-123.57503855120476,-120.16855590341731,0.0822326287390176
"Bae, Y.M., Zheng, L., Hyun, J.E., Jung, K.S., Heu, S. and Lee, S.Y., 2014. Growth characteristics and biofilm formation of various spoilage bacteria isolated from fresh produce. Journal of food science, 79(10), pp.M2072-M2080.__Pectobacterium.carotovorum.subsp..Carotovorum.Pcc2__25__TSB__1",Pectobacterium.carotovorum.subsp..Carotovorum.Pcc2,25,TSB,1,"Bae, Y.M., Zheng, L., Hyun, J.E., Jung, K.S., Heu, S. and Lee, S.Y., 2014. Growth characteristics and biofilm formation of various spoilage bacteria isolated from fresh produce. Journal of food science, 79(10), pp.M2072-M2080.",OD_595,logistic,-98.70549864196111,-96.20585860979249,0.035938949228382
"Bae, Y.M., Zheng, L., Hyun, J.E., Jung, K.S., Heu, S. and Lee, S.Y., 2014. Growth characteristics and biofilm formation of various spoilage bacteria isolated from fresh produce. Journal of food science, 79(10), pp.M2072-M2080.__Pectobacterium.carotovorum.subsp..Carotovorum.Pcc2__35__TSB__1",Pectobacterium.carotovorum.subsp..Carotovorum.Pcc2,35,TSB,1,"Bae, Y.M., Zheng, L., Hyun, J.E., Jung, K.S., Heu, S. and Lee, S.Y., 2014. Growth characteristics and biofilm formation of various spoilage bacteria isolated from fresh produce. Journal of food science, 79(10), pp.M2072-M2080.",OD_595,logistic,-75.28181019389578,-72.96404402717644,0.0995072856506432
"Bae, Y.M., Zheng, L., Hyun, J.E., Jung, K.S., Heu, S. and Lee, S.Y., 2014. Growth characteristics and biofilm formation of various spoilage bacteria isolated from fresh produce. Journal of food science, 79(10), pp.M2072-M2080.__Pectobacterium.carotovorum.subsp..Carotovorum.Pcc2__5__TSB__1",Pectobacterium.carotovorum.subsp..Carotovorum.Pcc2,5,TSB,1,"Bae, Y.M., Zheng, L., Hyun, J.E., Jung, K.S., Heu, S. and Lee, S.Y., 2014. Growth characteristics and biofilm formation of various spoilage bacteria isolated from fresh produce. Journal of food science, 79(10), pp.M2072-M2080.",OD_595,logistic,-336.54949540264533,-332.5528818721197,0.0001361564399009
"Bae, Y.M., Zheng, L., Hyun, J.E., Jung, K.S., Heu, S. and Lee, S.Y., 2014. Growth characteristics and biofilm formation of various spoilage bacteria isolated from fresh produce. Journal of food science, 79(10), pp.M2072-M2080.__Pseudomonas.fluorescens.1__15__TSB__1",Pseudomonas.fluorescens.1,15,TSB,1,"Bae, Y.M., Zheng, L., Hyun, J.E., Jung, K.S., Heu, S. and Lee, S.Y., 2014. Growth characteristics and biofilm formation of various spoilage bacteria isolated from fresh produce. Journal of food science, 79(10), pp.M2072-M2080.",OD_595,logistic,-139.05490975540584,-135.6484271076184,0.0419515041543381
"Bae, Y.M., Zheng, L., Hyun, J.E., Jung, K.S., Heu, S. and Lee, S.Y., 2014. Growth characteristics and biofilm formation of various spoilage bacteria isolated from fresh produce. Journal of food science, 79(10), pp.M2072-M2080.__Pseudomonas.fluorescens.1__25__TSB__1",Pseudomonas.fluorescens.1,25,TSB,1,"Bae, Y.M., Zheng, L., Hyun, J.E., Jung, K.S., Heu, S. and Lee, S.Y., 2014. Growth characteristics and biofilm formation of various spoilage bacteria isolated from fresh produce. Journal of food science, 79(10), pp.M2072-M2080.",OD_595,gompertz,-83.51475118029444,-81.81990310790982,0.0132892381450327
"Bae, Y.M., Zheng, L., Hyun, J.E., Jung, K.S., Heu, S. and Lee, S.Y., 2014. Growth characteristics and biofilm formation of various spoilage bacteria isolated from fresh produce. Journal of food science, 79(10), pp.M2072-M2080.__Pseudomonas.fluorescens.1__35__TSB__1",Pseudomonas.fluorescens.1,35,TSB,1,"Bae, Y.M., Zheng, L., Hyun, J.E., Jung, K.S., Heu, S. and Lee, S.Y., 2014. Growth characteristics and biofilm formation of various spoilage bacteria isolated from fresh produce. Journal of food science, 79(10), pp.M2072-M2080.",OD_595,gompertz,-165.7556369316394,-163.25599689947074,0.0006960706343609
"Bae, Y.M., Zheng, L., Hyun, J.E., Jung, K.S., Heu, S. and Lee, S.Y., 2014. Growth characteristics and biofilm formation of various spoilage bacteria isolated from fresh produce. Journal of food science, 79(10), pp.M2072-M2080.__Pseudomonas.fluorescens.1__5__TSB__1",Pseudomonas.fluorescens.1,5,TSB,1,"Bae, Y.M., Zheng, L., Hyun, J.E., Jung, K.S., Heu, S. and Lee, S.Y., 2014. Growth characteristics and biofilm formation of various spoilage bacteria isolated from fresh produce. Journal of food science, 79(10), pp.M2072-M2080.",OD_595,logistic,-208.79702610122573,-204.80041257070013,0.013048033443118
"Bae, Y.M., Zheng, L., Hyun, J.E., Jung, K.S., Heu, S. and Lee, S.Y., 2014. Growth characteristics and biofilm formation of various spoilage bacteria isolated from fresh produce. Journal of food science, 79(10), pp.M2072-M2080.__Pseudomonas.fluorescens.2__15__TSB__1",Pseudomonas.fluorescens.2,15,TSB,1,"Bae, Y.M., Zheng, L., Hyun, J.E., Jung, K.S., Heu, S. and Lee, S.Y., 2014. Growth characteristics and biofilm formation of various spoilage bacteria isolated from fresh produce. Journal of food science, 79(10), pp.M2072-M2080.",OD_595,gompertz,-189.68268917064336,-186.27620652285592,0.0046427482561879
"Bae, Y.M., Zheng, L., Hyun, J.E., Jung, K.S., Heu, S. and Lee, S.Y., 2014. Growth characteristics and biofilm formation of various spoilage bacteria isolated from fresh produce. Journal of food science, 79(10), pp.M2072-M2080.__Pseudomonas.fluorescens.2__25__TSB__1",Pseudomonas.fluorescens.2,25,TSB,1,"Bae, Y.M., Zheng, L., Hyun, J.E., Jung, K.S., Heu, S. and Lee, S.Y., 2014. Growth characteristics and biofilm formation of various spoilage bacteria isolated from fresh produce. Journal of food science, 79(10), pp.M2072-M2080.",OD_595,gompertz,-100.41737747694796,-98.96265752758396,0.001689693478852
"Bae, Y.M., Zheng, L., Hyun, J.E., Jung, K.S., Heu, S. and Lee, S.Y., 2014. Growth characteristics and biofilm formation of various spoilage bacteria isolated from fresh produce. Journal of food science, 79(10), pp.M2072-M2080.__Pseudomonas.fluorescens.2__35__TSB__1",Pseudomonas.fluorescens.2,35,TSB,1,"Bae, Y.M., Zheng, L., Hyun, J.E., Jung, K.S., Heu, S. and Lee, S.Y., 2014. Growth characteristics and biofilm formation of various spoilage bacteria isolated from fresh produce. Journal of food science, 79(10), pp.M2072-M2080.",OD_595,logistic,-103.08305176787528,-100.95890116456866,0.0104186975039652
"Bae, Y.M., Zheng, L., Hyun, J.E., Jung, K.S., Heu, S. and Lee, S.Y., 2014. Growth characteristics and biofilm formation of various spoilage bacteria isolated from fresh produce. Journal of food science, 79(10), pp.M2072-M2080.__Pseudomonas.fluorescens.2__5__TSB__1",Pseudomonas.fluorescens.2,5,TSB,1,"Bae, Y.M., Zheng, L., Hyun, J.E., Jung, K.S., Heu, S. and Lee, S.Y., 2014. Growth characteristics and biofilm formation of various spoilage bacteria isolated from fresh produce. Journal of food science, 79(10), pp.M2072-M2080.",OD_595,logistic,-267.5984975578955,-263.60188402736986,0.0015977316049339
"Bae, Y.M., Zheng, L., Hyun, J.E., Jung, K.S., Heu, S. and Lee, S.Y., 2014. Growth characteristics and biofilm formation of various spoilage bacteria isolated from fresh produce. Journal of food science, 79(10), pp.M2072-M2080.__Stenotrophomonas.maltophilia..RDA.R.__15__TSB__1",Stenotrophomonas.maltophilia..RDA.R.,15,TSB,1,"Bae, Y.M., Zheng, L., Hyun, J.E., Jung, K.S., Heu, S. and Lee, S.Y., 2014. Growth characteristics and biofilm formation of various spoilage bacteria isolated from fresh produce. Journal of food science, 79(10), pp.M2072-M2080.",OD_595,logistic,-186.54693325383533,-183.2738058937604,0.0034787199742128
"Bae, Y.M., Zheng, L., Hyun, J.E., Jung, K.S., Heu, S. and Lee, S.Y., 2014. Growth characteristics and biofilm formation of various spoilage bacteria isolated from fresh produce. Journal of food science, 79(10), pp.M2072-M2080.__Stenotrophomonas.maltophilia..RDA.R.__25__TSB__1",Stenotrophomonas.maltophilia..RDA.R.,25,TSB,1,"Bae, Y.M., Zheng, L., Hyun, J.E., Jung, K.S., Heu, S. and Lee, S.Y., 2014. Growth characteristics and biofilm formation of various spoilage bacteria isolated from fresh produce. Journal of food science, 79(10), pp.M2072-M2080.",OD_595,logistic,-109.83581927055556,-108.14097119817094,0.0017546282309251
"Bae, Y.M., Zheng, L., Hyun, J.E., Jung, K.S., Heu, S. and Lee, S.Y., 2014. Growth characteristics and biofilm formation of various spoilage bacteria isolated from fresh produce. Journal of food science, 79(10), pp.M2072-M2080.__Stenotrophomonas.maltophilia..RDA.R.__35__TSB__1",Stenotrophomonas.maltophilia..RDA.R.,35,TSB,1,"Bae, Y.M., Zheng, L., Hyun, J.E., Jung, K.S., Heu, S. and Lee, S.Y., 2014. Growth characteristics and biofilm formation of various spoilage bacteria isolated from fresh produce. Journal of food science, 79(10), pp.M2072-M2080.",OD_595,logistic,-119.61719017323428,-117.49303956992765,0.0034601991153473
"Bae, Y.M., Zheng, L., Hyun, J.E., Jung, K.S., Heu, S. and Lee, S.Y., 2014. Growth characteristics and biofilm formation of various spoilage bacteria isolated from fresh produce. Journal of food science, 79(10), pp.M2072-M2080.__Stenotrophomonas.maltophilia..RDA.R.__5__TSB__1",Stenotrophomonas.maltophilia..RDA.R.,5,TSB,1,"Bae, Y.M., Zheng, L., Hyun, J.E., Jung, K.S., Heu, S. and Lee, S.Y., 2014. Growth characteristics and biofilm formation of various spoilage bacteria isolated from fresh produce. Journal of food science, 79(10), pp.M2072-M2080.",OD_595,logistic,-299.81777196626064,-295.821158435735,0.0005055524459037
"Bae, Y.M., Zheng, L., Hyun, J.E., Jung, K.S., Heu, S. and Lee, S.Y., 2014. Growth characteristics and biofilm formation of various spoilage bacteria isolated from fresh produce. Journal of food science, 79(10), pp.M2072-M2080.__Stenotrophomonas.maltophilia.1__15__TSB__1",Stenotrophomonas.maltophilia.1,15,TSB,1,"Bae, Y.M., Zheng, L., Hyun, J.E., Jung, K.S., Heu, S. and Lee, S.Y., 2014. Growth characteristics and biofilm formation of various spoilage bacteria isolated from fresh produce. Journal of food science, 79(10), pp.M2072-M2080.",OD_595,logistic,-145.54326189499497,-142.13677924720753,0.0316396797515516
"Bae, Y.M., Zheng, L., Hyun, J.E., Jung, K.S., Heu, S. and Lee, S.Y., 2014. Growth characteristics and biofilm formation of various spoilage bacteria isolated from fresh produce. Journal of food science, 79(10), pp.M2072-M2080.__Stenotrophomonas.maltophilia.1__25__TSB__1",Stenotrophomonas.maltophilia.1,25,TSB,1,"Bae, Y.M., Zheng, L., Hyun, J.E., Jung, K.S., Heu, S. and Lee, S.Y., 2014. Growth characteristics and biofilm formation of various spoilage bacteria isolated from fresh produce. Journal of food science, 79(10), pp.M2072-M2080.",OD_595,logistic,-95.17311271654631,-93.25594072770056,0.0101773198484218
"Bae, Y.M., Zheng, L., Hyun, J.E., Jung, K.S., Heu, S. and Lee, S.Y., 2014. Growth characteristics and biofilm formation of various spoilage bacteria isolated from fresh produce. Journal of food science, 79(10), pp.M2072-M2080.__Stenotrophomonas.maltophilia.1__35__TSB__1",Stenotrophomonas.maltophilia.1,35,TSB,1,"Bae, Y.M., Zheng, L., Hyun, J.E., Jung, K.S., Heu, S. and Lee, S.Y., 2014. Growth characteristics and biofilm formation of various spoilage bacteria isolated from fresh produce. Journal of food science, 79(10), pp.M2072-M2080.",OD_595,gompertz,-119.52813844198724,-117.4039878386806,0.0034808026623287
"Bae, Y.M., Zheng, L., Hyun, J.E., Jung, K.S., Heu, S. and Lee, S.Y., 2014. Growth characteristics and biofilm formation of various spoilage bacteria isolated from fresh produce. Journal of food science, 79(10), pp.M2072-M2080.__Stenotrophomonas.maltophilia.1__5__TSB__1",Stenotrophomonas.maltophilia.1,5,TSB,1,"Bae, Y.M., Zheng, L., Hyun, J.E., Jung, K.S., Heu, S. and Lee, S.Y., 2014. Growth characteristics and biofilm formation of various spoilage bacteria isolated from fresh produce. Journal of food science, 79(10), pp.M2072-M2080.",OD_595,logistic,-259.34047302318504,-255.34385949265945,0.0021458040358739
"Bae, Y.M., Zheng, L., Hyun, J.E., Jung, K.S., Heu, S. and Lee, S.Y., 2014. Growth characteristics and biofilm formation of various spoilage bacteria isolated from fresh produce. Journal of food science, 79(10), pp.M2072-M2080.__Stenotrophomonas.maltophilia.2__15__TSB__1",Stenotrophomonas.maltophilia.2,15,TSB,1,"Bae, Y.M., Zheng, L., Hyun, J.E., Jung, K.S., Heu, S. and Lee, S.Y., 2014. Growth characteristics and biofilm formation of various spoilage bacteria isolated from fresh produce. Journal of food science, 79(10), pp.M2072-M2080.",OD_595,logistic,-104.30825490644156,-100.90177225865412,0.1900407289385486
"Bae, Y.M., Zheng, L., Hyun, J.E., Jung, K.S., Heu, S. and Lee, S.Y., 2014. Growth characteristics and biofilm formation of various spoilage bacteria isolated from fresh produce. Journal of food science, 79(10), pp.M2072-M2080.__Stenotrophomonas.maltophilia.2__25__TSB__1",Stenotrophomonas.maltophilia.2,25,TSB,1,"Bae, Y.M., Zheng, L., Hyun, J.E., Jung, K.S., Heu, S. and Lee, S.Y., 2014. Growth characteristics and biofilm formation of various spoilage bacteria isolated from fresh produce. Journal of food science, 79(10), pp.M2072-M2080.",OD_595,gompertz,-125.99655620139222,-123.67879003467289,0.0041810367355164
"Bae, Y.M., Zheng, L., Hyun, J.E., Jung, K.S., Heu, S. and Lee, S.Y., 2014. Growth characteristics and biofilm formation of various spoilage bacteria isolated from fresh produce. Journal of food science, 79(10), pp.M2072-M2080.__Stenotrophomonas.maltophilia.2__35__TSB__1",Stenotrophomonas.maltophilia.2,35,TSB,1,"Bae, Y.M., Zheng, L., Hyun, J.E., Jung, K.S., Heu, S. and Lee, S.Y., 2014. Growth characteristics and biofilm formation of various spoilage bacteria isolated from fresh produce. Journal of food science, 79(10), pp.M2072-M2080.",OD_595,logistic,-120.18416836854264,-117.86640220182328,0.0060124569672251
"Bae, Y.M., Zheng, L., Hyun, J.E., Jung, K.S., Heu, S. and Lee, S.Y., 2014. Growth characteristics and biofilm formation of various spoilage bacteria isolated from fresh produce. Journal of food science, 79(10), pp.M2072-M2080.__Stenotrophomonas.maltophilia.2__5__TSB__1",Stenotrophomonas.maltophilia.2,5,TSB,1,"Bae, Y.M., Zheng, L., Hyun, J.E., Jung, K.S., Heu, S. and Lee, S.Y., 2014. Growth characteristics and biofilm formation of various spoilage bacteria isolated from fresh produce. Journal of food science, 79(10), pp.M2072-M2080.",OD_595,logistic,-274.8758425619252,-270.8792290313996,0.001232050306727
"Bernhardt, J.R., Sunday, J.M. and O’Connor, M.I., 2018. Metabolic theory and the temperature-size rule explain the temperature dependence of population carrying capacity. The American naturalist, 192(6), pp.687-697.__Tetraselmis tetrahele__16__ESAW__1",Tetraselmis tetrahele,16,ESAW,1,"Bernhardt, J.R., Sunday, J.M. and O’Connor, M.I., 2018. Metabolic theory and the temperature-size rule explain the temperature dependence of population carrying capacity. The American naturalist, 192(6), pp.687-697.",N,logistic,186.81863753705537,188.27335748641937,41997743.329016685
"Bernhardt, J.R., Sunday, J.M. and O’Connor, M.I., 2018. Metabolic theory and the temperature-size rule explain the temperature dependence of population carrying capacity. The American naturalist, 192(6), pp.687-697.__Tetraselmis tetrahele__16__ESAW__2",Tetraselmis tetrahele,16,ESAW,2,"Bernhardt, J.R., Sunday, J.M. and O’Connor, M.I., 2018. Metabolic theory and the temperature-size rule explain the temperature dependence of population carrying capacity. The American naturalist, 192(6), pp.687-697.",N,gompertz,191.2541435432276,192.7088634925916,60778820.85537196
"Bernhardt, J.R., Sunday, J.M. and O’Connor, M.I., 2018. Metabolic theory and the temperature-size rule explain the temperature dependence of population carrying capacity. The American naturalist, 192(6), pp.687-697.__Tetraselmis tetrahele__16__ESAW__3",Tetraselmis tetrahele,16,ESAW,3,"Bernhardt, J.R., Sunday, J.M. and O’Connor, M.I., 2018. Metabolic theory and the temperature-size rule explain the temperature dependence of population carrying capacity. The American naturalist, 192(6), pp.687-697.",N,logistic,205.6641147747032,207.35896284708784,60838137.81944969
"Bernhardt, J.R., Sunday, J.M. and O’Connor, M.I., 2018. Metabolic theory and the temperature-size rule explain the temperature dependence of population carrying capacity. The American naturalist, 192(6), pp.687-697.__Tetraselmis tetrahele__16__ESAW__4",Tetraselmis tetrahele,16,ESAW,4,"Bernhardt, J.R., Sunday, J.M. and O’Connor, M.I., 2018. Metabolic theory and the temperature-size rule explain the temperature dependence of population carrying capacity. The American naturalist, 192(6), pp.687-697.",N,gompertz,202.02598807431025,203.7208361466949,45987101.68691214
"Bernhardt, J.R., Sunday, J.M. and O’Connor, M.I., 2018. Metabolic theory and the temperature-size rule explain the temperature dependence of population carrying capacity. The American naturalist, 192(6), pp.687-697.__Tetraselmis tetrahele__16__ESAW__5",Tetraselmis tetrahele,16,ESAW,5,"Bernhardt, J.R., Sunday, J.M. and O’Connor, M.I., 2018. Metabolic theory and the temperature-size rule explain the temperature dependence of population carrying capacity. The American naturalist, 192(6), pp.687-697.",N,gompertz,193.7532900022161,195.44813807460068,24337042.415498625
"Bernhardt, J.R., Sunday, J.M. and O’Connor, M.I., 2018. Metabolic theory and the temperature-size rule explain the temperature dependence of population carrying capacity. The American naturalist, 192(6), pp.687-697.__Tetraselmis tetrahele__25__ESAW__1",Tetraselmis tetrahele,25,ESAW,1,"Bernhardt, J.R., Sunday, J.M. and O’Connor, M.I., 2018. Metabolic theory and the temperature-size rule explain the temperature dependence of population carrying capacity. The American naturalist, 192(6), pp.687-697.",N,gompertz,203.25549896834443,204.95034704072904,50548775.42453599
"Bernhardt, J.R., Sunday, J.M. and O’Connor, M.I., 2018. Metabolic theory and the temperature-size rule explain the temperature dependence of population carrying capacity. The American naturalist, 192(6), pp.687-697.__Tetraselmis tetrahele__25__ESAW__2",Tetraselmis tetrahele,25,ESAW,2,"Bernhardt, J.R., Sunday, J.M. and O’Connor, M.I., 2018. Metabolic theory and the temperature-size rule explain the temperature dependence of population carrying capacity. The American naturalist, 192(6), pp.687-697.",N,logistic,198.14466572058515,199.83951379296977,34117065.07119703
"Bernhardt, J.R., Sunday, J.M. and O’Connor, M.I., 2018. Metabolic theory and the temperature-size rule explain the temperature dependence of population carrying capacity. The American naturalist, 192(6), pp.687-697.__Tetraselmis tetrahele__25__ESAW__3",Tetraselmis tetrahele,25,ESAW,3,"Bernhardt, J.R., Sunday, J.M. and O’Connor, M.I., 2018. Metabolic theory and the temperature-size rule explain the temperature dependence of population carrying capacity. The American naturalist, 192(6), pp.687-697.",N,gompertz,200.7467405716468,202.44158864403144,41677328.71285003
"Bernhardt, J.R., Sunday, J.M. and O’Connor, M.I., 2018. Metabolic theory and the temperature-size rule explain the temperature dependence of population carrying capacity. The American naturalist, 192(6), pp.687-697.__Tetraselmis tetrahele__25__ESAW__4",Tetraselmis tetrahele,25,ESAW,4,"Bernhardt, J.R., Sunday, J.M. and O’Connor, M.I., 2018. Metabolic theory and the temperature-size rule explain the temperature dependence of population carrying capacity. The American naturalist, 192(6), pp.687-697.",N,logistic,223.37750139084324,225.50165199414985,29499492.7768878
"Bernhardt, J.R., Sunday, J.M. and O’Connor, M.I., 2018. Metabolic theory and the temperature-size rule explain the temperature dependence of population carrying capacity. The American naturalist, 192(6), pp.687-697.__Tetraselmis tetrahele__25__ESAW__5",Tetraselmis tetrahele,25,ESAW,5,"Bernhardt, J.R., Sunday, J.M. and O’Connor, M.I., 2018. Metabolic theory and the temperature-size rule explain the temperature dependence of population carrying capacity. The American naturalist, 192(6), pp.687-697.",N,gompertz,185.70624809600483,187.16096804536883,38279586.574635744
"Bernhardt, J.R., Sunday, J.M. and O’Connor, M.I., 2018. Metabolic theory and the temperature-size rule explain the temperature dependence of population carrying capacity. The American naturalist, 192(6), pp.687-697.__Tetraselmis tetrahele__32__ESAW__1",Tetraselmis tetrahele,32,ESAW,1,"Bernhardt, J.R., Sunday, J.M. and O’Connor, M.I., 2018. Metabolic theory and the temperature-size rule explain the temperature dependence of population carrying capacity. The American naturalist, 192(6), pp.687-697.",N,logistic,154.06652842875548,155.2602142471506,7713547.576146682
"Bernhardt, J.R., Sunday, J.M. and O’Connor, M.I., 2018. Metabolic theory and the temperature-size rule explain the temperature dependence of population carrying capacity. The American naturalist, 192(6), pp.687-697.__Tetraselmis tetrahele__32__ESAW__2",Tetraselmis tetrahele,32,ESAW,2,"Bernhardt, J.R., Sunday, J.M. and O’Connor, M.I., 2018. Metabolic theory and the temperature-size rule explain the temperature dependence of population carrying capacity. The American naturalist, 192(6), pp.687-697.",N,gompertz,161.31194284903927,162.5056286674344,14904337.031921968
"Bernhardt, J.R., Sunday, J.M. and O’Connor, M.I., 2018. Metabolic theory and the temperature-size rule explain the temperature dependence of population carrying capacity. The American naturalist, 192(6), pp.687-697.__Tetraselmis tetrahele__32__ESAW__3",Tetraselmis tetrahele,32,ESAW,3,"Bernhardt, J.R., Sunday, J.M. and O’Connor, M.I., 2018. Metabolic theory and the temperature-size rule explain the temperature dependence of population carrying capacity. The American naturalist, 192(6), pp.687-697.",N,logistic,159.92104221979076,161.1147280381859,13134032.139545362
"Bernhardt, J.R., Sunday, J.M. and O’Connor, M.I., 2018. Metabolic theory and the temperature-size rule explain the temperature dependence of population carrying capacity. The American naturalist, 192(6), pp.687-697.__Tetraselmis tetrahele__32__ESAW__4",Tetraselmis tetrahele,32,ESAW,4,"Bernhardt, J.R., Sunday, J.M. and O’Connor, M.I., 2018. Metabolic theory and the temperature-size rule explain the temperature dependence of population carrying capacity. The American naturalist, 192(6), pp.687-697.",N,gompertz,162.8956182682893,164.3503382176533,5720355.463986911
"Bernhardt, J.R., Sunday, J.M. and O’Connor, M.I., 2018. Metabolic theory and the temperature-size rule explain the temperature dependence of population carrying capacity. The American naturalist, 192(6), pp.687-697.__Tetraselmis tetrahele__32__ESAW__5",Tetraselmis tetrahele,32,ESAW,5,"Bernhardt, J.R., Sunday, J.M. and O’Connor, M.I., 2018. Metabolic theory and the temperature-size rule explain the temperature dependence of population carrying capacity. The American naturalist, 192(6), pp.687-697.",N,logistic,174.35512909561953,175.80984904498354,14864713.504789105
"Bernhardt, J.R., Sunday, J.M. and O’Connor, M.I., 2018. Metabolic theory and the temperature-size rule explain the temperature dependence of population carrying capacity. The American naturalist, 192(6), pp.687-697.__Tetraselmis tetrahele__5__ESAW__1",Tetraselmis tetrahele,5,ESAW,1,"Bernhardt, J.R., Sunday, J.M. and O’Connor, M.I., 2018. Metabolic theory and the temperature-size rule explain the temperature dependence of population carrying capacity. The American naturalist, 192(6), pp.687-697.",N,gompertz,159.42186320967235,160.61554902806748,12551332.36901318
"Bernhardt, J.R., Sunday, J.M. and O’Connor, M.I., 2018. Metabolic theory and the temperature-size rule explain the temperature dependence of population carrying capacity. The American naturalist, 192(6), pp.687-697.__Tetraselmis tetrahele__5__ESAW__2",Tetraselmis tetrahele,5,ESAW,2,"Bernhardt, J.R., Sunday, J.M. and O’Connor, M.I., 2018. Metabolic theory and the temperature-size rule explain the temperature dependence of population carrying capacity. The American naturalist, 192(6), pp.687-697.",N,gompertz,166.7949137904119,167.98859960880702,24535085.401189484
"Bernhardt, J.R., Sunday, J.M. and O’Connor, M.I., 2018. Metabolic theory and the temperature-size rule explain the temperature dependence of population carrying capacity. The American naturalist, 192(6), pp.687-697.__Tetraselmis tetrahele__5__ESAW__3",Tetraselmis tetrahele,5,ESAW,3,"Bernhardt, J.R., Sunday, J.M. and O’Connor, M.I., 2018. Metabolic theory and the temperature-size rule explain the temperature dependence of population carrying capacity. The American naturalist, 192(6), pp.687-697.",N,logistic,168.05815869230858,169.2518445107037,27520869.17480091
"Bernhardt, J.R., Sunday, J.M. and O’Connor, M.I., 2018. Metabolic theory and the temperature-size rule explain the temperature dependence of population carrying capacity. The American naturalist, 192(6), pp.687-697.__Tetraselmis tetrahele__5__ESAW__4",Tetraselmis tetrahele,5,ESAW,4,"Bernhardt, J.R., Sunday, J.M. and O’Connor, M.I., 2018. Metabolic theory and the temperature-size rule explain the temperature dependence of population carrying capacity. The American naturalist, 192(6), pp.687-697.",N,logistic,174.41727521106642,175.61096102946155,49060101.00620434
"Bernhardt, J.R., Sunday, J.M. and O’Connor, M.I., 2018. Metabolic theory and the temperature-size rule explain the temperature dependence of population carrying capacity. The American naturalist, 192(6), pp.687-697.__Tetraselmis tetrahele__5__ESAW__5",Tetraselmis tetrahele,5,ESAW,5,"Bernhardt, J.R., Sunday, J.M. and O’Connor, M.I., 2018. Metabolic theory and the temperature-size rule explain the temperature dependence of population carrying capacity. The American naturalist, 192(6), pp.687-697.",N,logistic,122.04256684551632,122.28089147055584,15946698.853942877
"Bernhardt, J.R., Sunday, J.M. and O’Connor, M.I., 2018. Metabolic theory and the temperature-size rule explain the temperature dependence of population carrying capacity. The American naturalist, 192(6), pp.687-697.__Tetraselmis tetrahele__8__ESAW__1",Tetraselmis tetrahele,8,ESAW,1,"Bernhardt, J.R., Sunday, J.M. and O’Connor, M.I., 2018. Metabolic theory and the temperature-size rule explain the temperature dependence of population carrying capacity. The American naturalist, 192(6), pp.687-697.",N,logistic,154.9716660795068,156.16535189790193,8375103.612988448
"Bernhardt, J.R., Sunday, J.M. and O’Connor, M.I., 2018. Metabolic theory and the temperature-size rule explain the temperature dependence of population carrying capacity. The American naturalist, 192(6), pp.687-697.__Tetraselmis tetrahele__8__ESAW__2",Tetraselmis tetrahele,8,ESAW,2,"Bernhardt, J.R., Sunday, J.M. and O’Connor, M.I., 2018. Metabolic theory and the temperature-size rule explain the temperature dependence of population carrying capacity. The American naturalist, 192(6), pp.687-697.",N,gompertz,155.82102262525717,156.7287779042393,32110298.285755463
"Bernhardt, J.R., Sunday, J.M. and O’Connor, M.I., 2018. Metabolic theory and the temperature-size rule explain the temperature dependence of population carrying capacity. The American naturalist, 192(6), pp.687-697.__Tetraselmis tetrahele__8__ESAW__3",Tetraselmis tetrahele,8,ESAW,3,"Bernhardt, J.R., Sunday, J.M. and O’Connor, M.I., 2018. Metabolic theory and the temperature-size rule explain the temperature dependence of population carrying capacity. The American naturalist, 192(6), pp.687-697.",N,gompertz,174.7735729264502,175.9672587448453,50675208.10840134
"Bernhardt, J.R., Sunday, J.M. and O’Connor, M.I., 2018. Metabolic theory and the temperature-size rule explain the temperature dependence of population carrying capacity. The American naturalist, 192(6), pp.687-697.__Tetraselmis tetrahele__8__ESAW__4",Tetraselmis tetrahele,8,ESAW,4,"Bernhardt, J.R., Sunday, J.M. and O’Connor, M.I., 2018. Metabolic theory and the temperature-size rule explain the temperature dependence of population carrying capacity. The American naturalist, 192(6), pp.687-697.",N,logistic,167.0954907568377,168.28917657523283,25214754.74909336
"Bernhardt, J.R., Sunday, J.M. and O’Connor, M.I., 2018. Metabolic theory and the temperature-size rule explain the temperature dependence of population carrying capacity. The American naturalist, 192(6), pp.687-697.__Tetraselmis tetrahele__8__ESAW__5",Tetraselmis tetrahele,8,ESAW,5,"Bernhardt, J.R., Sunday, J.M. and O’Connor, M.I., 2018. Metabolic theory and the temperature-size rule explain the temperature dependence of population carrying capacity. The American naturalist, 192(6), pp.687-697.",N,gompertz,167.12240870036356,168.3160945187587,25276532.97424144
"Galarz, L.A., Fonseca, G.G. and Prentice, C., 2016. Predicting bacterial growth in raw, salted, and cooked chicken breast fillets during storage. Food Science and Technology International, 22(6), pp.461-474.__Aerobic Mesophilic.__10__Cooked Chicken Breast__1",Aerobic Mesophilic.,10,Cooked Chicken Breast,1,"Galarz, L.A., Fonseca, G.G. and Prentice, C., 2016. Predicting bacterial growth in raw, salted, and cooked chicken breast fillets during storage. Food Science and Technology International, 22(6), pp.461-474.",CFU,logistic,139.19366854704512,140.38735436544025,1995510.759338152
"Galarz, L.A., Fonseca, G.G. and Prentice, C., 2016. Predicting bacterial growth in raw, salted, and cooked chicken breast fillets during storage. Food Science and Technology International, 22(6), pp.461-474.__Aerobic Mesophilic.__10__Raw Chicken Breast__1",Aerobic Mesophilic.,10,Raw Chicken Breast,1,"Galarz, L.A., Fonseca, G.G. and Prentice, C., 2016. Predicting bacterial growth in raw, salted, and cooked chicken breast fillets during storage. Food Science and Technology International, 22(6), pp.461-474.",CFU,gompertz,77.58173144156419,78.48948672054632,12845.62078310559
"Galarz, L.A., Fonseca, G.G. and Prentice, C., 2016. Predicting bacterial growth in raw, salted, and cooked chicken breast fillets during storage. Food Science and Technology International, 22(6), pp.461-474.__Aerobic Mesophilic.__10__Salted Chicken Breast__1",Aerobic Mesophilic.,10,Salted Chicken Breast,1,"Galarz, L.A., Fonseca, G.G. and Prentice, C., 2016. Predicting bacterial growth in raw, salted, and cooked chicken breast fillets during storage. Food Science and Technology International, 22(6), pp.461-474.",CFU,logistic,94.73391186985712,96.18863181922111,19523.99118691503
"Galarz, L.A., Fonseca, G.G. and Prentice, C., 2016. Predicting bacterial growth in raw, salted, and cooked chicken breast fillets during storage. Food Science and Technology International, 22(6), pp.461-474.__Aerobic Mesophilic.__15__Cooked Chicken Breast__1",Aerobic Mesophilic.,15,Cooked Chicken Breast,1,"Galarz, L.A., Fonseca, G.G. and Prentice, C., 2016. Predicting bacterial growth in raw, salted, and cooked chicken breast fillets during storage. Food Science and Technology International, 22(6), pp.461-474.",CFU,logistic,50.98749296145764,51.5791666934663,1333.8635119847918
"Galarz, L.A., Fonseca, G.G. and Prentice, C., 2016. Predicting bacterial growth in raw, salted, and cooked chicken breast fillets during storage. Food Science and Technology International, 22(6), pp.461-474.__Aerobic Mesophilic.__15__Raw Chicken Breast__1",Aerobic Mesophilic.,15,Raw Chicken Breast,1,"Galarz, L.A., Fonseca, G.G. and Prentice, C., 2016. Predicting bacterial growth in raw, salted, and cooked chicken breast fillets during storage. Food Science and Technology International, 22(6), pp.461-474.",CFU,gompertz,82.0279153280376,82.61958906004625,41972.53374529069
"Galarz, L.A., Fonseca, G.G. and Prentice, C., 2016. Predicting bacterial growth in raw, salted, and cooked chicken breast fillets during storage. Food Science and Technology International, 22(6), pp.461-474.__Aerobic Mesophilic.__15__Salted Chicken Breast__1",Aerobic Mesophilic.,15,Salted Chicken Breast,1,"Galarz, L.A., Fonseca, G.G. and Prentice, C., 2016. Predicting bacterial growth in raw, salted, and cooked chicken breast fillets during storage. Food Science and Technology International, 22(6), pp.461-474.",CFU,gompertz,40.46091928787173,40.69924391291124,594.1052265001712
"Galarz, L.A., Fonseca, G.G. and Prentice, C., 2016. Predicting bacterial growth in raw, salted, and cooked chicken breast fillets during storage. Food Science and Technology International, 22(6), pp.461-474.__Aerobic Mesophilic.__20__Cooked Chicken Breast__1",Aerobic Mesophilic.,20,Cooked Chicken Breast,1,"Galarz, L.A., Fonseca, G.G. and Prentice, C., 2016. Predicting bacterial growth in raw, salted, and cooked chicken breast fillets during storage. Food Science and Technology International, 22(6), pp.461-474.",CFU,logistic,26.05135118723997,26.959106466222103,74.27097368881843
"Galarz, L.A., Fonseca, G.G. and Prentice, C., 2016. Predicting bacterial growth in raw, salted, and cooked chicken breast fillets during storage. Food Science and Technology International, 22(6), pp.461-474.__Aerobic Mesophilic.__20__Raw Chicken Breast__1",Aerobic Mesophilic.,20,Raw Chicken Breast,1,"Galarz, L.A., Fonseca, G.G. and Prentice, C., 2016. Predicting bacterial growth in raw, salted, and cooked chicken breast fillets during storage. Food Science and Technology International, 22(6), pp.461-474.",CFU,logistic,42.73359434395978,42.97191896899929,789.2955467507475
"Galarz, L.A., Fonseca, G.G. and Prentice, C., 2016. Predicting bacterial growth in raw, salted, and cooked chicken breast fillets during storage. Food Science and Technology International, 22(6), pp.461-474.__Aerobic Mesophilic.__20__Salted Chicken Breast__1",Aerobic Mesophilic.,20,Salted Chicken Breast,1,"Galarz, L.A., Fonseca, G.G. and Prentice, C., 2016. Predicting bacterial growth in raw, salted, and cooked chicken breast fillets during storage. Food Science and Technology International, 22(6), pp.461-474.",CFU,logistic,36.90189384578494,37.14021847082445,380.763433335957
"Galarz, L.A., Fonseca, G.G. and Prentice, C., 2016. Predicting bacterial growth in raw, salted, and cooked chicken breast fillets during storage. Food Science and Technology International, 22(6), pp.461-474.__Aerobic Mesophilic.__2__Cooked Chicken Breast__1",Aerobic Mesophilic.,2,Cooked Chicken Breast,1,"Galarz, L.A., Fonseca, G.G. and Prentice, C., 2016. Predicting bacterial growth in raw, salted, and cooked chicken breast fillets during storage. Food Science and Technology International, 22(6), pp.461-474.",CFU,gompertz,77.46339260272072,78.05506633472937,25275.770628942013
"Galarz, L.A., Fonseca, G.G. and Prentice, C., 2016. Predicting bacterial growth in raw, salted, and cooked chicken breast fillets during storage. Food Science and Technology International, 22(6), pp.461-474.__Aerobic Mesophilic.__2__Raw Chicken Breast__1",Aerobic Mesophilic.,2,Raw Chicken Breast,1,"Galarz, L.A., Fonseca, G.G. and Prentice, C., 2016. Predicting bacterial growth in raw, salted, and cooked chicken breast fillets during storage. Food Science and Technology International, 22(6), pp.461-474.",CFU,logistic,46.85934087042815,47.767096149410285,594.9748763527152
"Galarz, L.A., Fonseca, G.G. and Prentice, C., 2016. Predicting bacterial growth in raw, salted, and cooked chicken breast fillets during storage. Food Science and Technology International, 22(6), pp.461-474.__Aerobic Mesophilic.__2__Salted Chicken Breast__1",Aerobic Mesophilic.,2,Salted Chicken Breast,1,"Galarz, L.A., Fonseca, G.G. and Prentice, C., 2016. Predicting bacterial growth in raw, salted, and cooked chicken breast fillets during storage. Food Science and Technology International, 22(6), pp.461-474.",CFU,logistic,22.427767915981207,23.335523194963343,51.695042366836056
"Galarz, L.A., Fonseca, G.G. and Prentice, C., 2016. Predicting bacterial growth in raw, salted, and cooked chicken breast fillets during storage. Food Science and Technology International, 22(6), pp.461-474.__Aerobic Mesophilic.__4__Cooked Chicken Breast__1",Aerobic Mesophilic.,4,Cooked Chicken Breast,1,"Galarz, L.A., Fonseca, G.G. and Prentice, C., 2016. Predicting bacterial growth in raw, salted, and cooked chicken breast fillets during storage. Food Science and Technology International, 22(6), pp.461-474.",CFU,gompertz,98.04467082121822,97.41994922890238,27578248.976611443
"Galarz, L.A., Fonseca, G.G. and Prentice, C., 2016. Predicting bacterial growth in raw, salted, and cooked chicken breast fillets during storage. Food Science and Technology International, 22(6), pp.461-474.__Aerobic Mesophilic.__4__Raw Chicken Breast__1",Aerobic Mesophilic.,4,Raw Chicken Breast,1,"Galarz, L.A., Fonseca, G.G. and Prentice, C., 2016. Predicting bacterial growth in raw, salted, and cooked chicken breast fillets during storage. Food Science and Technology International, 22(6), pp.461-474.",CFU,logistic,53.69811786871111,53.53584831587705,6373.646204793271
"Galarz, L.A., Fonseca, G.G. and Prentice, C., 2016. Predicting bacterial growth in raw, salted, and cooked chicken breast fillets during storage. Food Science and Technology International, 22(6), pp.461-474.__Aerobic Mesophilic.__4__Salted Chicken Breast__1",Aerobic Mesophilic.,4,Salted Chicken Breast,1,"Galarz, L.A., Fonseca, G.G. and Prentice, C., 2016. Predicting bacterial growth in raw, salted, and cooked chicken breast fillets during storage. Food Science and Technology International, 22(6), pp.461-474.",CFU,logistic,23.75526250870239,23.59299295586833,88.44458712481067
"Galarz, L.A., Fonseca, G.G. and Prentice, C., 2016. Predicting bacterial growth in raw, salted, and cooked chicken breast fillets during storage. Food Science and Technology International, 22(6), pp.461-474.__Aerobic Mesophilic.__7__Cooked Chicken Breast__1",Aerobic Mesophilic.,7,Cooked Chicken Breast,1,"Galarz, L.A., Fonseca, G.G. and Prentice, C., 2016. Predicting bacterial growth in raw, salted, and cooked chicken breast fillets during storage. Food Science and Technology International, 22(6), pp.461-474.",CFU,gompertz,152.46416685224776,153.65785267064288,6667926.714020389
"Galarz, L.A., Fonseca, G.G. and Prentice, C., 2016. Predicting bacterial growth in raw, salted, and cooked chicken breast fillets during storage. Food Science and Technology International, 22(6), pp.461-474.__Aerobic Mesophilic.__7__Raw Chicken Breast__1",Aerobic Mesophilic.,7,Raw Chicken Breast,1,"Galarz, L.A., Fonseca, G.G. and Prentice, C., 2016. Predicting bacterial growth in raw, salted, and cooked chicken breast fillets during storage. Food Science and Technology International, 22(6), pp.461-474.",CFU,logistic,171.82446906883604,173.74164105768182,1950628.6498107624
"Galarz, L.A., Fonseca, G.G. and Prentice, C., 2016. Predicting bacterial growth in raw, salted, and cooked chicken breast fillets during storage. Food Science and Technology International, 22(6), pp.461-474.__Aerobic Mesophilic.__7__Salted Chicken Breast__1",Aerobic Mesophilic.,7,Salted Chicken Breast,1,"Galarz, L.A., Fonseca, G.G. and Prentice, C., 2016. Predicting bacterial growth in raw, salted, and cooked chicken breast fillets during storage. Food Science and Technology International, 22(6), pp.461-474.",CFU,gompertz,120.74853734882164,122.44338542120624,88588.72957087542
"Galarz, L.A., Fonseca, G.G. and Prentice, C., 2016. Predicting bacterial growth in raw, salted, and cooked chicken breast fillets during storage. Food Science and Technology International, 22(6), pp.461-474.__Aerobic Psychotropic.__10__Cooked Chicken Breast__1",Aerobic Psychotropic.,10,Cooked Chicken Breast,1,"Galarz, L.A., Fonseca, G.G. and Prentice, C., 2016. Predicting bacterial growth in raw, salted, and cooked chicken breast fillets during storage. Food Science and Technology International, 22(6), pp.461-474.",CFU,gompertz,96.36150994555032,97.81622989491431,22360.07940754049
"Galarz, L.A., Fonseca, G.G. and Prentice, C., 2016. Predicting bacterial growth in raw, salted, and cooked chicken breast fillets during storage. Food Science and Technology International, 22(6), pp.461-474.__Aerobic Psychotropic.__10__Raw Chicken Breast__1",Aerobic Psychotropic.,10,Raw Chicken Breast,1,"Galarz, L.A., Fonseca, G.G. and Prentice, C., 2016. Predicting bacterial growth in raw, salted, and cooked chicken breast fillets during storage. Food Science and Technology International, 22(6), pp.461-474.",CFU,logistic,95.50823424258448,96.96295419194848,20825.347842220468
"Galarz, L.A., Fonseca, G.G. and Prentice, C., 2016. Predicting bacterial growth in raw, salted, and cooked chicken breast fillets during storage. Food Science and Technology International, 22(6), pp.461-474.__Aerobic Psychotropic.__10__Salted Chicken Breast__1",Aerobic Psychotropic.,10,Salted Chicken Breast,1,"Galarz, L.A., Fonseca, G.G. and Prentice, C., 2016. Predicting bacterial growth in raw, salted, and cooked chicken breast fillets during storage. Food Science and Technology International, 22(6), pp.461-474.",CFU,logistic,105.88688801952266,107.34160796888666,49454.77945959279
"Galarz, L.A., Fonseca, G.G. and Prentice, C., 2016. Predicting bacterial growth in raw, salted, and cooked chicken breast fillets during storage. Food Science and Technology International, 22(6), pp.461-474.__Aerobic Psychotropic.__15__Cooked Chicken Breast__1",Aerobic Psychotropic.,15,Cooked Chicken Breast,1,"Galarz, L.A., Fonseca, G.G. and Prentice, C., 2016. Predicting bacterial growth in raw, salted, and cooked chicken breast fillets during storage. Food Science and Technology International, 22(6), pp.461-474.",CFU,logistic,55.157837307425474,55.74951103943413,2120.0744826693453
"Galarz, L.A., Fonseca, G.G. and Prentice, C., 2016. Predicting bacterial growth in raw, salted, and cooked chicken breast fillets during storage. Food Science and Technology International, 22(6), pp.461-474.__Aerobic Psychotropic.__15__Raw Chicken Breast__1",Aerobic Psychotropic.,15,Raw Chicken Breast,1,"Galarz, L.A., Fonseca, G.G. and Prentice, C., 2016. Predicting bacterial growth in raw, salted, and cooked chicken breast fillets during storage. Food Science and Technology International, 22(6), pp.461-474.",CFU,gompertz,67.9717828207229,68.87953809970503,4913.606021029761
"Galarz, L.A., Fonseca, G.G. and Prentice, C., 2016. Predicting bacterial growth in raw, salted, and cooked chicken breast fillets during storage. Food Science and Technology International, 22(6), pp.461-474.__Aerobic Psychotropic.__15__Salted Chicken Breast__1",Aerobic Psychotropic.,15,Salted Chicken Breast,1,"Galarz, L.A., Fonseca, G.G. and Prentice, C., 2016. Predicting bacterial growth in raw, salted, and cooked chicken breast fillets during storage. Food Science and Technology International, 22(6), pp.461-474.",CFU,gompertz,20.17446333600707,20.766137068015727,43.474082155199454
"Galarz, L.A., Fonseca, G.G. and Prentice, C., 2016. Predicting bacterial growth in raw, salted, and cooked chicken breast fillets during storage. Food Science and Technology International, 22(6), pp.461-474.__Aerobic Psychotropic.__20__Cooked Chicken Breast__1",Aerobic Psychotropic.,20,Cooked Chicken Breast,1,"Galarz, L.A., Fonseca, G.G. and Prentice, C., 2016. Predicting bacterial growth in raw, salted, and cooked chicken breast fillets during storage. Food Science and Technology International, 22(6), pp.461-474.",CFU,gompertz,54.855877002952376,55.44755073496104,2050.123584509654
"Galarz, L.A., Fonseca, G.G. and Prentice, C., 2016. Predicting bacterial growth in raw, salted, and cooked chicken breast fillets during storage. Food Science and Technology International, 22(6), pp.461-474.__Aerobic Psychotropic.__20__Raw Chicken Breast__1",Aerobic Psychotropic.,20,Raw Chicken Breast,1,"Galarz, L.A., Fonseca, G.G. and Prentice, C., 2016. Predicting bacterial growth in raw, salted, and cooked chicken breast fillets during storage. Food Science and Technology International, 22(6), pp.461-474.",CFU,gompertz,50.29448613492923,50.53281075996874,2030.9365260790248
"Galarz, L.A., Fonseca, G.G. and Prentice, C., 2016. Predicting bacterial growth in raw, salted, and cooked chicken breast fillets during storage. Food Science and Technology International, 22(6), pp.461-474.__Aerobic Psychotropic.__20__Salted Chicken Breast__1",Aerobic Psychotropic.,20,Salted Chicken Breast,1,"Galarz, L.A., Fonseca, G.G. and Prentice, C., 2016. Predicting bacterial growth in raw, salted, and cooked chicken breast fillets during storage. Food Science and Technology International, 22(6), pp.461-474.",CFU,logistic,34.15850868300407,33.53378709068824,655.1369185396846
"Galarz, L.A., Fonseca, G.G. and Prentice, C., 2016. Predicting bacterial growth in raw, salted, and cooked chicken breast fillets during storage. Food Science and Technology International, 22(6), pp.461-474.__Aerobic Psychotropic.__2__Cooked Chicken Breast__1",Aerobic Psychotropic.,2,Cooked Chicken Breast,1,"Galarz, L.A., Fonseca, G.G. and Prentice, C., 2016. Predicting bacterial growth in raw, salted, and cooked chicken breast fillets during storage. Food Science and Technology International, 22(6), pp.461-474.",CFU,logistic,70.23100937377951,70.82268310578817,11316.344738405278
"Galarz, L.A., Fonseca, G.G. and Prentice, C., 2016. Predicting bacterial growth in raw, salted, and cooked chicken breast fillets during storage. Food Science and Technology International, 22(6), pp.461-474.__Aerobic Psychotropic.__2__Raw Chicken Breast__1",Aerobic Psychotropic.,2,Raw Chicken Breast,1,"Galarz, L.A., Fonseca, G.G. and Prentice, C., 2016. Predicting bacterial growth in raw, salted, and cooked chicken breast fillets during storage. Food Science and Technology International, 22(6), pp.461-474.",CFU,logistic,46.519374523321225,47.42712980230336,575.0876967909791
"Galarz, L.A., Fonseca, G.G. and Prentice, C., 2016. Predicting bacterial growth in raw, salted, and cooked chicken breast fillets during storage. Food Science and Technology International, 22(6), pp.461-474.__Aerobic Psychotropic.__2__Salted Chicken Breast__1",Aerobic Psychotropic.,2,Salted Chicken Breast,1,"Galarz, L.A., Fonseca, G.G. and Prentice, C., 2016. Predicting bacterial growth in raw, salted, and cooked chicken breast fillets during storage. Food Science and Technology International, 22(6), pp.461-474.",CFU,gompertz,45.53210449732018,46.43985977630232,521.0237065461066
"Galarz, L.A., Fonseca, G.G. and Prentice, C., 2016. Predicting bacterial growth in raw, salted, and cooked chicken breast fillets during storage. Food Science and Technology International, 22(6), pp.461-474.__Aerobic Psychotropic.__4__Cooked Chicken Breast__1",Aerobic Psychotropic.,4,Cooked Chicken Breast,1,"Galarz, L.A., Fonseca, G.G. and Prentice, C., 2016. Predicting bacterial growth in raw, salted, and cooked chicken breast fillets during storage. Food Science and Technology International, 22(6), pp.461-474.",CFU,gompertz,62.22801333002053,62.06574377718646,21557.595264719646
"Galarz, L.A., Fonseca, G.G. and Prentice, C., 2016. Predicting bacterial growth in raw, salted, and cooked chicken breast fillets during storage. Food Science and Technology International, 22(6), pp.461-474.__Aerobic Psychotropic.__4__Raw Chicken Breast__1",Aerobic Psychotropic.,4,Raw Chicken Breast,1,"Galarz, L.A., Fonseca, G.G. and Prentice, C., 2016. Predicting bacterial growth in raw, salted, and cooked chicken breast fillets during storage. Food Science and Technology International, 22(6), pp.461-474.",CFU,logistic,66.33493692050088,65.71021532818504,139746.07284179312
"Galarz, L.A., Fonseca, G.G. and Prentice, C., 2016. Predicting bacterial growth in raw, salted, and cooked chicken breast fillets during storage. Food Science and Technology International, 22(6), pp.461-474.__Aerobic Psychotropic.__4__Salted Chicken Breast__1",Aerobic Psychotropic.,4,Salted Chicken Breast,1,"Galarz, L.A., Fonseca, G.G. and Prentice, C., 2016. Predicting bacterial growth in raw, salted, and cooked chicken breast fillets during storage. Food Science and Technology International, 22(6), pp.461-474.",CFU,logistic,32.09320497082719,31.46848337851135,464.3446071372369
"Galarz, L.A., Fonseca, G.G. and Prentice, C., 2016. Predicting bacterial growth in raw, salted, and cooked chicken breast fillets during storage. Food Science and Technology International, 22(6), pp.461-474.__Aerobic Psychotropic.__7__Cooked Chicken Breast__1",Aerobic Psychotropic.,7,Cooked Chicken Breast,1,"Galarz, L.A., Fonseca, G.G. and Prentice, C., 2016. Predicting bacterial growth in raw, salted, and cooked chicken breast fillets during storage. Food Science and Technology International, 22(6), pp.461-474.",CFU,gompertz,111.57901609820168,113.27386417058632,43757.22995497917
"Galarz, L.A., Fonseca, G.G. and Prentice, C., 2016. Predicting bacterial growth in raw, salted, and cooked chicken breast fillets during storage. Food Science and Technology International, 22(6), pp.461-474.__Aerobic Psychotropic.__7__Raw Chicken Breast__1",Aerobic Psychotropic.,7,Raw Chicken Breast,1,"Galarz, L.A., Fonseca, G.G. and Prentice, C., 2016. Predicting bacterial growth in raw, salted, and cooked chicken breast fillets during storage. Food Science and Technology International, 22(6), pp.461-474.",CFU,logistic,163.23910489907107,164.93395297145568,2327406.5080535454
"Galarz, L.A., Fonseca, G.G. and Prentice, C., 2016. Predicting bacterial growth in raw, salted, and cooked chicken breast fillets during storage. Food Science and Technology International, 22(6), pp.461-474.__Aerobic Psychotropic.__7__Salted Chicken Breast__1",Aerobic Psychotropic.,7,Salted Chicken Breast,1,"Galarz, L.A., Fonseca, G.G. and Prentice, C., 2016. Predicting bacterial growth in raw, salted, and cooked chicken breast fillets during storage. Food Science and Technology International, 22(6), pp.461-474.",CFU,gompertz,126.54206201445857,128.45923400330437,76818.795046452
"Galarz, L.A., Fonseca, G.G. and Prentice, C., 2016. Predicting bacterial growth in raw, salted, and cooked chicken breast fillets during storage. Food Science and Technology International, 22(6), pp.461-474.__Pseudomonas spp.__10__Cooked Chicken Breast__1",Pseudomonas spp.,10,Cooked Chicken Breast,1,"Galarz, L.A., Fonseca, G.G. and Prentice, C., 2016. Predicting bacterial growth in raw, salted, and cooked chicken breast fillets during storage. Food Science and Technology International, 22(6), pp.461-474.",CFU,logistic,130.9053283493491,132.09901416774423,939332.8072753884
"Galarz, L.A., Fonseca, G.G. and Prentice, C., 2016. Predicting bacterial growth in raw, salted, and cooked chicken breast fillets during storage. Food Science and Technology International, 22(6), pp.461-474.__Pseudomonas spp.__10__Raw Chicken Breast__1",Pseudomonas spp.,10,Raw Chicken Breast,1,"Galarz, L.A., Fonseca, G.G. and Prentice, C., 2016. Predicting bacterial growth in raw, salted, and cooked chicken breast fillets during storage. Food Science and Technology International, 22(6), pp.461-474.",CFU,logistic,119.58567870855984,121.28052678094448,81008.49122673464
"Galarz, L.A., Fonseca, G.G. and Prentice, C., 2016. Predicting bacterial growth in raw, salted, and cooked chicken breast fillets during storage. Food Science and Technology International, 22(6), pp.461-474.__Pseudomonas spp.__10__Salted Chicken Breast__1",Pseudomonas spp.,10,Salted Chicken Breast,1,"Galarz, L.A., Fonseca, G.G. and Prentice, C., 2016. Predicting bacterial growth in raw, salted, and cooked chicken breast fillets during storage. Food Science and Technology International, 22(6), pp.461-474.",CFU,logistic,100.5077177232841,102.20256579566872,18671.8775716044
"Galarz, L.A., Fonseca, G.G. and Prentice, C., 2016. Predicting bacterial growth in raw, salted, and cooked chicken breast fillets during storage. Food Science and Technology International, 22(6), pp.461-474.__Pseudomonas spp.__15__Cooked Chicken Breast__1",Pseudomonas spp.,15,Cooked Chicken Breast,1,"Galarz, L.A., Fonseca, G.G. and Prentice, C., 2016. Predicting bacterial growth in raw, salted, and cooked chicken breast fillets during storage. Food Science and Technology International, 22(6), pp.461-474.",CFU,logistic,150.08151609285994,151.53623604222395,1966369.795801803
"Galarz, L.A., Fonseca, G.G. and Prentice, C., 2016. Predicting bacterial growth in raw, salted, and cooked chicken breast fillets during storage. Food Science and Technology International, 22(6), pp.461-474.__Pseudomonas spp.__15__Raw Chicken Breast__1",Pseudomonas spp.,15,Raw Chicken Breast,1,"Galarz, L.A., Fonseca, G.G. and Prentice, C., 2016. Predicting bacterial growth in raw, salted, and cooked chicken breast fillets during storage. Food Science and Technology International, 22(6), pp.461-474.",CFU,gompertz,115.5751695724996,117.0298895218636,110876.33729558293
"Galarz, L.A., Fonseca, G.G. and Prentice, C., 2016. Predicting bacterial growth in raw, salted, and cooked chicken breast fillets during storage. Food Science and Technology International, 22(6), pp.461-474.__Pseudomonas spp.__15__Salted Chicken Breast__1",Pseudomonas spp.,15,Salted Chicken Breast,1,"Galarz, L.A., Fonseca, G.G. and Prentice, C., 2016. Predicting bacterial growth in raw, salted, and cooked chicken breast fillets during storage. Food Science and Technology International, 22(6), pp.461-474.",CFU,logistic,76.65383711327529,78.10855706263929,4327.418306993118
"Galarz, L.A., Fonseca, G.G. and Prentice, C., 2016. Predicting bacterial growth in raw, salted, and cooked chicken breast fillets during storage. Food Science and Technology International, 22(6), pp.461-474.__Pseudomonas spp.__20__Cooked Chicken Breast__1",Pseudomonas spp.,20,Cooked Chicken Breast,1,"Galarz, L.A., Fonseca, G.G. and Prentice, C., 2016. Predicting bacterial growth in raw, salted, and cooked chicken breast fillets during storage. Food Science and Technology International, 22(6), pp.461-474.",CFU,gompertz,70.84838416263304,71.4400578946417,12119.8586305175
"Galarz, L.A., Fonseca, G.G. and Prentice, C., 2016. Predicting bacterial growth in raw, salted, and cooked chicken breast fillets during storage. Food Science and Technology International, 22(6), pp.461-474.__Pseudomonas spp.__20__Raw Chicken Breast__1",Pseudomonas spp.,20,Raw Chicken Breast,1,"Galarz, L.A., Fonseca, G.G. and Prentice, C., 2016. Predicting bacterial growth in raw, salted, and cooked chicken breast fillets during storage. Food Science and Technology International, 22(6), pp.461-474.",CFU,logistic,74.38089302960954,74.9725667616182,17945.624084914685
"Galarz, L.A., Fonseca, G.G. and Prentice, C., 2016. Predicting bacterial growth in raw, salted, and cooked chicken breast fillets during storage. Food Science and Technology International, 22(6), pp.461-474.__Pseudomonas spp.__20__Salted Chicken Breast__1",Pseudomonas spp.,20,Salted Chicken Breast,1,"Galarz, L.A., Fonseca, G.G. and Prentice, C., 2016. Predicting bacterial growth in raw, salted, and cooked chicken breast fillets during storage. Food Science and Technology International, 22(6), pp.461-474.",CFU,logistic,48.93794777859471,49.176272403634215,1714.1712626025114
"Galarz, L.A., Fonseca, G.G. and Prentice, C., 2016. Predicting bacterial growth in raw, salted, and cooked chicken breast fillets during storage. Food Science and Technology International, 22(6), pp.461-474.__Pseudomonas spp.__2__Cooked Chicken Breast__1",Pseudomonas spp.,2,Cooked Chicken Breast,1,"Galarz, L.A., Fonseca, G.G. and Prentice, C., 2016. Predicting bacterial growth in raw, salted, and cooked chicken breast fillets during storage. Food Science and Technology International, 22(6), pp.461-474.",CFU,gompertz,108.37388246343436,109.2816377424165,279280.893015584
"Galarz, L.A., Fonseca, G.G. and Prentice, C., 2016. Predicting bacterial growth in raw, salted, and cooked chicken breast fillets during storage. Food Science and Technology International, 22(6), pp.461-474.__Pseudomonas spp.__2__Raw Chicken Breast__1",Pseudomonas spp.,2,Raw Chicken Breast,1,"Galarz, L.A., Fonseca, G.G. and Prentice, C., 2016. Predicting bacterial growth in raw, salted, and cooked chicken breast fillets during storage. Food Science and Technology International, 22(6), pp.461-474.",CFU,logistic,80.89055629633269,82.0842421147278,9957.96152407453
"Galarz, L.A., Fonseca, G.G. and Prentice, C., 2016. Predicting bacterial growth in raw, salted, and cooked chicken breast fillets during storage. Food Science and Technology International, 22(6), pp.461-474.__Pseudomonas spp.__2__Salted Chicken Breast__1",Pseudomonas spp.,2,Salted Chicken Breast,1,"Galarz, L.A., Fonseca, G.G. and Prentice, C., 2016. Predicting bacterial growth in raw, salted, and cooked chicken breast fillets during storage. Food Science and Technology International, 22(6), pp.461-474.",CFU,gompertz,76.46551991622334,77.65920573461845,6659.845924575291
"Galarz, L.A., Fonseca, G.G. and Prentice, C., 2016. Predicting bacterial growth in raw, salted, and cooked chicken breast fillets during storage. Food Science and Technology International, 22(6), pp.461-474.__Pseudomonas spp.__4__Cooked Chicken Breast__1",Pseudomonas spp.,4,Cooked Chicken Breast,1,"Galarz, L.A., Fonseca, G.G. and Prentice, C., 2016. Predicting bacterial growth in raw, salted, and cooked chicken breast fillets during storage. Food Science and Technology International, 22(6), pp.461-474.",CFU,logistic,67.21664819915695,66.59192660684111,161867.62800022418
"Galarz, L.A., Fonseca, G.G. and Prentice, C., 2016. Predicting bacterial growth in raw, salted, and cooked chicken breast fillets during storage. Food Science and Technology International, 22(6), pp.461-474.__Pseudomonas spp.__4__Raw Chicken Breast__1",Pseudomonas spp.,4,Raw Chicken Breast,1,"Galarz, L.A., Fonseca, G.G. and Prentice, C., 2016. Predicting bacterial growth in raw, salted, and cooked chicken breast fillets during storage. Food Science and Technology International, 22(6), pp.461-474.",CFU,logistic,68.5832122847795,68.42094273194544,53442.89859315489
"Galarz, L.A., Fonseca, G.G. and Prentice, C., 2016. Predicting bacterial growth in raw, salted, and cooked chicken breast fillets during storage. Food Science and Technology International, 22(6), pp.461-474.__Pseudomonas spp.__4__Salted Chicken Breast__1",Pseudomonas spp.,4,Salted Chicken Breast,1,"Galarz, L.A., Fonseca, G.G. and Prentice, C., 2016. Predicting bacterial growth in raw, salted, and cooked chicken breast fillets during storage. Food Science and Technology International, 22(6), pp.461-474.",CFU,gompertz,45.97254784287993,45.81027829004587,2113.866738019716
"Galarz, L.A., Fonseca, G.G. and Prentice, C., 2016. Predicting bacterial growth in raw, salted, and cooked chicken breast fillets during storage. Food Science and Technology International, 22(6), pp.461-474.__Pseudomonas spp.__7__Cooked Chicken Breast__1",Pseudomonas spp.,7,Cooked Chicken Breast,1,"Galarz, L.A., Fonseca, G.G. and Prentice, C., 2016. Predicting bacterial growth in raw, salted, and cooked chicken breast fillets during storage. Food Science and Technology International, 22(6), pp.461-474.",CFU,gompertz,91.6723372808764,93.367185353261,9462.852489918
"Galarz, L.A., Fonseca, G.G. and Prentice, C., 2016. Predicting bacterial growth in raw, salted, and cooked chicken breast fillets during storage. Food Science and Technology International, 22(6), pp.461-474.__Pseudomonas spp.__7__Raw Chicken Breast__1",Pseudomonas spp.,7,Raw Chicken Breast,1,"Galarz, L.A., Fonseca, G.G. and Prentice, C., 2016. Predicting bacterial growth in raw, salted, and cooked chicken breast fillets during storage. Food Science and Technology International, 22(6), pp.461-474.",CFU,logistic,94.95284836864016,95.8606036476223,72974.83464874346
"Galarz, L.A., Fonseca, G.G. and Prentice, C., 2016. Predicting bacterial growth in raw, salted, and cooked chicken breast fillets during storage. Food Science and Technology International, 22(6), pp.461-474.__Pseudomonas spp.__7__Salted Chicken Breast__1",Pseudomonas spp.,7,Salted Chicken Breast,1,"Galarz, L.A., Fonseca, G.G. and Prentice, C., 2016. Predicting bacterial growth in raw, salted, and cooked chicken breast fillets during storage. Food Science and Technology International, 22(6), pp.461-474.",CFU,logistic,62.005202205546894,63.198888023942,1788.7588733199275
"Galarz, L.A., Fonseca, G.G. and Prentice, C., 2016. Predicting bacterial growth in raw, salted, and cooked chicken breast fillets during storage. Food Science and Technology International, 22(6), pp.461-474.__Staphylococcus spp.__10__Cooked Chicken Breast__1",Staphylococcus spp.,10,Cooked Chicken Breast,1,"Galarz, L.A., Fonseca, G.G. and Prentice, C., 2016. Predicting bacterial growth in raw, salted, and cooked chicken breast fillets during storage. Food Science and Technology International, 22(6), pp.461-474.",CFU,gompertz,78.75651041384863,80.21123036321264,5156.169223812254
"Galarz, L.A., Fonseca, G.G. and Prentice, C., 2016. Predicting bacterial growth in raw, salted, and cooked chicken breast fillets during storage. Food Science and Technology International, 22(6), pp.461-474.__Staphylococcus spp.__10__Raw Chicken Breast__1",Staphylococcus spp.,10,Raw Chicken Breast,1,"Galarz, L.A., Fonseca, G.G. and Prentice, C., 2016. Predicting bacterial growth in raw, salted, and cooked chicken breast fillets during storage. Food Science and Technology International, 22(6), pp.461-474.",CFU,gompertz,90.714787947551,91.90847376594613,24324.50680619742
"Galarz, L.A., Fonseca, G.G. and Prentice, C., 2016. Predicting bacterial growth in raw, salted, and cooked chicken breast fillets during storage. Food Science and Technology International, 22(6), pp.461-474.__Staphylococcus spp.__10__Salted Chicken Breast__1",Staphylococcus spp.,10,Salted Chicken Breast,1,"Galarz, L.A., Fonseca, G.G. and Prentice, C., 2016. Predicting bacterial growth in raw, salted, and cooked chicken breast fillets during storage. Food Science and Technology International, 22(6), pp.461-474.",CFU,logistic,130.91407461249145,132.60892268487606,193633.8585336111
"Galarz, L.A., Fonseca, G.G. and Prentice, C., 2016. Predicting bacterial growth in raw, salted, and cooked chicken breast fillets during storage. Food Science and Technology International, 22(6), pp.461-474.__Staphylococcus spp.__15__Cooked Chicken Breast__1",Staphylococcus spp.,15,Cooked Chicken Breast,1,"Galarz, L.A., Fonseca, G.G. and Prentice, C., 2016. Predicting bacterial growth in raw, salted, and cooked chicken breast fillets during storage. Food Science and Technology International, 22(6), pp.461-474.",CFU,logistic,87.1453136943923,88.33899951278741,17583.952446689094
"Galarz, L.A., Fonseca, G.G. and Prentice, C., 2016. Predicting bacterial growth in raw, salted, and cooked chicken breast fillets during storage. Food Science and Technology International, 22(6), pp.461-474.__Staphylococcus spp.__15__Raw Chicken Breast__1",Staphylococcus spp.,15,Raw Chicken Breast,1,"Galarz, L.A., Fonseca, G.G. and Prentice, C., 2016. Predicting bacterial growth in raw, salted, and cooked chicken breast fillets during storage. Food Science and Technology International, 22(6), pp.461-474.",CFU,gompertz,69.21681800410649,69.80849173611514,10110.355419929328
"Galarz, L.A., Fonseca, G.G. and Prentice, C., 2016. Predicting bacterial growth in raw, salted, and cooked chicken breast fillets during storage. Food Science and Technology International, 22(6), pp.461-474.__Staphylococcus spp.__15__Salted Chicken Breast__1",Staphylococcus spp.,15,Salted Chicken Breast,1,"Galarz, L.A., Fonseca, G.G. and Prentice, C., 2016. Predicting bacterial growth in raw, salted, and cooked chicken breast fillets during storage. Food Science and Technology International, 22(6), pp.461-474.",CFU,logistic,88.2412242150012,89.6959441643652,11365.548542137816
"Galarz, L.A., Fonseca, G.G. and Prentice, C., 2016. Predicting bacterial growth in raw, salted, and cooked chicken breast fillets during storage. Food Science and Technology International, 22(6), pp.461-474.__Staphylococcus spp.__20__Cooked Chicken Breast__1",Staphylococcus spp.,20,Cooked Chicken Breast,1,"Galarz, L.A., Fonseca, G.G. and Prentice, C., 2016. Predicting bacterial growth in raw, salted, and cooked chicken breast fillets during storage. Food Science and Technology International, 22(6), pp.461-474.",CFU,logistic,65.49097579546213,66.0826495274708,6683.071719287798
"Galarz, L.A., Fonseca, G.G. and Prentice, C., 2016. Predicting bacterial growth in raw, salted, and cooked chicken breast fillets during storage. Food Science and Technology International, 22(6), pp.461-474.__Staphylococcus spp.__20__Raw Chicken Breast__1",Staphylococcus spp.,20,Raw Chicken Breast,1,"Galarz, L.A., Fonseca, G.G. and Prentice, C., 2016. Predicting bacterial growth in raw, salted, and cooked chicken breast fillets during storage. Food Science and Technology International, 22(6), pp.461-474.",CFU,logistic,61.5489293048353,62.14060303684396,4312.736211104432
"Galarz, L.A., Fonseca, G.G. and Prentice, C., 2016. Predicting bacterial growth in raw, salted, and cooked chicken breast fillets during storage. Food Science and Technology International, 22(6), pp.461-474.__Staphylococcus spp.__20__Salted Chicken Breast__1",Staphylococcus spp.,20,Salted Chicken Breast,1,"Galarz, L.A., Fonseca, G.G. and Prentice, C., 2016. Predicting bacterial growth in raw, salted, and cooked chicken breast fillets during storage. Food Science and Technology International, 22(6), pp.461-474.",CFU,logistic,72.19589418106763,72.78756791307629,14077.37152452653
"Galarz, L.A., Fonseca, G.G. and Prentice, C., 2016. Predicting bacterial growth in raw, salted, and cooked chicken breast fillets during storage. Food Science and Technology International, 22(6), pp.461-474.__Staphylococcus spp.__2__Cooked Chicken Breast__1",Staphylococcus spp.,2,Cooked Chicken Breast,1,"Galarz, L.A., Fonseca, G.G. and Prentice, C., 2016. Predicting bacterial growth in raw, salted, and cooked chicken breast fillets during storage. Food Science and Technology International, 22(6), pp.461-474.",CFU,logistic,22.53176372227626,23.4395190012584,52.235454286228936
"Galarz, L.A., Fonseca, G.G. and Prentice, C., 2016. Predicting bacterial growth in raw, salted, and cooked chicken breast fillets during storage. Food Science and Technology International, 22(6), pp.461-474.__Staphylococcus spp.__2__Raw Chicken Breast__1",Staphylococcus spp.,2,Raw Chicken Breast,1,"Galarz, L.A., Fonseca, G.G. and Prentice, C., 2016. Predicting bacterial growth in raw, salted, and cooked chicken breast fillets during storage. Food Science and Technology International, 22(6), pp.461-474.",CFU,logistic,12.941015333248716,13.532689065257374,19.46170139396282
"Galarz, L.A., Fonseca, G.G. and Prentice, C., 2016. Predicting bacterial growth in raw, salted, and cooked chicken breast fillets during storage. Food Science and Technology International, 22(6), pp.461-474.__Staphylococcus spp.__2__Salted Chicken Breast__1",Staphylococcus spp.,2,Salted Chicken Breast,1,"Galarz, L.A., Fonseca, G.G. and Prentice, C., 2016. Predicting bacterial growth in raw, salted, and cooked chicken breast fillets during storage. Food Science and Technology International, 22(6), pp.461-474.",CFU,logistic,37.72161902828336,38.6293743072655,238.59009500303253
"Galarz, L.A., Fonseca, G.G. and Prentice, C., 2016. Predicting bacterial growth in raw, salted, and cooked chicken breast fillets during storage. Food Science and Technology International, 22(6), pp.461-474.__Staphylococcus spp.__4__Cooked Chicken Breast__1",Staphylococcus spp.,4,Cooked Chicken Breast,1,"Galarz, L.A., Fonseca, G.G. and Prentice, C., 2016. Predicting bacterial growth in raw, salted, and cooked chicken breast fillets during storage. Food Science and Technology International, 22(6), pp.461-474.",CFU,gompertz,45.89966699606281,45.73739744322875,2091.972285115443
"Galarz, L.A., Fonseca, G.G. and Prentice, C., 2016. Predicting bacterial growth in raw, salted, and cooked chicken breast fillets during storage. Food Science and Technology International, 22(6), pp.461-474.__Staphylococcus spp.__4__Raw Chicken Breast__1",Staphylococcus spp.,4,Raw Chicken Breast,1,"Galarz, L.A., Fonseca, G.G. and Prentice, C., 2016. Predicting bacterial growth in raw, salted, and cooked chicken breast fillets during storage. Food Science and Technology International, 22(6), pp.461-474.",CFU,gompertz,39.127244564618685,39.36556918965819,502.87775676187937
"Galarz, L.A., Fonseca, G.G. and Prentice, C., 2016. Predicting bacterial growth in raw, salted, and cooked chicken breast fillets during storage. Food Science and Technology International, 22(6), pp.461-474.__Staphylococcus spp.__4__Salted Chicken Breast__1",Staphylococcus spp.,4,Salted Chicken Breast,1,"Galarz, L.A., Fonseca, G.G. and Prentice, C., 2016. Predicting bacterial growth in raw, salted, and cooked chicken breast fillets during storage. Food Science and Technology International, 22(6), pp.461-474.",CFU,logistic,48.73045076401612,48.10572917170028,7431.635712630142
"Galarz, L.A., Fonseca, G.G. and Prentice, C., 2016. Predicting bacterial growth in raw, salted, and cooked chicken breast fillets during storage. Food Science and Technology International, 22(6), pp.461-474.__Staphylococcus spp.__7__Cooked Chicken Breast__1",Staphylococcus spp.,7,Cooked Chicken Breast,1,"Galarz, L.A., Fonseca, G.G. and Prentice, C., 2016. Predicting bacterial growth in raw, salted, and cooked chicken breast fillets during storage. Food Science and Technology International, 22(6), pp.461-474.",CFU,gompertz,63.41875933192213,65.11360740430675,1076.830193344152
"Galarz, L.A., Fonseca, G.G. and Prentice, C., 2016. Predicting bacterial growth in raw, salted, and cooked chicken breast fillets during storage. Food Science and Technology International, 22(6), pp.461-474.__Staphylococcus spp.__7__Raw Chicken Breast__1",Staphylococcus spp.,7,Raw Chicken Breast,1,"Galarz, L.A., Fonseca, G.G. and Prentice, C., 2016. Predicting bacterial growth in raw, salted, and cooked chicken breast fillets during storage. Food Science and Technology International, 22(6), pp.461-474.",CFU,gompertz,133.6089864959217,135.52615848476748,127259.67162890366
"Galarz, L.A., Fonseca, G.G. and Prentice, C., 2016. Predicting bacterial growth in raw, salted, and cooked chicken breast fillets during storage. Food Science and Technology International, 22(6), pp.461-474.__Staphylococcus spp.__7__Salted Chicken Breast__1",Staphylococcus spp.,7,Salted Chicken Breast,1,"Galarz, L.A., Fonseca, G.G. and Prentice, C., 2016. Predicting bacterial growth in raw, salted, and cooked chicken breast fillets during storage. Food Science and Technology International, 22(6), pp.461-474.",CFU,logistic,122.64446562538528,124.33931369776988,102498.20440572692
"Gill, C.O. and DeLacy, K.M., 1991. Growth of Escherichia coli and Salmonella typhimurium on high-pH beef packed under vacuum or carbon dioxide. International journal of food microbiology, 13(1), pp.21-30.__Escherichia coli__10__C02 Beef Striploins__1",Escherichia coli,10,C02 Beef Striploins,1,"Gill, C.O. and DeLacy, K.M., 1991. Growth of Escherichia coli and Salmonella typhimurium on high-pH beef packed under vacuum or carbon dioxide. International journal of food microbiology, 13(1), pp.21-30.",N,logistic,78.26719934935026,78.85887308135892,27637.073522532984
"Gill, C.O. and DeLacy, K.M., 1991. Growth of Escherichia coli and Salmonella typhimurium on high-pH beef packed under vacuum or carbon dioxide. International journal of food microbiology, 13(1), pp.21-30.__Escherichia coli__10__Vacuum Beef Striploins__1",Escherichia coli,10,Vacuum Beef Striploins,1,"Gill, C.O. and DeLacy, K.M., 1991. Growth of Escherichia coli and Salmonella typhimurium on high-pH beef packed under vacuum or carbon dioxide. International journal of food microbiology, 13(1), pp.21-30.",N,gompertz,67.96767180578509,67.34295021346925,183451.34660293825
"Gill, C.O. and DeLacy, K.M., 1991. Growth of Escherichia coli and Salmonella typhimurium on high-pH beef packed under vacuum or carbon dioxide. International journal of food microbiology, 13(1), pp.21-30.__Escherichia coli__12__C02 Beef Striploins__1",Escherichia coli,12,C02 Beef Striploins,1,"Gill, C.O. and DeLacy, K.M., 1991. Growth of Escherichia coli and Salmonella typhimurium on high-pH beef packed under vacuum or carbon dioxide. International journal of food microbiology, 13(1), pp.21-30.",N,logistic,49.1244813479142,48.96221179508014,3316.118799019432
"Gill, C.O. and DeLacy, K.M., 1991. Growth of Escherichia coli and Salmonella typhimurium on high-pH beef packed under vacuum or carbon dioxide. International journal of food microbiology, 13(1), pp.21-30.__Escherichia coli__12__Vacuum Beef Striploins__1",Escherichia coli,12,Vacuum Beef Striploins,1,"Gill, C.O. and DeLacy, K.M., 1991. Growth of Escherichia coli and Salmonella typhimurium on high-pH beef packed under vacuum or carbon dioxide. International journal of food microbiology, 13(1), pp.21-30.",N,logistic,84.73321303558954,84.57094348275548,536870.4041343768
"Gill, C.O. and DeLacy, K.M., 1991. Growth of Escherichia coli and Salmonella typhimurium on high-pH beef packed under vacuum or carbon dioxide. International journal of food microbiology, 13(1), pp.21-30.__Escherichia coli__15__C02 Beef Striploins__1",Escherichia coli,15,C02 Beef Striploins,1,"Gill, C.O. and DeLacy, K.M., 1991. Growth of Escherichia coli and Salmonella typhimurium on high-pH beef packed under vacuum or carbon dioxide. International journal of food microbiology, 13(1), pp.21-30.",N,logistic,61.10889205355476,60.9466225007207,18372.47709769767
"Gill, C.O. and DeLacy, K.M., 1991. Growth of Escherichia coli and Salmonella typhimurium on high-pH beef packed under vacuum or carbon dioxide. International journal of food microbiology, 13(1), pp.21-30.__Escherichia coli__15__Vacuum Beef Striploins__1",Escherichia coli,15,Vacuum Beef Striploins,1,"Gill, C.O. and DeLacy, K.M., 1991. Growth of Escherichia coli and Salmonella typhimurium on high-pH beef packed under vacuum or carbon dioxide. International journal of food microbiology, 13(1), pp.21-30.",N,logistic,46.11228973013604,44.94060346743834,15243.307884263815
"Gill, C.O. and DeLacy, K.M., 1991. Growth of Escherichia coli and Salmonella typhimurium on high-pH beef packed under vacuum or carbon dioxide. International journal of food microbiology, 13(1), pp.21-30.__Escherichia coli__20__C02 Beef Striploins__1",Escherichia coli,20,C02 Beef Striploins,1,"Gill, C.O. and DeLacy, K.M., 1991. Growth of Escherichia coli and Salmonella typhimurium on high-pH beef packed under vacuum or carbon dioxide. International journal of food microbiology, 13(1), pp.21-30.",N,logistic,84.24964488752931,83.62492329521348,2767256.4898593565
"Gill, C.O. and DeLacy, K.M., 1991. Growth of Escherichia coli and Salmonella typhimurium on high-pH beef packed under vacuum or carbon dioxide. International journal of food microbiology, 13(1), pp.21-30.__Escherichia coli__20__Vacuum Beef Striploins__1",Escherichia coli,20,Vacuum Beef Striploins,1,"Gill, C.O. and DeLacy, K.M., 1991. Growth of Escherichia coli and Salmonella typhimurium on high-pH beef packed under vacuum or carbon dioxide. International journal of food microbiology, 13(1), pp.21-30.",N,logistic,60.29513065166881,59.67040905935298,51069.76464603897
"Gill, C.O. and DeLacy, K.M., 1991. Growth of Escherichia coli and Salmonella typhimurium on high-pH beef packed under vacuum or carbon dioxide. International journal of food microbiology, 13(1), pp.21-30.__Escherichia coli__30__C02 Beef Striploins__1",Escherichia coli,30,C02 Beef Striploins,1,"Gill, C.O. and DeLacy, K.M., 1991. Growth of Escherichia coli and Salmonella typhimurium on high-pH beef packed under vacuum or carbon dioxide. International journal of food microbiology, 13(1), pp.21-30.",N,logistic,85.46289704333225,85.30062749049819,595854.9737583374
"Gill, C.O. and DeLacy, K.M., 1991. Growth of Escherichia coli and Salmonella typhimurium on high-pH beef packed under vacuum or carbon dioxide. International journal of food microbiology, 13(1), pp.21-30.__Escherichia coli__30__Vacuum Beef Striploins__1",Escherichia coli,30,Vacuum Beef Striploins,1,"Gill, C.O. and DeLacy, K.M., 1991. Growth of Escherichia coli and Salmonella typhimurium on high-pH beef packed under vacuum or carbon dioxide. International journal of food microbiology, 13(1), pp.21-30.",N,gompertz,82.49638434617479,81.87166275385896,2066065.9717295216
"Gill, C.O. and DeLacy, K.M., 1991. Growth of Escherichia coli and Salmonella typhimurium on high-pH beef packed under vacuum or carbon dioxide. International journal of food microbiology, 13(1), pp.21-30.__Escherichia coli__8__Vacuum Beef Striploins__1",Escherichia coli,8,Vacuum Beef Striploins,1,"Gill, C.O. and DeLacy, K.M., 1991. Growth of Escherichia coli and Salmonella typhimurium on high-pH beef packed under vacuum or carbon dioxide. International journal of food microbiology, 13(1), pp.21-30.",N,logistic,40.03949642588968,39.41477483357384,1745.8710402151996
"Gill, C.O. and DeLacy, K.M., 1991. Growth of Escherichia coli and Salmonella typhimurium on high-pH beef packed under vacuum or carbon dioxide. International journal of food microbiology, 13(1), pp.21-30.__Salmonella Typhimurium__10__Vacuum Beef Striploins__1",Salmonella Typhimurium,10,Vacuum Beef Striploins,1,"Gill, C.O. and DeLacy, K.M., 1991. Growth of Escherichia coli and Salmonella typhimurium on high-pH beef packed under vacuum or carbon dioxide. International journal of food microbiology, 13(1), pp.21-30.",N,logistic,35.92897596373669,35.30425437142086,880.0001956931764
"Gill, C.O. and DeLacy, K.M., 1991. Growth of Escherichia coli and Salmonella typhimurium on high-pH beef packed under vacuum or carbon dioxide. International journal of food microbiology, 13(1), pp.21-30.__Salmonella Typhimurium__12__C02 Beef Striploins__1",Salmonella Typhimurium,12,C02 Beef Striploins,1,"Gill, C.O. and DeLacy, K.M., 1991. Growth of Escherichia coli and Salmonella typhimurium on high-pH beef packed under vacuum or carbon dioxide. International journal of food microbiology, 13(1), pp.21-30.",N,logistic,47.6977019713735,47.53543241853944,2704.641679167615
"Gill, C.O. and DeLacy, K.M., 1991. Growth of Escherichia coli and Salmonella typhimurium on high-pH beef packed under vacuum or carbon dioxide. International journal of food microbiology, 13(1), pp.21-30.__Salmonella Typhimurium__12__Vacuum Beef Striploins__1",Salmonella Typhimurium,12,Vacuum Beef Striploins,1,"Gill, C.O. and DeLacy, K.M., 1991. Growth of Escherichia coli and Salmonella typhimurium on high-pH beef packed under vacuum or carbon dioxide. International journal of food microbiology, 13(1), pp.21-30.",N,gompertz,52.10026202704429,51.47554043472845,13031.652355883723
"Gill, C.O. and DeLacy, K.M., 1991. Growth of Escherichia coli and Salmonella typhimurium on high-pH beef packed under vacuum or carbon dioxide. International journal of food microbiology, 13(1), pp.21-30.__Salmonella Typhimurium__15__C02 Beef Striploins__1",Salmonella Typhimurium,15,C02 Beef Striploins,1,"Gill, C.O. and DeLacy, K.M., 1991. Growth of Escherichia coli and Salmonella typhimurium on high-pH beef packed under vacuum or carbon dioxide. International journal of food microbiology, 13(1), pp.21-30.",N,gompertz,53.530005312064816,53.367735759230754,6222.399654782707
"Gill, C.O. and DeLacy, K.M., 1991. Growth of Escherichia coli and Salmonella typhimurium on high-pH beef packed under vacuum or carbon dioxide. International journal of food microbiology, 13(1), pp.21-30.__Salmonella Typhimurium__15__Vacuum Beef Striploins__1",Salmonella Typhimurium,15,Vacuum Beef Striploins,1,"Gill, C.O. and DeLacy, K.M., 1991. Growth of Escherichia coli and Salmonella typhimurium on high-pH beef packed under vacuum or carbon dioxide. International journal of food microbiology, 13(1), pp.21-30.",N,logistic,48.520856786092914,47.349170523395216,24676.564576636705
"Gill, C.O. and DeLacy, K.M., 1991. Growth of Escherichia coli and Salmonella typhimurium on high-pH beef packed under vacuum or carbon dioxide. International journal of food microbiology, 13(1), pp.21-30.__Salmonella Typhimurium__20__C02 Beef Striploins__1",Salmonella Typhimurium,20,C02 Beef Striploins,1,"Gill, C.O. and DeLacy, K.M., 1991. Growth of Escherichia coli and Salmonella typhimurium on high-pH beef packed under vacuum or carbon dioxide. International journal of food microbiology, 13(1), pp.21-30.",N,gompertz,72.77641017607226,72.15168858375642,408873.528215959
"Gill, C.O. and DeLacy, K.M., 1991. Growth of Escherichia coli and Salmonella typhimurium on high-pH beef packed under vacuum or carbon dioxide. International journal of food microbiology, 13(1), pp.21-30.__Salmonella Typhimurium__20__Vacuum Beef Striploins__1",Salmonella Typhimurium,20,Vacuum Beef Striploins,1,"Gill, C.O. and DeLacy, K.M., 1991. Growth of Escherichia coli and Salmonella typhimurium on high-pH beef packed under vacuum or carbon dioxide. International journal of food microbiology, 13(1), pp.21-30.",N,logistic,75.06775520642469,74.44303361410886,599021.041163766
"Gill, C.O. and DeLacy, K.M., 1991. Growth of Escherichia coli and Salmonella typhimurium on high-pH beef packed under vacuum or carbon dioxide. International journal of food microbiology, 13(1), pp.21-30.__Salmonella Typhimurium__30__C02 Beef Striploins__1",Salmonella Typhimurium,30,C02 Beef Striploins,1,"Gill, C.O. and DeLacy, K.M., 1991. Growth of Escherichia coli and Salmonella typhimurium on high-pH beef packed under vacuum or carbon dioxide. International journal of food microbiology, 13(1), pp.21-30.",N,logistic,93.97348396569298,93.81121441285892,2009809.9344375888
"Gill, C.O. and DeLacy, K.M., 1991. Growth of Escherichia coli and Salmonella typhimurium on high-pH beef packed under vacuum or carbon dioxide. International journal of food microbiology, 13(1), pp.21-30.__Salmonella Typhimurium__30__Vacuum Beef Striploins__1",Salmonella Typhimurium,30,Vacuum Beef Striploins,1,"Gill, C.O. and DeLacy, K.M., 1991. Growth of Escherichia coli and Salmonella typhimurium on high-pH beef packed under vacuum or carbon dioxide. International journal of food microbiology, 13(1), pp.21-30.",N,gompertz,56.49809048792108,55.87336889560524,27122.200655636017
"Gill, C.O. and DeLacy, K.M., 1991. Growth of Escherichia coli and Salmonella typhimurium on high-pH beef packed under vacuum or carbon dioxide. International journal of food microbiology, 13(1), pp.21-30.__Salmonella Typhimurium__8__Vacuum Beef Striploins__1",Salmonella Typhimurium,8,Vacuum Beef Striploins,1,"Gill, C.O. and DeLacy, K.M., 1991. Growth of Escherichia coli and Salmonella typhimurium on high-pH beef packed under vacuum or carbon dioxide. International journal of food microbiology, 13(1), pp.21-30.",N,logistic,47.64609277106708,47.48382321823302,2684.77437966806
"Gill, C.O. and DeLacy, K.M., 1991. Growth of Escherichia coli and Salmonella typhimurium on high-pH beef packed under vacuum or carbon dioxide. International journal of food microbiology, 13(1), pp.21-30.__Spoilage__10__C02 Beef Striploins__1",Spoilage,10,C02 Beef Striploins,1,"Gill, C.O. and DeLacy, K.M., 1991. Growth of Escherichia coli and Salmonella typhimurium on high-pH beef packed under vacuum or carbon dioxide. International journal of food microbiology, 13(1), pp.21-30.",N,logistic,110.45900833374029,111.05068206574892,988339.02330041
"Gill, C.O. and DeLacy, K.M., 1991. Growth of Escherichia coli and Salmonella typhimurium on high-pH beef packed under vacuum or carbon dioxide. International journal of food microbiology, 13(1), pp.21-30.__Spoilage__10__Vacuum Beef Striploins__1",Spoilage,10,Vacuum Beef Striploins,1,"Gill, C.O. and DeLacy, K.M., 1991. Growth of Escherichia coli and Salmonella typhimurium on high-pH beef packed under vacuum or carbon dioxide. International journal of food microbiology, 13(1), pp.21-30.",N,logistic,72.31589060226172,71.69116900994588,378665.27065520495
"Gill, C.O. and DeLacy, K.M., 1991. Growth of Escherichia coli and Salmonella typhimurium on high-pH beef packed under vacuum or carbon dioxide. International journal of food microbiology, 13(1), pp.21-30.__Spoilage__12__C02 Beef Striploins__1",Spoilage,12,C02 Beef Striploins,1,"Gill, C.O. and DeLacy, K.M., 1991. Growth of Escherichia coli and Salmonella typhimurium on high-pH beef packed under vacuum or carbon dioxide. International journal of food microbiology, 13(1), pp.21-30.",N,gompertz,98.72169577652171,98.55942622368764,3960443.9619826856
"Gill, C.O. and DeLacy, K.M., 1991. Growth of Escherichia coli and Salmonella typhimurium on high-pH beef packed under vacuum or carbon dioxide. International journal of food microbiology, 13(1), pp.21-30.__Spoilage__12__Vacuum Beef Striploins__1",Spoilage,12,Vacuum Beef Striploins,1,"Gill, C.O. and DeLacy, K.M., 1991. Growth of Escherichia coli and Salmonella typhimurium on high-pH beef packed under vacuum or carbon dioxide. International journal of food microbiology, 13(1), pp.21-30.",N,logistic,96.58235992054249,96.42009036770844,2917528.1173040634
"Gill, C.O. and DeLacy, K.M., 1991. Growth of Escherichia coli and Salmonella typhimurium on high-pH beef packed under vacuum or carbon dioxide. International journal of food microbiology, 13(1), pp.21-30.__Spoilage__15__C02 Beef Striploins__1",Spoilage,15,C02 Beef Striploins,1,"Gill, C.O. and DeLacy, K.M., 1991. Growth of Escherichia coli and Salmonella typhimurium on high-pH beef packed under vacuum or carbon dioxide. International journal of food microbiology, 13(1), pp.21-30.",N,logistic,76.2876364069341,76.12536685410004,160652.84349604373
"Gill, C.O. and DeLacy, K.M., 1991. Growth of Escherichia coli and Salmonella typhimurium on high-pH beef packed under vacuum or carbon dioxide. International journal of food microbiology, 13(1), pp.21-30.__Spoilage__15__Vacuum Beef Striploins__1",Spoilage,15,Vacuum Beef Striploins,1,"Gill, C.O. and DeLacy, K.M., 1991. Growth of Escherichia coli and Salmonella typhimurium on high-pH beef packed under vacuum or carbon dioxide. International journal of food microbiology, 13(1), pp.21-30.",N,logistic,46.13196468024756,44.96027841754986,15303.408318449405
"Gill, C.O. and DeLacy, K.M., 1991. Growth of Escherichia coli and Salmonella typhimurium on high-pH beef packed under vacuum or carbon dioxide. International journal of food microbiology, 13(1), pp.21-30.__Spoilage__20__C02 Beef Striploins__1",Spoilage,20,C02 Beef Striploins,1,"Gill, C.O. and DeLacy, K.M., 1991. Growth of Escherichia coli and Salmonella typhimurium on high-pH beef packed under vacuum or carbon dioxide. International journal of food microbiology, 13(1), pp.21-30.",N,logistic,65.35648857865853,64.73176698634269,118718.16071733455
"Gill, C.O. and DeLacy, K.M., 1991. Growth of Escherichia coli and Salmonella typhimurium on high-pH beef packed under vacuum or carbon dioxide. International journal of food microbiology, 13(1), pp.21-30.__Spoilage__20__Vacuum Beef Striploins__1",Spoilage,20,Vacuum Beef Striploins,1,"Gill, C.O. and DeLacy, K.M., 1991. Growth of Escherichia coli and Salmonella typhimurium on high-pH beef packed under vacuum or carbon dioxide. International journal of food microbiology, 13(1), pp.21-30.",N,logistic,81.44527588174829,80.82055428943245,1734053.1996993474
"Gill, C.O. and DeLacy, K.M., 1991. Growth of Escherichia coli and Salmonella typhimurium on high-pH beef packed under vacuum or carbon dioxide. International journal of food microbiology, 13(1), pp.21-30.__Spoilage__30__C02 Beef Striploins__1",Spoilage,30,C02 Beef Striploins,1,"Gill, C.O. and DeLacy, K.M., 1991. Growth of Escherichia coli and Salmonella typhimurium on high-pH beef packed under vacuum or carbon dioxide. International journal of food microbiology, 13(1), pp.21-30.",N,logistic,63.44680236252241,63.28453280968835,25657.62816785486
"Gill, C.O. and DeLacy, K.M., 1991. Growth of Escherichia coli and Salmonella typhimurium on high-pH beef packed under vacuum or carbon dioxide. International journal of food microbiology, 13(1), pp.21-30.__Spoilage__30__Vacuum Beef Striploins__1",Spoilage,30,Vacuum Beef Striploins,1,"Gill, C.O. and DeLacy, K.M., 1991. Growth of Escherichia coli and Salmonella typhimurium on high-pH beef packed under vacuum or carbon dioxide. International journal of food microbiology, 13(1), pp.21-30.",N,gompertz,58.432655911836,57.260969649138296,179148.27516432098
"Gill, C.O. and DeLacy, K.M., 1991. Growth of Escherichia coli and Salmonella typhimurium on high-pH beef packed under vacuum or carbon dioxide. International journal of food microbiology, 13(1), pp.21-30.__Spoilage__8__Vacuum Beef Striploins__1",Spoilage,8,Vacuum Beef Striploins,1,"Gill, C.O. and DeLacy, K.M., 1991. Growth of Escherichia coli and Salmonella typhimurium on high-pH beef packed under vacuum or carbon dioxide. International journal of food microbiology, 13(1), pp.21-30.",N,gompertz,98.61094538905483,98.44867583622076,3898276.945527828
"Phillips, J.D. and Griffiths, M.W., 1987. The relation between temperature and growth of bacteria in dairy products. Food Microbiology, 4(2), pp.173-185.__Serratia marcescens__10__Pasteurised Full-fat Milk__1",Serratia marcescens,10,Pasteurised Full-fat Milk,1,"Phillips, J.D. and Griffiths, M.W., 1987. The relation between temperature and growth of bacteria in dairy products. Food Microbiology, 4(2), pp.173-185.",N,gompertz,20.548355769436466,19.376669506738764,91.75381498804288
"Phillips, J.D. and Griffiths, M.W., 1987. The relation between temperature and growth of bacteria in dairy products. Food Microbiology, 4(2), pp.173-185.__Serratia marcescens__15__Pasteurised Double Cream__1",Serratia marcescens,15,Pasteurised Double Cream,1,"Phillips, J.D. and Griffiths, M.W., 1987. The relation between temperature and growth of bacteria in dairy products. Food Microbiology, 4(2), pp.173-185.",N,gompertz,28.176262208991066,27.551540616675236,241.7255932801629
"Phillips, J.D. and Griffiths, M.W., 1987. The relation between temperature and growth of bacteria in dairy products. Food Microbiology, 4(2), pp.173-185.__Serratia marcescens__15__Pasteurised Full-fat Milk__1",Serratia marcescens,15,Pasteurised Full-fat Milk,1,"Phillips, J.D. and Griffiths, M.W., 1987. The relation between temperature and growth of bacteria in dairy products. Food Microbiology, 4(2), pp.173-185.",N,logistic,4.02278310212472,2.8510968394270204,3.3669070474370115
"Phillips, J.D. and Griffiths, M.W., 1987. The relation between temperature and growth of bacteria in dairy products. Food Microbiology, 4(2), pp.173-185.__Serratia marcescens__15__UHT Double Cream__1",Serratia marcescens,15,UHT Double Cream,1,"Phillips, J.D. and Griffiths, M.W., 1987. The relation between temperature and growth of bacteria in dairy products. Food Microbiology, 4(2), pp.173-185.",N,gompertz,53.86998901040274,53.2452674180869,17502.35935240901
"Phillips, J.D. and Griffiths, M.W., 1987. The relation between temperature and growth of bacteria in dairy products. Food Microbiology, 4(2), pp.173-185.__Serratia marcescens__15__UHT Full-fat Milk__1",Serratia marcescens,15,UHT Full-fat Milk,1,"Phillips, J.D. and Griffiths, M.W., 1987. The relation between temperature and growth of bacteria in dairy products. Food Microbiology, 4(2), pp.173-185.",N,gompertz,50.62723973953528,50.00251814721945,10194.796878291658
"Phillips, J.D. and Griffiths, M.W., 1987. The relation between temperature and growth of bacteria in dairy products. Food Microbiology, 4(2), pp.173-185.__Serratia marcescens__6__Pasteurised Double Cream__1",Serratia marcescens,6,Pasteurised Double Cream,1,"Phillips, J.D. and Griffiths, M.W., 1987. The relation between temperature and growth of bacteria in dairy products. Food Microbiology, 4(2), pp.173-185.",N,gompertz,34.35393321753796,33.18224695484025,1451.313889682863
"Phillips, J.D. and Griffiths, M.W., 1987. The relation between temperature and growth of bacteria in dairy products. Food Microbiology, 4(2), pp.173-185.__Serratia marcescens__6__Pasteurised Full-fat Milk__1",Serratia marcescens,6,Pasteurised Full-fat Milk,1,"Phillips, J.D. and Griffiths, M.W., 1987. The relation between temperature and growth of bacteria in dairy products. Food Microbiology, 4(2), pp.173-185.",N,gompertz,56.89248327054977,57.13080789558927,4633.194891623518
"Phillips, J.D. and Griffiths, M.W., 1987. The relation between temperature and growth of bacteria in dairy products. Food Microbiology, 4(2), pp.173-185.__Serratia marcescens__6__Pasteurised Skim Milk__1",Serratia marcescens,6,Pasteurised Skim Milk,1,"Phillips, J.D. and Griffiths, M.W., 1987. The relation between temperature and growth of bacteria in dairy products. Food Microbiology, 4(2), pp.173-185.",N,gompertz,41.18101779484969,40.55629620253385,2111.7292382814303
"Phillips, J.D. and Griffiths, M.W., 1987. The relation between temperature and growth of bacteria in dairy products. Food Microbiology, 4(2), pp.173-185.__Serratia marcescens__6__UHT Double Cream__1",Serratia marcescens,6,UHT Double Cream,1,"Phillips, J.D. and Griffiths, M.W., 1987. The relation between temperature and growth of bacteria in dairy products. Food Microbiology, 4(2), pp.173-185.",N,gompertz,62.0415520729375,62.279876697977,8818.751192258918
"Phillips, J.D. and Griffiths, M.W., 1987. The relation between temperature and growth of bacteria in dairy products. Food Microbiology, 4(2), pp.173-185.__Serratia marcescens__6__UHT Full-fat Milk__1",Serratia marcescens,6,UHT Full-fat Milk,1,"Phillips, J.D. and Griffiths, M.W., 1987. The relation between temperature and growth of bacteria in dairy products. Food Microbiology, 4(2), pp.173-185.",N,gompertz,19.821535156678724,19.659265603844663,50.42137394749531
"Phillips, J.D. and Griffiths, M.W., 1987. The relation between temperature and growth of bacteria in dairy products. Food Microbiology, 4(2), pp.173-185.__Serratia marcescens__6__UHT Skim Milk__1",Serratia marcescens,6,UHT Skim Milk,1,"Phillips, J.D. and Griffiths, M.W., 1987. The relation between temperature and growth of bacteria in dairy products. Food Microbiology, 4(2), pp.173-185.",N,gompertz,62.46492971909855,62.30266016626449,22299.70392278928
"Roth, N.G. and Wheaton, R.B., 1962. Continuity of psychrophilic and mesophilic growth characteristics in the genus Arthrobacter. Journal of bacteriology, 83(3), pp.551-555.__Arthrobacter aurescens__0__TGE agar__1",Arthrobacter aurescens,0,TGE agar,1,"Roth, N.G. and Wheaton, R.B., 1962. Continuity of psychrophilic and mesophilic growth characteristics in the genus Arthrobacter. Journal of bacteriology, 83(3), pp.551-555.",CFU,logistic,67.5955033583149,70.09514339048354,636.8144000934053
"Roth, N.G. and Wheaton, R.B., 1962. Continuity of psychrophilic and mesophilic growth characteristics in the genus Arthrobacter. Journal of bacteriology, 83(3), pp.551-555.__Arthrobacter aurescens__20__TGE agar__1",Arthrobacter aurescens,20,TGE agar,1,"Roth, N.G. and Wheaton, R.B., 1962. Continuity of psychrophilic and mesophilic growth characteristics in the genus Arthrobacter. Journal of bacteriology, 83(3), pp.551-555.",CFU,gompertz,50.68337688199575,50.92170150703525,2132.1020541265643
"Roth, N.G. and Wheaton, R.B., 1962. Continuity of psychrophilic and mesophilic growth characteristics in the genus Arthrobacter. Journal of bacteriology, 83(3), pp.551-555.__Arthrobacter aurescens__30__TGE agar__1",Arthrobacter aurescens,30,TGE agar,1,"Roth, N.G. and Wheaton, R.B., 1962. Continuity of psychrophilic and mesophilic growth characteristics in the genus Arthrobacter. Journal of bacteriology, 83(3), pp.551-555.",CFU,gompertz,28.53013663568164,27.35845037298394,452.80666195117
"Roth, N.G. and Wheaton, R.B., 1962. Continuity of psychrophilic and mesophilic growth characteristics in the genus Arthrobacter. Journal of bacteriology, 83(3), pp.551-555.__Arthrobacter aurescens__37__TGE agar__1",Arthrobacter aurescens,37,TGE agar,1,"Roth, N.G. and Wheaton, R.B., 1962. Continuity of psychrophilic and mesophilic growth characteristics in the genus Arthrobacter. Journal of bacteriology, 83(3), pp.551-555.",CFU,logistic,13.204126095706238,13.442450720745745,19.686976064661643
"Roth, N.G. and Wheaton, R.B., 1962. Continuity of psychrophilic and mesophilic growth characteristics in the genus Arthrobacter. Journal of bacteriology, 83(3), pp.551-555.__Arthrobacter aurescens__7__TGE agar__1",Arthrobacter aurescens,7,TGE agar,1,"Roth, N.G. and Wheaton, R.B., 1962. Continuity of psychrophilic and mesophilic growth characteristics in the genus Arthrobacter. Journal of bacteriology, 83(3), pp.551-555.",CFU,gompertz,68.40065700544179,69.59434282383691,3199.2838705602567
"Roth, N.G. and Wheaton, R.B., 1962. Continuity of psychrophilic and mesophilic growth characteristics in the genus Arthrobacter. Journal of bacteriology, 83(3), pp.551-555.__Arthrobacter citreus__0__TGE agar__1",Arthrobacter citreus,0,TGE agar,1,"Roth, N.G. and Wheaton, R.B., 1962. Continuity of psychrophilic and mesophilic growth characteristics in the genus Arthrobacter. Journal of bacteriology, 83(3), pp.551-555.",CFU,gompertz,31.464395404368585,33.38156739321436,86.3097625969053
"Roth, N.G. and Wheaton, R.B., 1962. Continuity of psychrophilic and mesophilic growth characteristics in the genus Arthrobacter. Journal of bacteriology, 83(3), pp.551-555.__Arthrobacter citreus__20__TGE agar__1",Arthrobacter citreus,20,TGE agar,1,"Roth, N.G. and Wheaton, R.B., 1962. Continuity of psychrophilic and mesophilic growth characteristics in the genus Arthrobacter. Journal of bacteriology, 83(3), pp.551-555.",CFU,logistic,52.48045654910069,52.71878117414021,2669.105323254589
"Roth, N.G. and Wheaton, R.B., 1962. Continuity of psychrophilic and mesophilic growth characteristics in the genus Arthrobacter. Journal of bacteriology, 83(3), pp.551-555.__Arthrobacter citreus__30__TGE agar__1",Arthrobacter citreus,30,TGE agar,1,"Roth, N.G. and Wheaton, R.B., 1962. Continuity of psychrophilic and mesophilic growth characteristics in the genus Arthrobacter. Journal of bacteriology, 83(3), pp.551-555.",CFU,gompertz,47.8749510633952,48.46662479540386,943.8779973646516
"Roth, N.G. and Wheaton, R.B., 1962. Continuity of psychrophilic and mesophilic growth characteristics in the genus Arthrobacter. Journal of bacteriology, 83(3), pp.551-555.__Arthrobacter citreus__37__TGE agar__1",Arthrobacter citreus,37,TGE agar,1,"Roth, N.G. and Wheaton, R.B., 1962. Continuity of psychrophilic and mesophilic growth characteristics in the genus Arthrobacter. Journal of bacteriology, 83(3), pp.551-555.",CFU,logistic,69.82432121915046,70.41599495115912,10816.368027429242
"Roth, N.G. and Wheaton, R.B., 1962. Continuity of psychrophilic and mesophilic growth characteristics in the genus Arthrobacter. Journal of bacteriology, 83(3), pp.551-555.__Arthrobacter citreus__7__TGE agar__1",Arthrobacter citreus,7,TGE agar,1,"Roth, N.G. and Wheaton, R.B., 1962. Continuity of psychrophilic and mesophilic growth characteristics in the genus Arthrobacter. Journal of bacteriology, 83(3), pp.551-555.",CFU,gompertz,47.6876316746433,48.59538695362544,646.3545940965903
"Roth, N.G. and Wheaton, R.B., 1962. Continuity of psychrophilic and mesophilic growth characteristics in the genus Arthrobacter. Journal of bacteriology, 83(3), pp.551-555.__Arthrobacter globiformis__0__TGE agar__1",Arthrobacter globiformis,0,TGE agar,1,"Roth, N.G. and Wheaton, R.B., 1962. Continuity of psychrophilic and mesophilic growth characteristics in the genus Arthrobacter. Journal of bacteriology, 83(3), pp.551-555.",CFU,logistic,-173.29012680967327,-170.45680987217395,0.0015156915363943
"Roth, N.G. and Wheaton, R.B., 1962. Continuity of psychrophilic and mesophilic growth characteristics in the genus Arthrobacter. Journal of bacteriology, 83(3), pp.551-555.__Arthrobacter globiformis__20__TGE agar__1",Arthrobacter globiformis,20,TGE agar,1,"Roth, N.G. and Wheaton, R.B., 1962. Continuity of psychrophilic and mesophilic growth characteristics in the genus Arthrobacter. Journal of bacteriology, 83(3), pp.551-555.",CFU,gompertz,38.16116214141832,38.39948676645783,445.67358387849424
"Roth, N.G. and Wheaton, R.B., 1962. Continuity of psychrophilic and mesophilic growth characteristics in the genus Arthrobacter. Journal of bacteriology, 83(3), pp.551-555.__Arthrobacter globiformis__30__TGE agar__1",Arthrobacter globiformis,30,TGE agar,1,"Roth, N.G. and Wheaton, R.B., 1962. Continuity of psychrophilic and mesophilic growth characteristics in the genus Arthrobacter. Journal of bacteriology, 83(3), pp.551-555.",CFU,gompertz,35.94335790253712,36.18168252757663,337.7686789887837
"Roth, N.G. and Wheaton, R.B., 1962. Continuity of psychrophilic and mesophilic growth characteristics in the genus Arthrobacter. Journal of bacteriology, 83(3), pp.551-555.__Arthrobacter globiformis__37__TGE agar__1",Arthrobacter globiformis,37,TGE agar,1,"Roth, N.G. and Wheaton, R.B., 1962. Continuity of psychrophilic and mesophilic growth characteristics in the genus Arthrobacter. Journal of bacteriology, 83(3), pp.551-555.",CFU,gompertz,37.82906407057091,37.66679451773685,660.4486005899226
"Roth, N.G. and Wheaton, R.B., 1962. Continuity of psychrophilic and mesophilic growth characteristics in the genus Arthrobacter. Journal of bacteriology, 83(3), pp.551-555.__Arthrobacter globiformis__7__TGE agar__1",Arthrobacter globiformis,7,TGE agar,1,"Roth, N.G. and Wheaton, R.B., 1962. Continuity of psychrophilic and mesophilic growth characteristics in the genus Arthrobacter. Journal of bacteriology, 83(3), pp.551-555.",CFU,gompertz,50.22779307080534,52.72743310297399,229.2580512724477
"Roth, N.G. and Wheaton, R.B., 1962. Continuity of psychrophilic and mesophilic growth characteristics in the genus Arthrobacter. Journal of bacteriology, 83(3), pp.551-555.__Arthrobacter simplex__0__TGE agar__1",Arthrobacter simplex,0,TGE agar,1,"Roth, N.G. and Wheaton, R.B., 1962. Continuity of psychrophilic and mesophilic growth characteristics in the genus Arthrobacter. Journal of bacteriology, 83(3), pp.551-555.",CFU,logistic,-156.96807268228355,-154.29695740859506,0.0021050626332313
"Roth, N.G. and Wheaton, R.B., 1962. Continuity of psychrophilic and mesophilic growth characteristics in the genus Arthrobacter. Journal of bacteriology, 83(3), pp.551-555.__Arthrobacter simplex__20__TGE agar__1",Arthrobacter simplex,20,TGE agar,1,"Roth, N.G. and Wheaton, R.B., 1962. Continuity of psychrophilic and mesophilic growth characteristics in the genus Arthrobacter. Journal of bacteriology, 83(3), pp.551-555.",CFU,gompertz,49.19201591611208,49.029746363278015,3348.2668645217773
"Roth, N.G. and Wheaton, R.B., 1962. Continuity of psychrophilic and mesophilic growth characteristics in the genus Arthrobacter. Journal of bacteriology, 83(3), pp.551-555.__Arthrobacter simplex__30__TGE agar__1",Arthrobacter simplex,30,TGE agar,1,"Roth, N.G. and Wheaton, R.B., 1962. Continuity of psychrophilic and mesophilic growth characteristics in the genus Arthrobacter. Journal of bacteriology, 83(3), pp.551-555.",CFU,gompertz,56.48277111596779,56.7210957410073,4401.88409285753
"Roth, N.G. and Wheaton, R.B., 1962. Continuity of psychrophilic and mesophilic growth characteristics in the genus Arthrobacter. Journal of bacteriology, 83(3), pp.551-555.__Arthrobacter simplex__37__TGE agar__1",Arthrobacter simplex,37,TGE agar,1,"Roth, N.G. and Wheaton, R.B., 1962. Continuity of psychrophilic and mesophilic growth characteristics in the genus Arthrobacter. Journal of bacteriology, 83(3), pp.551-555.",CFU,gompertz,35.504999064589825,35.743323689629335,319.75862834461657
"Roth, N.G. and Wheaton, R.B., 1962. Continuity of psychrophilic and mesophilic growth characteristics in the genus Arthrobacter. Journal of bacteriology, 83(3), pp.551-555.__Arthrobacter simplex__7__TGE agar__1",Arthrobacter simplex,7,TGE agar,1,"Roth, N.G. and Wheaton, R.B., 1962. Continuity of psychrophilic and mesophilic growth characteristics in the genus Arthrobacter. Journal of bacteriology, 83(3), pp.551-555.",CFU,gompertz,72.42910188713152,74.3462738759773,1610.0059903664371
"Roth, N.G. and Wheaton, R.B., 1962. Continuity of psychrophilic and mesophilic growth characteristics in the genus Arthrobacter. Journal of bacteriology, 83(3), pp.551-555.__Arthrobacter sp. 62__0__TGE agar__1",Arthrobacter sp. 62,0,TGE agar,1,"Roth, N.G. and Wheaton, R.B., 1962. Continuity of psychrophilic and mesophilic growth characteristics in the genus Arthrobacter. Journal of bacteriology, 83(3), pp.551-555.",CFU,logistic,112.90984203963458,115.58095731332308,6834.970456505661
"Roth, N.G. and Wheaton, R.B., 1962. Continuity of psychrophilic and mesophilic growth characteristics in the genus Arthrobacter. Journal of bacteriology, 83(3), pp.551-555.__Arthrobacter sp. 62__20__TGE agar__1",Arthrobacter sp. 62,20,TGE agar,1,"Roth, N.G. and Wheaton, R.B., 1962. Continuity of psychrophilic and mesophilic growth characteristics in the genus Arthrobacter. Journal of bacteriology, 83(3), pp.551-555.",CFU,logistic,64.41490719509338,65.00658092710205,5929.94265269252
"Roth, N.G. and Wheaton, R.B., 1962. Continuity of psychrophilic and mesophilic growth characteristics in the genus Arthrobacter. Journal of bacteriology, 83(3), pp.551-555.__Arthrobacter sp. 62__30__TGE agar__1",Arthrobacter sp. 62,30,TGE agar,1,"Roth, N.G. and Wheaton, R.B., 1962. Continuity of psychrophilic and mesophilic growth characteristics in the genus Arthrobacter. Journal of bacteriology, 83(3), pp.551-555.",CFU,logistic,-78.12119422236646,-77.21343894338432,0.0022215850991769
"Roth, N.G. and Wheaton, R.B., 1962. Continuity of psychrophilic and mesophilic growth characteristics in the genus Arthrobacter. Journal of bacteriology, 83(3), pp.551-555.__Arthrobacter sp. 62__37__TGE agar__1",Arthrobacter sp. 62,37,TGE agar,1,"Roth, N.G. and Wheaton, R.B., 1962. Continuity of psychrophilic and mesophilic growth characteristics in the genus Arthrobacter. Journal of bacteriology, 83(3), pp.551-555.",CFU,logistic,-132.14575889476137,-129.82799272804203,0.0028469096433576
"Roth, N.G. and Wheaton, R.B., 1962. Continuity of psychrophilic and mesophilic growth characteristics in the genus Arthrobacter. Journal of bacteriology, 83(3), pp.551-555.__Arthrobacter sp. 62__7__TGE agar__1",Arthrobacter sp. 62,7,TGE agar,1,"Roth, N.G. and Wheaton, R.B., 1962. Continuity of psychrophilic and mesophilic growth characteristics in the genus Arthrobacter. Journal of bacteriology, 83(3), pp.551-555.",CFU,logistic,93.05286403024913,94.50758397961312,16971.860479190436
"Roth, N.G. and Wheaton, R.B., 1962. Continuity of psychrophilic and mesophilic growth characteristics in the genus Arthrobacter. Journal of bacteriology, 83(3), pp.551-555.__Arthrobacter sp. 77__0__TGE agar__1",Arthrobacter sp. 77,0,TGE agar,1,"Roth, N.G. and Wheaton, R.B., 1962. Continuity of psychrophilic and mesophilic growth characteristics in the genus Arthrobacter. Journal of bacteriology, 83(3), pp.551-555.",CFU,gompertz,116.44697764713663,119.28029458463595,6357.800751217375
"Roth, N.G. and Wheaton, R.B., 1962. Continuity of psychrophilic and mesophilic growth characteristics in the genus Arthrobacter. Journal of bacteriology, 83(3), pp.551-555.__Arthrobacter sp. 77__20__TGE agar__1",Arthrobacter sp. 77,20,TGE agar,1,"Roth, N.G. and Wheaton, R.B., 1962. Continuity of psychrophilic and mesophilic growth characteristics in the genus Arthrobacter. Journal of bacteriology, 83(3), pp.551-555.",CFU,gompertz,44.188379184728376,44.02610963189432,1638.2647636662052
"Roth, N.G. and Wheaton, R.B., 1962. Continuity of psychrophilic and mesophilic growth characteristics in the genus Arthrobacter. Journal of bacteriology, 83(3), pp.551-555.__Arthrobacter sp. 77__30__TGE agar__1",Arthrobacter sp. 77,30,TGE agar,1,"Roth, N.G. and Wheaton, R.B., 1962. Continuity of psychrophilic and mesophilic growth characteristics in the genus Arthrobacter. Journal of bacteriology, 83(3), pp.551-555.",CFU,gompertz,47.25057084525231,48.15832612423444,618.7134104569046
"Roth, N.G. and Wheaton, R.B., 1962. Continuity of psychrophilic and mesophilic growth characteristics in the genus Arthrobacter. Journal of bacteriology, 83(3), pp.551-555.__Arthrobacter sp. 77__37__TGE agar__1",Arthrobacter sp. 77,37,TGE agar,1,"Roth, N.G. and Wheaton, R.B., 1962. Continuity of psychrophilic and mesophilic growth characteristics in the genus Arthrobacter. Journal of bacteriology, 83(3), pp.551-555.",CFU,logistic,-141.36261668233468,-138.86297665016602,0.0029229091554524
"Roth, N.G. and Wheaton, R.B., 1962. Continuity of psychrophilic and mesophilic growth characteristics in the genus Arthrobacter. Journal of bacteriology, 83(3), pp.551-555.__Arthrobacter sp. 77__7__TGE agar__1",Arthrobacter sp. 77,7,TGE agar,1,"Roth, N.G. and Wheaton, R.B., 1962. Continuity of psychrophilic and mesophilic growth characteristics in the genus Arthrobacter. Journal of bacteriology, 83(3), pp.551-555.",CFU,gompertz,103.81974654756088,105.5145946199455,24089.834987113358
"Roth, N.G. and Wheaton, R.B., 1962. Continuity of psychrophilic and mesophilic growth characteristics in the genus Arthrobacter. Journal of bacteriology, 83(3), pp.551-555.__Arthrobacter sp. 88__0__TGE agar__1",Arthrobacter sp. 88,0,TGE agar,1,"Roth, N.G. and Wheaton, R.B., 1962. Continuity of psychrophilic and mesophilic growth characteristics in the genus Arthrobacter. Journal of bacteriology, 83(3), pp.551-555.",CFU,logistic,42.949143288918464,44.64399136130307,223.0043212147076
"Roth, N.G. and Wheaton, R.B., 1962. Continuity of psychrophilic and mesophilic growth characteristics in the genus Arthrobacter. Journal of bacteriology, 83(3), pp.551-555.__Arthrobacter sp. 88__20__TGE agar__1",Arthrobacter sp. 88,20,TGE agar,1,"Roth, N.G. and Wheaton, R.B., 1962. Continuity of psychrophilic and mesophilic growth characteristics in the genus Arthrobacter. Journal of bacteriology, 83(3), pp.551-555.",CFU,logistic,147.35193153326753,149.2691035221133,339634.0073063048
"Roth, N.G. and Wheaton, R.B., 1962. Continuity of psychrophilic and mesophilic growth characteristics in the genus Arthrobacter. Journal of bacteriology, 83(3), pp.551-555.__Arthrobacter sp. 88__30__TGE agar__1",Arthrobacter sp. 88,30,TGE agar,1,"Roth, N.G. and Wheaton, R.B., 1962. Continuity of psychrophilic and mesophilic growth characteristics in the genus Arthrobacter. Journal of bacteriology, 83(3), pp.551-555.",CFU,gompertz,109.13765121038578,110.3313370287809,129838.3355456114
"Roth, N.G. and Wheaton, R.B., 1962. Continuity of psychrophilic and mesophilic growth characteristics in the genus Arthrobacter. Journal of bacteriology, 83(3), pp.551-555.__Arthrobacter sp. 88__37__TGE agar__1",Arthrobacter sp. 88,37,TGE agar,1,"Roth, N.G. and Wheaton, R.B., 1962. Continuity of psychrophilic and mesophilic growth characteristics in the genus Arthrobacter. Journal of bacteriology, 83(3), pp.551-555.",CFU,logistic,-132.42948256446817,-130.11171639774884,0.0027968711360123
"Roth, N.G. and Wheaton, R.B., 1962. Continuity of psychrophilic and mesophilic growth characteristics in the genus Arthrobacter. Journal of bacteriology, 83(3), pp.551-555.__Arthrobacter sp. 88__7__TGE agar__1",Arthrobacter sp. 88,7,TGE agar,1,"Roth, N.G. and Wheaton, R.B., 1962. Continuity of psychrophilic and mesophilic growth characteristics in the genus Arthrobacter. Journal of bacteriology, 83(3), pp.551-555.",CFU,gompertz,32.84511935082641,33.43679308283507,177.6855857661199
"Silva, A.P.R.D., Longhi, D.A., Dalcanton, F. and Aragão, G.M.F.D., 2018. Modelling the growth of lactic acid bacteria at different temperatures. Brazilian Archives of Biology and Technology, 61.__Lactobacillus plantarum__12__MRS broth__1",Lactobacillus plantarum,12,MRS broth,1,"Silva, A.P.R.D., Longhi, D.A., Dalcanton, F. and Aragão, G.M.F.D., 2018. Modelling the growth of lactic acid bacteria at different temperatures. Brazilian Archives of Biology and Technology, 61.",N,logistic,549.3516323000292,551.6693984667486,8964652514583098.0
"Silva, A.P.R.D., Longhi, D.A., Dalcanton, F. and Aragão, G.M.F.D., 2018. Modelling the growth of lactic acid bacteria at different temperatures. Brazilian Archives of Biology and Technology, 61.__Lactobacillus plantarum__16__MRS broth__1",Lactobacillus plantarum,16,MRS broth,1,"Silva, A.P.R.D., Longhi, D.A., Dalcanton, F. and Aragão, G.M.F.D., 2018. Modelling the growth of lactic acid bacteria at different temperatures. Brazilian Archives of Biology and Technology, 61.",N,gompertz,700.8489986025767,703.5201138762652,1.0476632716492612e+18
"Silva, A.P.R.D., Longhi, D.A., Dalcanton, F. and Aragão, G.M.F.D., 2018. Modelling the growth of lactic acid bacteria at different temperatures. Brazilian Archives of Biology and Technology, 61.__Lactobacillus plantarum__20__MRS broth__1",Lactobacillus plantarum,20,MRS broth,1,"Silva, A.P.R.D., Longhi, D.A., Dalcanton, F. and Aragão, G.M.F.D., 2018. Modelling the growth of lactic acid bacteria at different temperatures. Brazilian Archives of Biology and Technology, 61.",N,gompertz,609.1673608895309,611.4851270562502,3.768217948261669e+17
"Silva, A.P.R.D., Longhi, D.A., Dalcanton, F. and Aragão, G.M.F.D., 2018. Modelling the growth of lactic acid bacteria at different temperatures. Brazilian Archives of Biology and Technology, 61.__Lactobacillus plantarum__30__MRS broth__1",Lactobacillus plantarum,30,MRS broth,1,"Silva, A.P.R.D., Longhi, D.A., Dalcanton, F. and Aragão, G.M.F.D., 2018. Modelling the growth of lactic acid bacteria at different temperatures. Brazilian Archives of Biology and Technology, 61.",N,gompertz,529.4949973754481,531.1898454478327,4.003878977218445e+18
"Silva, A.P.R.D., Longhi, D.A., Dalcanton, F. and Aragão, G.M.F.D., 2018. Modelling the growth of lactic acid bacteria at different temperatures. Brazilian Archives of Biology and Technology, 61.__Lactobacillus plantarum__8__MRS broth__1",Lactobacillus plantarum,8,MRS broth,1,"Silva, A.P.R.D., Longhi, D.A., Dalcanton, F. and Aragão, G.M.F.D., 2018. Modelling the growth of lactic acid bacteria at different temperatures. Brazilian Archives of Biology and Technology, 61.",N,logistic,93.63303537946126,94.5407906584434,63952.03517291044
"Silva, A.P.R.D., Longhi, D.A., Dalcanton, F. and Aragão, G.M.F.D., 2018. Modelling the growth of lactic acid bacteria at different temperatures. Brazilian Archives of Biology and Technology, 61.__Lactobacillus sakei__12__MRS broth__1",Lactobacillus sakei,12,MRS broth,1,"Silva, A.P.R.D., Longhi, D.A., Dalcanton, F. and Aragão, G.M.F.D., 2018. Modelling the growth of lactic acid bacteria at different temperatures. Brazilian Archives of Biology and Technology, 61.",N,logistic,492.1044853546221,493.79933342700673,2.256140242988799e+17
"Silva, A.P.R.D., Longhi, D.A., Dalcanton, F. and Aragão, G.M.F.D., 2018. Modelling the growth of lactic acid bacteria at different temperatures. Brazilian Archives of Biology and Technology, 61.__Lactobacillus sakei__16__MRS broth__1",Lactobacillus sakei,16,MRS broth,1,"Silva, A.P.R.D., Longhi, D.A., Dalcanton, F. and Aragão, G.M.F.D., 2018. Modelling the growth of lactic acid bacteria at different temperatures. Brazilian Archives of Biology and Technology, 61.",N,gompertz,530.6807329389537,532.5979049277995,2.644034469133402e+17
"Silva, A.P.R.D., Longhi, D.A., Dalcanton, F. and Aragão, G.M.F.D., 2018. Modelling the growth of lactic acid bacteria at different temperatures. Brazilian Archives of Biology and Technology, 61.__Lactobacillus sakei__20__MRS broth__1",Lactobacillus sakei,20,MRS broth,1,"Silva, A.P.R.D., Longhi, D.A., Dalcanton, F. and Aragão, G.M.F.D., 2018. Modelling the growth of lactic acid bacteria at different temperatures. Brazilian Archives of Biology and Technology, 61.",N,logistic,451.147444173386,452.60216412275,1.5474066747833616e+17
"Silva, A.P.R.D., Longhi, D.A., Dalcanton, F. and Aragão, G.M.F.D., 2018. Modelling the growth of lactic acid bacteria at different temperatures. Brazilian Archives of Biology and Technology, 61.__Lactobacillus sakei__30__MRS broth__1",Lactobacillus sakei,30,MRS broth,1,"Silva, A.P.R.D., Longhi, D.A., Dalcanton, F. and Aragão, G.M.F.D., 2018. Modelling the growth of lactic acid bacteria at different temperatures. Brazilian Archives of Biology and Technology, 61.",N,logistic,425.073216640202,426.2669024585971,3.86326948194445e+17
"Silva, A.P.R.D., Longhi, D.A., Dalcanton, F. and Aragão, G.M.F.D., 2018. Modelling the growth of lactic acid bacteria at different temperatures. Brazilian Archives of Biology and Technology, 61.__Lactobacillus sakei__4__MRS broth__1",Lactobacillus sakei,4,MRS broth,1,"Silva, A.P.R.D., Longhi, D.A., Dalcanton, F. and Aragão, G.M.F.D., 2018. Modelling the growth of lactic acid bacteria at different temperatures. Brazilian Archives of Biology and Technology, 61.",N,gompertz,139.54518142376554,140.1368551557742,25029809.909329757
"Silva, A.P.R.D., Longhi, D.A., Dalcanton, F. and Aragão, G.M.F.D., 2018. Modelling the growth of lactic acid bacteria at different temperatures. Brazilian Archives of Biology and Technology, 61.__Lactobacillus sakei__8__MRS broth__1",Lactobacillus sakei,8,MRS broth,1,"Silva, A.P.R.D., Longhi, D.A., Dalcanton, F. and Aragão, G.M.F.D., 2018. Modelling the growth of lactic acid bacteria at different temperatures. Brazilian Archives of Biology and Technology, 61.",N,gompertz,593.4519218012899,596.2852387387893,508741517452508.9
"Silva, A.P.R.D., Longhi, D.A., Dalcanton, F. and Aragão, G.M.F.D., 2018. Modelling the growth of lactic acid bacteria at different temperatures. Brazilian Archives of Biology and Technology, 61.__Weissella viridescens__12__MRS broth__1",Weissella viridescens,12,MRS broth,1,"Silva, A.P.R.D., Longhi, D.A., Dalcanton, F. and Aragão, G.M.F.D., 2018. Modelling the growth of lactic acid bacteria at different temperatures. Brazilian Archives of Biology and Technology, 61.",N,gompertz,514.089683605473,516.0068555943188,8.083428479002171e+16
"Silva, A.P.R.D., Longhi, D.A., Dalcanton, F. and Aragão, G.M.F.D., 2018. Modelling the growth of lactic acid bacteria at different temperatures. Brazilian Archives of Biology and Technology, 61.__Weissella viridescens__16__MRS broth__1",Weissella viridescens,16,MRS broth,1,"Silva, A.P.R.D., Longhi, D.A., Dalcanton, F. and Aragão, G.M.F.D., 2018. Modelling the growth of lactic acid bacteria at different temperatures. Brazilian Archives of Biology and Technology, 61.",N,logistic,649.0022105426658,651.5018505748344,4.539996344349923e+17
"Silva, A.P.R.D., Longhi, D.A., Dalcanton, F. and Aragão, G.M.F.D., 2018. Modelling the growth of lactic acid bacteria at different temperatures. Brazilian Archives of Biology and Technology, 61.__Weissella viridescens__20__MRS broth__1",Weissella viridescens,20,MRS broth,1,"Silva, A.P.R.D., Longhi, D.A., Dalcanton, F. and Aragão, G.M.F.D., 2018. Modelling the growth of lactic acid bacteria at different temperatures. Brazilian Archives of Biology and Technology, 61.",N,logistic,559.1349060486348,561.2590566519414,1.5523408592399645e+17
"Silva, A.P.R.D., Longhi, D.A., Dalcanton, F. and Aragão, G.M.F.D., 2018. Modelling the growth of lactic acid bacteria at different temperatures. Brazilian Archives of Biology and Technology, 61.__Weissella viridescens__30__MRS broth__1",Weissella viridescens,30,MRS broth,1,"Silva, A.P.R.D., Longhi, D.A., Dalcanton, F. and Aragão, G.M.F.D., 2018. Modelling the growth of lactic acid bacteria at different temperatures. Brazilian Archives of Biology and Technology, 61.",N,logistic,487.1490927386733,488.8439408110579,1.54106147546147e+17
"Silva, A.P.R.D., Longhi, D.A., Dalcanton, F. and Aragão, G.M.F.D., 2018. Modelling the growth of lactic acid bacteria at different temperatures. Brazilian Archives of Biology and Technology, 61.__Weissella viridescens__4__MRS broth__1",Weissella viridescens,4,MRS broth,1,"Silva, A.P.R.D., Longhi, D.A., Dalcanton, F. and Aragão, G.M.F.D., 2018. Modelling the growth of lactic acid bacteria at different temperatures. Brazilian Archives of Biology and Technology, 61.",N,logistic,94.49301242670028,95.08468615870896,167674.77408631158
"Silva, A.P.R.D., Longhi, D.A., Dalcanton, F. and Aragão, G.M.F.D., 2018. Modelling the growth of lactic acid bacteria at different temperatures. Brazilian Archives of Biology and Technology, 61.__Weissella viridescens__8__MRS broth__1",Weissella viridescens,8,MRS broth,1,"Silva, A.P.R.D., Longhi, D.A., Dalcanton, F. and Aragão, G.M.F.D., 2018. Modelling the growth of lactic acid bacteria at different temperatures. Brazilian Archives of Biology and Technology, 61.",N,gompertz,636.8406669974391,639.8278638181012,998989739172693.8
"Sivonen, K., 1990. Effects of light, temperature, nitrate, orthophosphate, and bacteria on growth of and hepatotoxin production by Oscillatoria agardhii strains. Appl. Environ. Microbiol., 56(9), pp.2658-2666.__Oscillatoria agardhii Strain 97__15__Z8__1",Oscillatoria agardhii Strain 97,15,Z8,1,"Sivonen, K., 1990. Effects of light, temperature, nitrate, orthophosphate, and bacteria on growth of and hepatotoxin production by Oscillatoria agardhii strains. Appl. Environ. Microbiol., 56(9), pp.2658-2666.",DryWeight,logistic,-5.4457579316602445,-5.608027484494305,1.3645188465189997
"Sivonen, K., 1990. Effects of light, temperature, nitrate, orthophosphate, and bacteria on growth of and hepatotoxin production by Oscillatoria agardhii strains. Appl. Environ. Microbiol., 56(9), pp.2658-2666.__Oscillatoria agardhii Strain 97__20__Z8__1",Oscillatoria agardhii Strain 97,20,Z8,1,"Sivonen, K., 1990. Effects of light, temperature, nitrate, orthophosphate, and bacteria on growth of and hepatotoxin production by Oscillatoria agardhii strains. Appl. Environ. Microbiol., 56(9), pp.2658-2666.",DryWeight,logistic,-9.578927821866792,-9.741197374700851,0.756047579940165
"Sivonen, K., 1990. Effects of light, temperature, nitrate, orthophosphate, and bacteria on growth of and hepatotoxin production by Oscillatoria agardhii strains. Appl. Environ. Microbiol., 56(9), pp.2658-2666.__Oscillatoria agardhii Strain 97__25__Z8__1",Oscillatoria agardhii Strain 97,25,Z8,1,"Sivonen, K., 1990. Effects of light, temperature, nitrate, orthophosphate, and bacteria on growth of and hepatotoxin production by Oscillatoria agardhii strains. Appl. Environ. Microbiol., 56(9), pp.2658-2666.",DryWeight,logistic,-7.238825542826564,-7.863547135142399,0.6605308463631193
"Sivonen, K., 1990. Effects of light, temperature, nitrate, orthophosphate, and bacteria on growth of and hepatotoxin production by Oscillatoria agardhii strains. Appl. Environ. Microbiol., 56(9), pp.2658-2666.__Oscillatoria agardhii Strain 97__30__Z8__1",Oscillatoria agardhii Strain 97,30,Z8,1,"Sivonen, K., 1990. Effects of light, temperature, nitrate, orthophosphate, and bacteria on growth of and hepatotoxin production by Oscillatoria agardhii strains. Appl. Environ. Microbiol., 56(9), pp.2658-2666.",DryWeight,logistic,-8.002472347610263,-8.627193939926098,0.5815921081617523
"Sivonen, K., 1990. Effects of light, temperature, nitrate, orthophosphate, and bacteria on growth of and hepatotoxin production by Oscillatoria agardhii strains. Appl. Environ. Microbiol., 56(9), pp.2658-2666.__Oscillatoria agardhii StrainCYA 128__15__Z8__1",Oscillatoria agardhii StrainCYA 128,15,Z8,1,"Sivonen, K., 1990. Effects of light, temperature, nitrate, orthophosphate, and bacteria on growth of and hepatotoxin production by Oscillatoria agardhii strains. Appl. Environ. Microbiol., 56(9), pp.2658-2666.",DryWeight,gompertz,-13.92578218517297,-14.088051738007032,0.4063135352470485
"Sivonen, K., 1990. Effects of light, temperature, nitrate, orthophosphate, and bacteria on growth of and hepatotoxin production by Oscillatoria agardhii strains. Appl. Environ. Microbiol., 56(9), pp.2658-2666.__Oscillatoria agardhii StrainCYA 128__20__Z8__1",Oscillatoria agardhii StrainCYA 128,20,Z8,1,"Sivonen, K., 1990. Effects of light, temperature, nitrate, orthophosphate, and bacteria on growth of and hepatotoxin production by Oscillatoria agardhii strains. Appl. Environ. Microbiol., 56(9), pp.2658-2666.",DryWeight,logistic,-5.0354490086244645,-5.197718561458525,1.4468914586513224
"Sivonen, K., 1990. Effects of light, temperature, nitrate, orthophosphate, and bacteria on growth of and hepatotoxin production by Oscillatoria agardhii strains. Appl. Environ. Microbiol., 56(9), pp.2658-2666.__Oscillatoria agardhii StrainCYA 128__25__Z8__1",Oscillatoria agardhii StrainCYA 128,25,Z8,1,"Sivonen, K., 1990. Effects of light, temperature, nitrate, orthophosphate, and bacteria on growth of and hepatotoxin production by Oscillatoria agardhii strains. Appl. Environ. Microbiol., 56(9), pp.2658-2666.",DryWeight,logistic,-17.580001521563027,-17.742271074397088,0.2410715511342239
"Sivonen, K., 1990. Effects of light, temperature, nitrate, orthophosphate, and bacteria on growth of and hepatotoxin production by Oscillatoria agardhii strains. Appl. Environ. Microbiol., 56(9), pp.2658-2666.__Oscillatoria agardhii StrainCYA 128__30__Z8__1",Oscillatoria agardhii StrainCYA 128,30,Z8,1,"Sivonen, K., 1990. Effects of light, temperature, nitrate, orthophosphate, and bacteria on growth of and hepatotoxin production by Oscillatoria agardhii strains. Appl. Environ. Microbiol., 56(9), pp.2658-2666.",DryWeight,gompertz,-11.680683637461565,-11.842953190295624,0.5599533517587152
"Stannard, C.J., Williams, A.P. and Gibbs, P.A., 1985. Temperature/growth relationships for psychrotrophic food-spoilage bacteria. Food Microbiology, 2(2), pp.115-122.__Pseudomonas sp.__12__APT Broth__1",Pseudomonas sp.,12,APT Broth,1,"Stannard, C.J., Williams, A.P. and Gibbs, P.A., 1985. Temperature/growth relationships for psychrotrophic food-spoilage bacteria. Food Microbiology, 2(2), pp.115-122.",CFU,logistic,148.56574461158343,148.40347505874936,4899725860.039713
"Stannard, C.J., Williams, A.P. and Gibbs, P.A., 1985. Temperature/growth relationships for psychrotrophic food-spoilage bacteria. Food Microbiology, 2(2), pp.115-122.__Pseudomonas sp.__15__APT Broth__1",Pseudomonas sp.,15,APT Broth,1,"Stannard, C.J., Williams, A.P. and Gibbs, P.A., 1985. Temperature/growth relationships for psychrotrophic food-spoilage bacteria. Food Microbiology, 2(2), pp.115-122.",CFU,logistic,193.86880107409328,194.10712569913275,126441005410.32784
"Stannard, C.J., Williams, A.P. and Gibbs, P.A., 1985. Temperature/growth relationships for psychrotrophic food-spoilage bacteria. Food Microbiology, 2(2), pp.115-122.__Pseudomonas sp.__2__APT Broth__1",Pseudomonas sp.,2,APT Broth,1,"Stannard, C.J., Williams, A.P. and Gibbs, P.A., 1985. Temperature/growth relationships for psychrotrophic food-spoilage bacteria. Food Microbiology, 2(2), pp.115-122.",CFU,logistic,115.1848987444065,114.56017715209066,479974047.78780967
"Stannard, C.J., Williams, A.P. and Gibbs, P.A., 1985. Temperature/growth relationships for psychrotrophic food-spoilage bacteria. Food Microbiology, 2(2), pp.115-122.__Pseudomonas sp.__4__APT Broth__1",Pseudomonas sp.,4,APT Broth,1,"Stannard, C.J., Williams, A.P. and Gibbs, P.A., 1985. Temperature/growth relationships for psychrotrophic food-spoilage bacteria. Food Microbiology, 2(2), pp.115-122.",CFU,gompertz,129.4015924027359,128.22990614003822,261514715680.60785
"Stannard, C.J., Williams, A.P. and Gibbs, P.A., 1985. Temperature/growth relationships for psychrotrophic food-spoilage bacteria. Food Microbiology, 2(2), pp.115-122.__Pseudomonas sp.__6__APT Broth__1",Pseudomonas sp.,6,APT Broth,1,"Stannard, C.J., Williams, A.P. and Gibbs, P.A., 1985. Temperature/growth relationships for psychrotrophic food-spoilage bacteria. Food Microbiology, 2(2), pp.115-122.",CFU,gompertz,127.93555495726795,126.76386869457026,195055291971.11768
"Zwietering, M.H., De Wit, J.C., Cuppers, H.G.A.M. and Van't Riet, K., 1994. Modeling of bacterial growth with shifts in temperature. Appl. Environ. Microbiol., 60(1), pp.204-213.__Lactobaciulus plantarum__10__MRS__1",Lactobaciulus plantarum,10,MRS,1,"Zwietering, M.H., De Wit, J.C., Cuppers, H.G.A.M. and Van't Riet, K., 1994. Modeling of bacterial growth with shifts in temperature. Appl. Environ. Microbiol., 60(1), pp.204-213.",N,gompertz,1982.6514416939945,1991.7032812044392,73125429.38646036
"Zwietering, M.H., De Wit, J.C., Cuppers, H.G.A.M. and Van't Riet, K., 1994. Modeling of bacterial growth with shifts in temperature. Appl. Environ. Microbiol., 60(1), pp.204-213.__Lactobaciulus plantarum__15__MRS__1",Lactobaciulus plantarum,15,MRS,1,"Zwietering, M.H., De Wit, J.C., Cuppers, H.G.A.M. and Van't Riet, K., 1994. Modeling of bacterial growth with shifts in temperature. Appl. Environ. Microbiol., 60(1), pp.204-213.",N,logistic,1363.141863769987,1370.5738742134213,438733817.21692497
"Zwietering, M.H., De Wit, J.C., Cuppers, H.G.A.M. and Van't Riet, K., 1994. Modeling of bacterial growth with shifts in temperature. Appl. Environ. Microbiol., 60(1), pp.204-213.__Lactobaciulus plantarum__20__MRS__1",Lactobaciulus plantarum,20,MRS,1,"Zwietering, M.H., De Wit, J.C., Cuppers, H.G.A.M. and Van't Riet, K., 1994. Modeling of bacterial growth with shifts in temperature. Appl. Environ. Microbiol., 60(1), pp.204-213.",N,logistic,1606.9855224316557,1615.031916113028,296059572.24983907
"Zwietering, M.H., De Wit, J.C., Cuppers, H.G.A.M. and Van't Riet, K., 1994. Modeling of bacterial growth with shifts in temperature. Appl. Environ. Microbiol., 60(1), pp.204-213.__Lactobaciulus plantarum__25__MRS__1",Lactobaciulus plantarum,25,MRS,1,"Zwietering, M.H., De Wit, J.C., Cuppers, H.G.A.M. and Van't Riet, K., 1994. Modeling of bacterial growth with shifts in temperature. Appl. Environ. Microbiol., 60(1), pp.204-213.",N,gompertz,1402.9681725930448,1410.4340817022412,583705989.8008778
